shot_aerial_won,shot_first_time,under_pressure,shot_open_goal,shot_follows_dribble,goal,shot_technique_Backheel,shot_technique_Diving Header,shot_technique_Half Volley,shot_technique_Lob,shot_technique_Normal,shot_technique_Overhead Kick,shot_technique_Volley,shot_type_Corner,shot_type_Free Kick,shot_type_Open Play,shot_type_Penalty,distance,angle,shooting,body_part_rating
0,1,0,0,0,0,0,0,0,0,1,0,0,0,0,1,0,0.3819532527049908,0.10992674009532954,0.8758949880668256,0.5943204868154158
0,0,1,0,0,0,0,0,0,0,1,0,0,0,0,1,0,0.4149130024104527,0.09763604073747735,0.8854415274463008,1.0
0,0,1,0,0,0,0,0,0,0,1,0,0,0,0,1,0,0.5261418263319803,0.07038332745104188,0.9140811455847255,1.0
0,0,0,0,0,0,0,0,0,0,1,0,0,0,0,1,0,0.3857188084880677,0.09297361370615939,0.9164677804295942,1.0
0,0,0,0,0,0,0,0,0,0,1,0,0,0,0,1,0,0.3147390430543506,0.09127829258249823,0.8353221957040573,1.0
0,0,0,0,0,0,0,0,0,0,1,0,0,0,0,1,0,0.09948005805745175,0.2858347856585678,0.8186157517899761,1.0
0,0,0,0,0,0,0,0,1,0,0,0,0,0,0,1,0,0.3416474454281103,0.08749312558564569,0.8758949880668256,1.0
0,0,0,0,0,0,0,0,0,0,1,0,0,0,0,1,0,0.4920366495725434,0.0864877454194667,0.5059665871121717,1.0
0,1,0,0,0,0,0,0,0,0,1,0,0,0,0,1,0,0.42390089840629314,0.0968082185916943,0.8186157517899761,1.0
0,1,0,0,0,0,0,0,0,0,1,0,0,0,0,1,0,0.4027802204315589,0.09505153658911619,0.8854415274463008,1.0
1,0,1,0,0,0,0,0,0,0,1,0,0,0,0,1,0,0.1580703823595956,0.2325889017493166,0.8854415274463008,0.1359026369168357
0,0,0,0,0,0,0,0,0,0,1,0,0,0,0,1,0,0.4832403017176519,0.0863380783232776,0.6157517899761338,1.0
0,0,0,0,0,0,0,0,0,0,1,0,0,0,0,1,0,0.3408765397136215,0.12317361005252177,0.8186157517899761,1.0
0,1,0,0,0,0,0,0,0,0,0,0,1,0,0,1,0,0.24885274359143394,0.13687640135057433,0.8186157517899761,1.0
0,0,0,0,0,0,0,0,0,0,1,0,0,0,1,0,0,0.3760109571972551,0.11025359539997144,0.9140811455847255,1.0
0,0,0,0,0,0,0,0,0,0,1,0,0,0,0,1,0,0.5466156160610689,0.07826043582045637,0.7804295942720763,1.0
0,0,0,0,0,1,0,0,0,0,1,0,0,0,0,1,0,0.11074208753168312,0.3202705425369188,0.5059665871121717,0.14198782961460446
0,0,0,0,0,0,0,0,0,0,1,0,0,0,0,1,0,0.3704633573388415,0.09902205556366095,0.9307875894988065,1.0
0,1,1,0,0,0,0,0,0,0,0,0,1,0,0,1,0,0.1463217537194719,0.1978206812730664,0.9140811455847255,1.0
0,0,0,0,0,0,0,0,0,0,1,0,0,0,0,1,0,0.4256840260520196,0.07079813454234499,0.8353221957040573,1.0
0,0,1,0,0,0,0,0,0,0,1,0,0,0,0,1,0,0.32495033841374754,0.10701084023703396,0.9307875894988065,1.0
0,1,1,0,0,0,0,0,0,0,1,0,0,0,0,1,0,0.17267870652080877,0.20318238533735797,0.9164677804295942,0.797160243407708
0,0,1,0,0,0,0,0,0,0,1,0,0,0,0,1,0,0.35269879737793697,0.11708794451675605,0.8854415274463008,1.0
0,0,0,0,0,0,0,0,0,0,1,0,0,0,0,1,0,0.3558803411160884,0.11792736290574482,0.8186157517899761,1.0
0,1,0,0,0,0,0,0,0,0,1,0,0,0,0,1,0,0.3243314939927978,0.11411407763486903,0.8353221957040573,1.0
0,1,0,0,0,0,0,0,0,0,1,0,0,0,0,1,0,0.38488674711580406,0.10676611059247997,0.7804295942720763,1.0
0,0,0,0,0,0,0,0,0,0,1,0,0,0,1,0,0,0.3276132431240437,0.12765039683400123,0.9307875894988065,1.0
0,0,1,0,0,0,0,0,0,0,1,0,0,0,0,1,0,0.18520026321896582,0.21488603554030353,0.8758949880668256,1.0
0,0,0,0,0,0,0,0,0,0,1,0,0,0,0,1,0,0.2560947051968585,0.15096785682632474,0.9307875894988065,1.0
0,0,0,0,0,0,0,0,0,0,1,0,0,0,0,1,0,0.08743058865510613,0.3445962399325312,0.8353221957040573,0.09736308316430023
0,1,1,0,0,0,0,0,0,0,1,0,0,0,0,1,0,0.14644786764806209,0.2610873449205084,0.8758949880668256,1.0
0,0,0,0,0,0,0,0,0,0,1,0,0,0,0,1,0,0.28334912088149594,0.13631269729484724,0.8424821002386635,0.5943204868154158
0,0,0,0,0,0,0,0,0,0,1,0,0,0,0,1,0,0.5186904209904781,0.07562285745195406,0.6157517899761338,1.0
0,0,0,0,0,0,0,0,0,0,1,0,0,0,0,1,0,0.3895318787515454,0.09165665170524909,0.7875894988066825,0.3914807302231238
0,0,0,0,0,1,0,0,0,0,1,0,0,0,0,0,1,0.16640905765006092,0.23600580037868846,0.928400954653938,1.0
0,0,0,0,0,0,0,0,0,0,1,0,0,0,0,1,0,0.16941172282395495,0.22511583120362738,0.928400954653938,0.16024340770791076
0,1,0,0,0,0,0,0,0,0,0,0,1,0,0,1,0,0.14693655115812268,0.22417527772158674,0.3556085918854415,1.0
0,1,0,0,0,0,0,0,0,1,0,0,0,0,0,1,0,0.26691514606713135,0.10556265195415827,0.7971360381861574,0.5943204868154158
0,0,0,0,0,0,0,0,0,0,1,0,0,0,0,1,0,0.33324144959190705,0.08238038916696654,0.8305489260143197,1.0
0,0,0,0,0,0,0,0,0,0,1,0,0,0,0,1,0,0.424055886367558,0.09876273937118069,0.5823389021479712,1.0
0,1,0,0,0,1,0,0,0,0,1,0,0,0,0,1,0,0.21164690829675747,0.18756266880995648,0.8758949880668256,1.0
0,1,0,0,0,0,0,0,0,0,1,0,0,0,0,1,0,0.34237993288643637,0.12267581106678681,0.8758949880668256,1.0
0,0,0,0,0,0,0,0,0,0,1,0,0,0,0,1,0,0.10821864744561206,0.23060525817992072,0.486873508353222,0.11156186612576068
1,0,1,0,0,0,0,0,0,0,1,0,0,0,0,1,0,0.1761964053330247,0.22140028779306156,0.7780429594272076,0.15618661257606492
0,0,0,0,0,0,0,0,0,0,1,0,0,0,0,1,0,0.39586535152989355,0.0920108947832085,0.8019093078758948,1.0
1,0,1,0,0,0,0,0,0,0,1,0,0,0,0,1,0,0.1215885220085444,0.2773122724681524,0.7780429594272076,0.15618661257606492
0,1,0,0,0,0,0,0,0,0,1,0,0,0,0,1,0,0.42411025512092254,0.093675001081991,0.5823389021479712,1.0
0,0,0,0,0,0,0,0,0,0,1,0,0,0,0,1,0,0.4356681824475751,0.09737794929251847,0.60381861575179,0.5943204868154158
0,0,0,0,0,0,0,0,0,0,1,0,0,0,0,1,0,0.453106531493345,0.08017646931857987,0.8019093078758948,1.0
0,0,0,0,0,0,0,0,0,0,1,0,0,0,0,1,0,0.08321770877684355,0.36388269132544854,0.7875894988066825,0.1257606490872211
0,0,1,0,0,0,0,0,0,0,1,0,0,0,0,1,0,0.35973320035127,0.11696069785192145,0.7326968973747017,1.0
0,1,0,0,0,0,0,0,1,0,0,0,0,0,0,1,0,0.3091462254013676,0.1300388580323456,0.8019093078758948,0.5943204868154158
0,0,0,0,0,0,0,0,0,0,1,0,0,0,0,1,0,0.36603656809077023,0.0863341265086363,0.7971360381861574,1.0
0,0,0,0,0,0,0,0,0,0,1,0,0,0,0,1,0,0.2516638699317751,0.1598838245018577,0.6157517899761338,0.1237322515212982
0,1,0,0,0,0,0,0,1,0,0,0,0,0,0,1,0,0.3935694015466673,0.10123625769815761,0.5823389021479712,1.0
0,0,0,0,0,0,0,0,0,0,1,0,0,0,0,1,0,0.41145898694992367,0.10132239406416035,0.7326968973747017,1.0
0,0,0,0,0,0,0,0,0,0,1,0,0,0,0,1,0,0.3482785853610403,0.07975973279481693,0.7326968973747017,1.0
0,0,0,0,0,0,0,0,0,0,1,0,0,0,0,1,0,0.23756413139965565,0.14496818425843022,0.7661097852028638,1.0
0,0,1,0,0,0,0,0,0,0,1,0,0,0,0,1,0,0.2779548133177763,0.10086343154429055,0.5799522673031026,1.0
0,0,0,0,0,0,0,0,0,0,1,0,0,0,0,1,0,0.24498823060288222,0.057404223649892026,0.8758949880668256,1.0
0,0,0,0,0,0,0,1,0,0,0,0,0,0,0,1,0,0.21619053705364386,0.1798908266800798,0.5155131264916468,0.10750507099391482
0,0,0,0,0,0,0,0,0,0,1,0,0,0,0,1,0,0.3496171646253198,0.1089207082077424,0.8615751789976134,1.0
0,0,0,0,0,0,0,0,0,0,1,0,0,0,0,1,0,0.4413947358698345,0.0830258723452086,0.8066825775656323,
0,1,0,0,0,0,0,0,0,0,1,0,0,0,0,1,0,0.2225561071533177,0.1455091408657488,0.8615751789976134,1.0
0,0,0,0,0,0,0,0,0,0,1,0,0,0,0,1,0,0.3588527697226244,0.06361994987438904,0.935560859188544,1.0
0,0,0,0,0,0,0,0,0,0,1,0,0,0,0,1,0,0.3751091893451075,0.08544924811646311,0.935560859188544,1.0
0,0,0,0,0,0,0,0,0,0,1,0,0,0,0,1,0,0.2540061810248075,0.10951273765128948,0.935560859188544,1.0
0,0,0,0,0,1,0,0,0,0,1,0,0,0,0,1,0,0.35783257500344806,0.09442262530628313,0.8353221957040573,1.0
1,0,1,0,0,0,0,0,0,0,1,0,0,0,0,1,0,0.1550143594274464,0.20904487674867184,0.9188544152744629,0.1359026369168357
0,1,0,0,0,1,0,0,0,0,1,0,0,0,0,1,0,0.23040680544988953,0.09838825098997427,0.928400954653938,1.0
0,0,0,0,0,0,0,0,1,0,0,0,0,0,0,1,0,0.4759802494429491,0.07983787723027286,0.7923627684964201,1.0
0,0,0,0,0,0,0,0,0,0,1,0,0,0,0,1,0,0.2489478370582628,0.1629403877425617,1.0,1.0
0,1,0,0,0,0,0,0,0,0,1,0,0,0,0,1,0,0.11810489883772872,0.3050910406514843,0.809069212410501,1.0
0,0,0,0,0,0,0,0,0,0,1,0,0,0,0,1,0,0.20652474690163794,0.18862289103828658,1.0,0.1237322515212982
0,0,0,0,0,0,0,0,0,0,1,0,0,0,0,1,0,0.22072236994679478,0.09576843794144442,0.809069212410501,1.0
0,0,0,0,0,0,0,0,0,0,1,0,0,0,0,1,0,0.13090998963069936,0.27233205927007426,0.8758949880668256,1.0
0,0,0,0,0,0,0,0,0,0,1,0,0,0,0,1,0,0.15404000524252592,0.2520457248527648,0.9140811455847255,0.15618661257606492
0,0,0,0,0,0,0,0,0,0,1,0,0,0,0,1,0,0.5082153843639415,0.06571843039837386,0.7923627684964201,1.0
0,0,1,0,0,0,0,0,0,0,1,0,0,0,0,1,0,0.2580272061206808,0.1562240789547341,0.8758949880668256,1.0
0,0,0,0,0,0,0,0,0,0,1,0,0,0,0,1,0,0.39951294772781903,0.08116737447553232,0.7470167064439142,1.0
1,0,1,0,0,0,0,0,0,0,1,0,0,0,0,1,0,0.16061715409663754,0.23816890413244193,0.9140811455847255,0.15618661257606492
0,0,0,0,0,0,0,0,0,0,1,0,0,0,0,1,0,0.38223585808399607,0.10937006191739101,0.8353221957040573,1.0
0,1,0,0,0,1,0,0,0,0,1,0,0,0,0,1,0,0.33137096792250137,0.10802837690417173,0.9188544152744629,0.797160243407708
0,1,1,0,0,0,0,0,0,1,0,0,0,0,0,1,0,0.21393003318953657,0.13833824780763082,0.8758949880668256,0.5943204868154158
0,1,0,0,0,0,0,0,0,0,1,0,0,0,0,1,0,0.25725585646186483,0.147300152134005,0.9140811455847255,1.0
1,0,1,0,0,0,0,0,0,0,1,0,0,0,0,1,0,0.15170119055167497,0.25116673887225416,0.9140811455847255,0.15618661257606492
0,1,1,0,0,0,0,0,0,0,1,0,0,0,0,1,0,0.20207005590495836,0.18973680462249867,0.9188544152744629,0.797160243407708
0,0,0,0,0,0,0,0,0,0,1,0,0,0,0,1,0,0.4839128907109861,0.0845234144193348,0.8066825775656323,
0,1,1,0,0,0,0,0,0,0,1,0,0,0,0,1,0,0.25000964404148895,0.12303370898566582,0.5918854415274462,1.0
0,1,0,0,0,0,0,0,0,0,1,0,0,0,0,1,0,0.35493263024841293,0.1011492796626682,0.809069212410501,1.0
1,0,1,0,0,0,0,0,0,0,1,0,0,0,0,1,0,0.15971529834307172,0.21687910993390083,0.9045346062052504,0.15010141987829617
0,1,0,0,0,0,0,0,0,0,1,0,0,0,0,1,0,0.24768163472196092,0.15319250687353891,0.928400954653938,1.0
0,0,0,0,0,0,0,0,0,0,1,0,0,0,1,0,0,0.4094388746796655,0.07594467001731818,0.9045346062052504,1.0
0,0,0,0,0,0,0,0,0,0,1,0,0,0,0,1,0,0.15408956479756838,0.25029506347917413,0.7947494033412885,0.1257606490872211
0,0,0,0,0,0,0,0,0,0,1,0,0,0,0,1,0,0.36913229601206526,0.11323464265921561,0.809069212410501,1.0
0,1,0,0,0,0,0,0,1,0,0,0,0,0,0,1,0,0.4429220387659044,0.09314479392693592,0.9045346062052504,1.0
0,0,0,0,0,1,0,0,0,0,1,0,0,0,0,1,0,0.09410322021158064,0.37105095907505037,0.928400954653938,0.16024340770791076
0,0,0,0,0,0,0,0,0,0,1,0,0,0,0,1,0,0.35389186178596577,0.11261549026709841,0.9045346062052504,0.5943204868154158
0,0,0,0,0,0,0,0,0,0,1,0,0,0,0,1,0,0.3434608618097069,0.10908335723573125,0.9045346062052504,1.0
0,0,0,0,0,0,0,0,0,0,1,0,0,0,0,1,0,0.32978137484439257,0.10463818844807828,0.9140811455847255,1.0
0,0,0,0,0,0,0,0,0,0,1,0,0,0,0,1,0,0.10927473868774126,0.32347121017718977,0.3556085918854415,0.15618661257606492
0,0,0,0,0,0,0,0,0,0,1,0,0,0,0,1,0,0.15600413540671726,0.14359810243674007,0.9140811455847255,0.11764705882352942
0,0,0,1,0,1,0,0,1,0,0,0,0,0,0,1,0,0.09283091730812044,0.35453593432637687,0.3556085918854415,1.0
0,0,0,0,0,1,0,0,0,0,1,0,0,0,0,1,0,0.16369079109819734,0.1639904312683546,0.809069212410501,1.0
0,0,0,0,0,0,0,0,0,0,1,0,0,0,0,1,0,0.37046335733884156,0.09195877686406528,0.35083532219570407,0.797160243407708
0,0,0,0,0,0,0,0,0,0,1,0,0,0,0,1,0,0.3735698353823071,0.0874423592215316,0.809069212410501,1.0
0,0,0,0,0,0,0,0,0,0,1,0,0,0,0,1,0,0.2510222848480058,0.08242268852630587,0.9140811455847255,1.0
0,0,0,0,0,0,0,0,0,0,1,0,0,0,0,1,0,0.23798021485151194,0.12371301811440132,0.8520286396181382,1.0
0,0,0,0,0,0,0,0,0,0,1,0,0,0,0,1,0,0.3098161357003842,0.1169502031007291,0.8377088305489258,1.0
0,0,0,0,0,0,0,0,0,0,1,0,0,0,0,1,0,0.3703053605886665,0.11214072253663597,0.8758949880668256,1.0
0,0,0,0,0,0,0,0,0,0,1,0,0,0,0,1,0,0.08439660787381024,0.3944863939372386,0.6587112171837708,0.08519269776876269
0,0,0,0,0,0,0,0,0,0,1,0,0,0,0,1,0,0.47920241859287993,0.08557672927806854,0.6085918854415275,
0,0,0,0,0,0,0,0,0,0,1,0,0,0,0,1,0,0.40503710083292055,0.1043547947758259,0.8758949880668256,1.0
0,0,0,0,0,0,0,0,0,0,1,0,0,0,0,1,0,0.16210999776343457,0.23001907067750685,0.8377088305489258,0.13793103448275862
0,1,0,0,0,1,0,0,0,0,1,0,0,0,0,1,0,0.2684873259594908,0.11258394872988839,0.809069212410501,1.0
0,1,0,0,0,0,0,0,0,0,1,0,0,0,0,1,0,0.186451010289914,0.18974424324327233,0.8758949880668256,1.0
0,0,0,0,0,0,0,0,0,0,1,0,0,0,0,1,0,0.48648714173479973,0.08654970622997543,0.5441527446300716,1.0
0,0,0,0,0,0,0,0,0,0,1,0,0,0,0,1,0,0.4300394733951407,0.09782855179708153,0.7661097852028638,1.0
0,0,0,0,0,0,0,0,0,0,1,0,0,0,0,1,0,0.3342310592000917,0.09773583513078793,0.8758949880668256,1.0
0,0,0,0,0,0,0,0,0,0,1,0,0,0,0,1,0,0.44451179294019394,0.08972448936283911,0.8042959427207637,1.0
0,1,0,0,0,0,0,0,1,0,0,0,0,0,0,1,0,0.07611142214763517,0.34107974352324183,0.8042959427207637,1.0
0,0,0,0,0,0,0,0,0,0,1,0,0,0,0,1,0,0.3968868105046027,0.08298432139298252,0.8520286396181382,1.0
0,0,0,0,0,1,0,1,0,0,0,0,0,0,0,1,0,0.17976702351775192,0.20170749282724643,0.928400954653938,0.16024340770791076
0,0,0,0,0,0,0,0,0,0,1,0,0,0,0,1,0,0.27631904290784637,0.09886296328946824,0.8353221957040573,1.0
0,0,0,0,0,0,0,0,0,0,1,0,0,0,0,1,0,0.24731287941853264,0.11323722226094868,0.5155131264916468,1.0
1,0,1,0,0,0,0,0,0,0,1,0,0,0,0,1,0,0.1189575095706802,0.2463922517977603,0.928400954653938,0.16024340770791076
0,1,0,0,0,0,0,0,0,0,0,0,1,0,0,1,0,0.15974269599305468,0.19685798725616185,0.8758949880668256,1.0
0,0,0,0,0,0,0,0,0,0,1,0,0,0,0,1,0,0.4460546399696659,0.09528432805131053,0.6085918854415275,
0,0,1,0,0,0,0,0,1,0,0,0,0,0,0,1,0,0.26013289356078423,0.10381588071543386,0.6587112171837708,1.0
0,1,0,0,0,0,0,0,0,0,1,0,0,0,0,1,0,0.2721679474415426,0.11607061819102238,0.6324582338902147,0.3914807302231238
0,0,0,0,0,0,0,0,0,0,1,0,0,0,0,1,0,0.23160204681473406,0.16163467005100726,0.8758949880668256,1.0
0,0,0,0,0,0,0,0,0,0,1,0,0,0,0,1,0,0.34119851235553966,0.12097665386728915,0.503579952267303,0.5943204868154158
0,0,0,0,0,0,0,0,0,0,1,0,0,0,0,1,0,0.2249443545518015,0.13724927600550588,0.503579952267303,1.0
0,1,0,0,0,1,0,0,0,0,1,0,0,0,0,1,0,0.09259694759716121,0.3382682624040517,0.8758949880668256,1.0
0,0,1,0,0,0,0,0,0,0,1,0,0,0,0,1,0,0.22785593741887583,0.148938463812031,0.8782816229116945,0.797160243407708
0,1,0,0,0,0,0,0,0,0,1,0,0,0,0,1,0,0.2101331607438737,0.1636208852644234,0.8186157517899761,1.0
1,0,1,0,0,0,0,0,0,0,1,0,0,0,0,1,0,0.08456559659578296,0.4005555191034813,0.9140811455847255,0.11764705882352942
0,0,0,0,0,0,0,0,0,0,1,0,0,0,0,1,0,0.11367286306578415,0.30721665574811313,0.9140811455847255,1.0
0,0,0,0,0,0,0,0,0,0,1,0,0,0,0,1,0,0.26034561182155225,0.08765659335331641,0.8782816229116945,1.0
0,0,0,0,0,0,0,0,0,0,1,0,0,0,0,1,0,0.2951166136243494,0.09693911197473859,0.9140811455847255,1.0
0,1,0,0,0,0,0,0,0,0,1,0,0,0,0,1,0,0.2812354807012846,0.09177948845170789,0.8878281622911692,1.0
1,0,1,0,0,0,0,0,0,0,1,0,0,0,0,1,0,0.152667781198991,0.2537699965775241,0.34367541766109794,0.13793103448275862
1,0,1,0,0,0,0,0,0,0,1,0,0,0,0,1,0,0.1594959615974197,0.2391418354653787,0.928400954653938,0.16024340770791076
0,1,1,0,0,0,0,0,0,0,0,0,1,0,0,1,0,0.14252916277044084,0.16482267295890535,0.8878281622911692,1.0
0,0,0,0,0,0,0,0,0,0,1,0,0,0,0,1,0,0.3219191667443693,0.10833254207483858,0.5990453460620524,0.5943204868154158
1,0,1,0,0,0,0,0,0,0,1,0,0,0,0,1,0,0.16217079965788553,0.2393405332741502,0.928400954653938,0.16024340770791076
1,0,1,0,0,0,0,0,0,0,1,0,0,0,0,1,0,0.14678862186446706,0.26192418186316874,0.8782816229116945,0.15821501014198783
0,1,1,0,0,0,0,0,0,0,1,0,0,0,0,1,0,0.08145325789398897,0.4087855129891084,0.8782816229116945,1.0
0,0,0,0,0,0,0,0,1,0,0,0,0,0,0,1,0,0.25156078243865443,0.07721258638923283,0.8830548926014319,1.0
0,0,0,0,0,0,0,0,0,0,1,0,0,0,0,1,0,0.30934881705385425,0.11054967316986954,0.8830548926014319,0.797160243407708
1,0,1,0,0,0,0,0,0,0,1,0,0,0,0,1,0,0.17687097805854257,0.22284176920335824,0.8782816229116945,0.15821501014198783
0,0,0,0,0,0,0,0,0,0,1,0,0,0,0,1,0,0.3090282954687516,0.07656338010441897,0.8186157517899761,1.0
0,0,0,0,0,0,0,0,0,0,1,0,0,0,0,1,0,0.42048266509788146,0.09486534301876443,0.8830548926014319,1.0
0,1,0,0,0,0,0,0,1,0,0,0,0,0,0,1,0,0.15341572105290827,0.21460663727024842,0.928400954653938,0.5943204868154158
0,1,0,0,0,0,0,0,0,0,0,0,1,0,0,1,0,0.311038279082317,0.11970364088727221,0.928400954653938,1.0
0,0,0,0,0,0,0,0,0,0,1,0,0,0,0,1,0,0.1299214943384627,0.23376048644519615,0.9140811455847255,0.5943204868154158
0,0,0,0,0,0,0,0,0,0,1,0,0,0,0,1,0,0.403054431796397,0.10494907403429435,0.8186157517899761,1.0
0,1,1,0,0,0,0,0,0,0,0,0,1,0,0,1,0,0.4650294075114459,0.08975499043254702,0.5560859188544152,0.5943204868154158
0,1,0,0,0,0,0,0,0,0,1,0,0,0,0,1,0,0.275678590792016,0.13148518715843904,0.8758949880668256,1.0
0,1,0,0,0,0,0,0,1,0,0,0,0,0,0,1,0,0.28284418133151334,0.1416091080649616,0.5155131264916468,1.0
0,0,0,0,0,0,0,0,0,0,1,0,0,0,0,1,0,0.12693136071998837,0.2947126566821946,0.928400954653938,1.0
0,0,0,0,0,0,0,0,0,0,1,0,0,0,0,1,0,0.34279400830157675,0.11548355059416507,0.8878281622911692,0.797160243407708
0,0,0,0,0,0,0,0,0,0,1,0,0,0,0,1,0,0.3825122556588524,0.09694125678309423,0.8758949880668256,1.0
0,1,0,0,0,0,0,0,0,0,1,0,0,0,0,1,0,0.42814462874051157,0.09897562919375615,0.8782816229116945,0.797160243407708
1,0,1,0,0,0,0,0,0,0,1,0,0,0,0,1,0,0.14483804348824197,0.26531248982342426,0.34128878281622904,0.16024340770791076
0,0,0,0,0,0,0,0,0,0,1,0,0,0,0,1,0,0.266444321983441,0.09496364387636771,0.8186157517899761,0.797160243407708
0,0,0,0,0,0,0,0,0,0,1,0,0,0,0,1,0,0.44325553798752443,0.08299134863734246,0.8758949880668256,1.0
1,0,1,0,0,0,0,0,0,0,1,0,0,0,0,1,0,0.11867092529049271,0.31160755525330525,0.5202863961813842,0.14198782961460446
0,0,1,0,0,0,0,0,0,0,1,0,0,0,0,1,0,0.31087705809041744,0.1328237357892208,0.7661097852028638,1.0
0,0,0,0,0,0,0,0,0,0,1,0,0,0,0,1,0,0.31547710233996873,0.11072354928874302,0.8520286396181382,0.3914807302231238
0,1,0,0,0,0,0,0,0,0,1,0,0,0,0,1,0,0.4213698284065929,0.09654189221668731,0.8830548926014319,1.0
0,0,0,0,0,0,0,0,0,0,1,0,0,0,0,1,0,0.4289438700427326,0.09533142584480712,0.7661097852028638,0.797160243407708
1,0,1,0,0,0,0,0,0,0,1,0,0,0,0,1,0,0.12183393943023625,0.28807481832683,0.5202863961813842,0.14198782961460446
0,0,0,0,0,0,0,0,0,0,1,0,0,0,0,1,0,0.17168156755749825,0.19555189181455845,0.928400954653938,0.16024340770791076
0,0,0,0,0,0,0,0,0,0,1,0,0,0,0,1,0,0.4094135623193722,0.08262435726066526,0.7828162291169449,1.0
1,0,1,0,0,0,0,0,0,0,1,0,0,0,0,1,0,0.1447106522439363,0.26214814248122853,0.928400954653938,0.16024340770791076
0,1,1,0,0,0,0,0,0,0,0,0,1,0,0,1,0,0.19304594779516976,0.17609632888349952,0.5918854415274462,0.5943204868154158
0,1,0,0,0,1,0,0,1,0,0,0,0,0,0,1,0,0.47547684730467094,0.08165187828539788,0.5178997613365155,1.0
0,0,0,0,0,0,0,0,0,0,1,0,0,0,0,1,0,0.32970863111441967,0.12459243986757454,0.6491646778042959,0.5943204868154158
0,0,1,0,0,0,0,0,0,0,1,0,0,0,0,1,0,0.3610467983950513,0.10940694451443225,0.6491646778042959,1.0
0,1,0,0,0,0,0,0,0,0,1,0,0,0,0,1,0,0.276323143816425,0.12120744261978124,0.6610978520286397,1.0
0,0,1,0,0,0,0,0,0,0,1,0,0,0,0,1,0,0.28264758401891743,0.11476782570044566,0.8353221957040573,0.5943204868154158
0,0,0,0,0,0,0,0,0,0,1,0,0,0,0,1,0,0.17897925541092977,0.16779264836506216,0.8353221957040573,0.09736308316430023
0,0,0,0,0,0,0,0,1,0,0,0,0,0,0,1,0,0.19207794453074287,0.15652294417741397,0.8162291169451072,1.0
0,1,0,0,0,1,0,0,0,0,1,0,0,0,0,1,0,0.13029297236939663,0.2741986130080385,0.8162291169451072,1.0
0,0,0,0,0,0,0,0,0,0,1,0,0,0,0,1,0,0.380189933872677,0.11087664709492276,0.8758949880668256,1.0
1,0,1,0,0,1,0,0,0,0,1,0,0,0,0,1,0,0.04628846862870619,0.5751127913672731,0.27207637231503584,0.14198782961460446
0,0,1,0,0,0,0,0,0,0,1,0,0,0,0,1,0,0.41223641413692214,0.10273328645213564,0.7804295942720763,1.0
0,1,0,0,0,0,0,0,0,0,0,0,1,0,0,1,0,0.08292381490094877,0.35502572430325013,0.8520286396181382,1.0
0,0,0,0,0,0,0,0,0,0,1,0,0,0,0,1,0,0.1852898623145555,0.21471992293665512,0.928400954653938,0.16024340770791076
0,0,0,0,0,0,0,0,0,0,1,0,0,0,0,1,0,0.2536194425407661,0.10615520383120684,0.8162291169451072,1.0
0,1,0,0,0,0,0,0,1,0,0,0,0,0,0,1,0,0.23315782354132467,0.16456556383418358,0.36515513126491655,1.0
0,0,0,0,0,0,0,0,0,0,1,0,0,0,0,1,0,0.2447076862452922,0.1336669358721807,0.7207637231503581,0.5943204868154158
0,0,0,0,0,1,0,0,0,0,1,0,0,0,0,1,0,0.2375972541145619,0.1351233892576966,0.8162291169451072,1.0
0,0,1,0,0,0,0,0,0,0,1,0,0,0,0,1,0,0.25073463864575757,0.16175600914483299,0.7804295942720763,1.0
1,0,1,0,0,0,0,0,0,0,1,0,0,0,0,1,0,0.10586057638079321,0.2826049223372912,0.8257756563245822,0.0
0,0,0,0,0,0,0,0,0,0,1,0,0,0,0,1,0,0.17769223601933584,0.20414354180192776,0.7875894988066825,1.0
0,1,0,0,0,0,0,0,1,0,0,0,0,0,0,1,0,0.29712838612672643,0.11651527024769376,0.675417661097852,1.0
1,0,1,0,0,0,0,0,0,0,1,0,0,0,0,1,0,0.12949932526129532,0.27452009201253336,0.17422434367541767,0.13184584178498987
0,0,0,0,0,0,0,0,0,0,1,0,0,0,1,0,0,0.36165591523922014,0.11087211810548568,0.6420047732696896,1.0
0,0,0,0,0,0,0,0,0,0,1,0,0,0,0,1,0,0.48563212022557783,0.06801619842631047,0.8257756563245822,1.0
0,1,0,0,0,0,0,0,0,0,1,0,0,0,0,1,0,0.382935491680776,0.11021033301136234,0.7971360381861574,0.797160243407708
0,0,0,0,0,0,0,0,0,0,1,0,0,0,0,1,0,0.4468305882502196,0.07077114827537279,0.675417661097852,1.0
1,0,1,0,0,0,0,0,0,0,1,0,0,0,0,1,0,0.09097856840779447,0.36829967895855636,0.34367541766109794,0.13793103448275862
0,1,0,0,0,0,0,0,0,0,0,0,1,0,0,1,0,0.29362237980600503,0.10412076715724536,0.8782816229116945,0.797160243407708
0,0,0,0,0,0,0,0,0,0,1,0,0,0,0,1,0,0.20060530562801882,0.19914136300840207,0.8830548926014319,0.12981744421906694
0,0,0,0,0,0,0,0,0,0,1,0,0,0,0,1,0,0.26211045907773517,0.12778493668059743,0.8830548926014319,0.797160243407708
0,0,0,0,0,1,0,0,0,0,1,0,0,0,0,0,1,0.1664881937978274,0.2358335359568839,0.8878281622911692,1.0
0,0,0,0,0,0,0,0,0,0,1,0,0,0,0,1,0,0.28960967548004096,0.1089657962877906,0.8878281622911692,0.797160243407708
0,0,0,0,0,0,0,0,0,0,1,0,0,0,0,1,0,0.281203217340081,0.14309322230572727,0.7589498806682577,1.0
0,0,0,0,0,0,0,0,1,0,0,0,0,0,0,1,0,0.34162735605897354,0.08802706252727635,0.9045346062052504,1.0
0,0,0,0,0,0,0,0,0,0,0,0,1,0,0,1,0,0.37600790387698146,0.1119262972836775,0.5417661097852029,1.0
0,0,0,0,0,0,0,0,0,0,1,0,0,0,0,1,0,0.1704598322579958,0.22441827046041887,0.35083532219570407,0.15212981744421905
0,0,0,0,0,0,0,0,0,0,1,0,0,0,0,1,0,0.4342357461808937,0.09637541161115387,0.9045346062052504,1.0
0,0,0,0,0,0,0,0,0,0,1,0,0,0,0,1,0,0.2729033898416244,0.10840052867653804,0.6372315035799523,1.0
0,0,0,0,0,0,0,0,0,0,1,0,0,0,0,1,0,0.22276233169903698,0.08054955225194768,0.6801909307875893,1.0
0,1,1,0,0,0,0,0,0,0,0,1,0,0,0,1,0,0.16092354357828442,0.10590125409061348,0.8305489260143197,1.0
0,0,0,0,0,0,0,0,0,0,1,0,0,0,0,1,0,0.08238268758004216,0.40425789931736866,0.6801909307875893,0.09330628803245437
0,0,0,0,0,0,0,0,1,0,0,0,0,0,0,1,0,0.36223556240766236,0.11144198537822425,0.7804295942720763,1.0
0,0,0,0,0,0,0,0,0,0,1,0,0,0,0,1,0,0.12156220097816357,0.30397271441755347,0.8758949880668256,1.0
0,0,0,0,0,0,0,0,0,0,1,0,0,0,0,1,0,0.19428392039235196,0.12225049403399545,0.6372315035799523,1.0
1,0,1,0,0,0,0,0,0,0,1,0,0,0,0,1,0,0.15077226921502976,0.20475995386610843,0.7804295942720763,0.15415821501014199
0,1,0,0,0,0,0,0,0,0,1,0,0,0,0,1,0,0.17073059483585595,0.22533261182879902,0.737470167064439,1.0
0,0,0,0,0,0,0,0,0,0,1,0,0,0,0,1,0,0.20270262506267792,0.08945015884766658,0.8758949880668256,0.5943204868154158
0,0,1,0,0,0,0,0,0,0,1,0,0,0,0,1,0,0.3055260702352923,0.12982290607607966,0.8758949880668256,1.0
0,1,0,0,0,0,0,0,0,0,0,0,1,0,0,1,0,0.028156676227568594,0.6973108704723997,0.20047732696897375,0.5943204868154158
0,0,0,0,0,0,0,0,0,0,1,0,0,0,0,0,1,0.16486556669624586,0.2378968229919624,0.8305489260143197,1.0
0,0,0,0,0,0,0,0,0,0,1,0,0,0,0,1,0,0.49334823565747693,0.08528704988368002,0.5131264916467779,1.0
0,0,1,0,0,0,0,0,0,0,1,0,0,0,0,1,0,0.3162531749558433,0.11607957252243502,0.6372315035799523,1.0
0,0,0,0,0,0,0,0,0,0,1,0,0,0,0,1,0,0.48527682079878165,0.08564869688625235,0.5131264916467779,1.0
0,1,0,0,0,0,0,0,0,0,0,0,1,0,0,1,0,0.357355098043417,0.11290263843887502,,1.0
0,0,0,0,0,0,0,0,0,0,1,0,0,0,0,1,0,0.16345624509315737,0.1335205432818402,0.5202863961813842,0.15415821501014199
0,1,1,0,0,0,0,0,1,0,0,0,0,0,0,1,0,0.4606335631800044,0.06523260345887888,0.477326968973747,1.0
0,1,0,0,0,0,0,0,0,0,0,0,1,0,0,1,0,0.3144672810915007,0.10360259250978568,0.8329355608591884,0.797160243407708
0,1,0,0,0,0,0,0,0,0,1,0,0,0,0,1,0,0.15226750614542156,0.24637821614812389,,0.5943204868154158
0,0,1,0,0,0,0,0,0,0,1,0,0,0,0,1,0,0.2934133050765356,0.12261455486289889,0.737470167064439,0.5943204868154158
1,0,1,0,0,0,0,0,0,0,1,0,0,0,0,1,0,0.20781636471330553,0.054824553093869806,0.8758949880668256,0.11561866125760652
0,0,1,0,0,0,0,0,0,0,1,0,0,0,0,1,0,0.39466362506301167,0.08506823141010306,,1.0
0,0,0,0,0,0,0,0,1,0,0,0,0,0,0,1,0,0.3076393822196484,0.13477051541268723,0.6730310262529833,0.797160243407708
0,0,0,0,0,0,0,0,0,0,1,0,0,0,0,1,0,0.43258543409503003,0.09804214506186348,0.8305489260143197,1.0
0,0,0,0,0,0,0,0,0,0,1,0,0,0,0,1,0,0.4085999487494298,0.09140768398753597,,1.0
0,1,0,0,0,0,0,0,1,0,0,0,0,0,0,1,0,0.3274005560509721,0.12726936666816618,0.6181384248210025,1.0
0,1,0,0,0,0,0,0,1,0,0,0,0,0,0,1,0,0.16516470052687646,0.1593794072232166,0.8042959427207637,0.5943204868154158
0,1,1,0,0,0,0,0,1,0,0,0,0,0,0,1,0,0.1073691304368882,0.20901570791924817,0.5178997613365155,0.5943204868154158
0,0,0,0,0,0,0,1,0,0,0,0,0,0,0,1,0,0.09238481829442698,0.278627220039375,0.5178997613365155,0.10953346855983774
0,1,0,0,0,0,0,0,1,0,0,0,0,0,0,1,0,0.4060589493000768,0.07375986815436567,,1.0
0,0,0,0,0,0,0,0,0,0,1,0,0,0,0,1,0,0.29817137130179,0.12098008874011937,0.8019093078758948,0.5943204868154158
0,0,0,0,0,0,0,0,0,0,1,0,0,0,0,1,0,0.22825428316758825,0.07916677459775842,0.7088305489260143,1.0
0,0,0,0,0,0,0,0,0,0,1,0,0,0,0,1,0,0.5284982594998702,0.0801318195962872,0.7947494033412885,1.0
0,0,0,0,0,0,0,0,0,0,1,0,0,0,0,1,0,0.5103889071796405,0.07100867080554027,0.3842482100238663,1.0
0,0,0,0,0,0,0,0,0,0,1,0,0,0,0,1,0,0.10935189447787325,0.28114378725409983,0.8377088305489258,0.16024340770791076
0,1,0,0,0,0,0,0,1,0,0,0,0,0,0,1,0,0.42731425784402927,0.0993378407382852,0.5202863961813842,1.0
1,0,1,0,0,0,0,0,0,0,1,0,0,0,0,1,0,0.12733593878688237,0.27694416739041927,0.8377088305489258,0.16024340770791076
0,0,0,1,0,1,0,0,0,0,1,0,0,0,0,1,0,0.029266525110052857,0.7999526646598705,0.8544152744630071,1.0
0,1,1,0,0,0,0,0,1,0,0,0,0,0,0,1,0,0.12392825947496817,0.29623468339023473,0.8377088305489258,0.797160243407708
0,0,0,0,0,0,0,0,0,0,1,0,0,0,0,1,0,0.1451523382764953,0.04998740935404701,0.8544152744630071,0.12170385395537527
0,0,0,0,0,0,0,0,0,0,1,0,0,0,0,1,0,0.27440993587730345,0.06763932652011707,0.9188544152744629,1.0
0,1,0,0,0,0,0,0,0,0,1,0,0,0,0,1,0,0.3287372403990909,0.12420488228795289,0.9188544152744629,1.0
0,0,0,0,0,0,0,0,0,0,1,0,0,0,0,1,0,0.4829743664122487,0.08695842272696593,,1.0
0,0,0,0,0,0,0,0,0,0,1,0,0,0,0,1,0,0.17316892837835046,0.224667587929205,0.7780429594272076,0.11967545638945236
0,0,0,0,0,0,0,0,0,0,1,0,0,0,0,1,0,0.46640973834023614,0.09094534024685949,0.5823389021479712,1.0
0,0,0,0,0,0,0,0,0,0,1,0,0,0,0,1,0,0.13358621263112214,0.26644596593780234,0.8902147971360381,0.13793103448275862
0,0,0,0,0,0,0,0,0,0,1,0,0,0,0,1,0,0.21757738161895615,0.18630427698240648,0.8520286396181382,0.15618661257606492
0,1,0,0,0,1,0,0,1,0,0,0,0,0,0,1,0,0.18015971042238074,0.18919648510847598,0.5393794749403342,1.0
0,0,0,0,0,0,0,0,0,0,1,0,0,0,0,1,0,0.21616985184175483,0.1073475739726864,0.532219570405728,0.5943204868154158
0,0,0,0,0,0,0,0,0,0,1,0,0,0,1,0,0,0.46632048444874036,0.06980364019482214,0.7971360381861574,1.0
0,1,0,0,0,0,0,0,0,0,1,0,0,0,0,1,0,0.40205669396590143,0.09874698134925868,0.8019093078758948,0.5943204868154158
0,0,0,0,0,0,0,0,1,0,0,0,0,0,0,1,0,0.19869446041606004,0.15408074649016537,0.8066825775656323,0.3914807302231238
0,1,0,0,0,0,0,0,0,0,0,0,1,0,0,1,0,0.25383288449470565,0.16159026227440906,0.8305489260143197,1.0
0,0,0,0,0,0,0,0,0,0,1,0,0,0,0,1,0,0.09787601606043256,0.27782910939081695,0.9021479713603817,0.15618661257606492
0,0,0,0,0,0,0,0,0,0,1,0,0,0,0,1,0,0.15836058251038687,0.2433679066273993,0.7780429594272076,0.15618661257606492
0,0,0,0,0,1,0,0,0,0,1,0,0,0,0,1,0,0.34728128622659116,0.09391086218792034,0.8305489260143197,1.0
0,1,1,0,0,0,0,0,1,0,0,0,0,0,0,1,0,0.39629223579802625,0.10604198894445947,0.60381861575179,0.5943204868154158
0,1,0,0,0,0,0,0,0,0,1,0,0,0,0,1,0,0.13540482264007306,0.2672242339940171,0.8257756563245822,1.0
0,0,0,0,0,0,0,0,0,0,1,0,0,0,0,1,0,0.12742008044013972,0.2871759033982242,0.8520286396181382,0.15618661257606492
1,0,1,0,0,0,0,0,0,0,1,0,0,0,0,1,0,0.12021299572813575,0.2746057193664899,0.7780429594272076,0.15618661257606492
0,1,0,0,0,0,0,0,0,0,1,0,0,0,0,1,0,0.1904777166355391,0.1989445332814805,0.7971360381861574,1.0
0,0,0,0,0,0,0,0,0,0,1,0,0,0,0,1,0,0.5070532285282763,0.07264859778805619,0.60381861575179,0.5943204868154158
0,0,0,0,0,1,0,0,0,0,1,0,0,0,0,1,0,0.29025995768879953,0.12845950743062895,0.7780429594272076,0.5943204868154158
0,0,0,0,0,1,0,0,1,0,0,0,0,0,0,1,0,0.11771716911786216,0.29049134087055223,0.6801909307875893,1.0
0,0,0,0,0,0,0,0,0,0,1,0,0,0,0,1,0,0.21619053705364374,0.11487910945318655,0.7708830548926013,1.0
0,0,1,0,0,0,0,0,0,0,1,0,0,0,0,1,0,0.37428507487355434,0.11204295082667508,0.7350835322195703,1.0
0,0,1,0,0,0,0,0,0,0,1,0,0,0,0,1,0,0.3519804423363399,0.11658769783969836,0.7780429594272076,1.0
0,0,0,0,0,0,0,0,0,0,1,0,0,0,0,1,0,0.3779389388113907,0.11127996018015765,0.7350835322195703,1.0
0,1,1,0,0,0,0,0,0,0,1,0,0,0,0,1,0,0.3788099629775739,0.10667111939420662,0.7350835322195703,1.0
1,0,1,0,0,0,0,0,0,0,1,0,0,0,0,1,0,0.1426203473887712,0.23100346101161598,0.09546539379474944,0.1257606490872211
0,0,0,0,0,0,0,0,0,0,1,0,0,0,0,1,0,0.2381313478384745,0.16780622904362627,0.7708830548926013,1.0
0,1,0,0,0,0,0,0,0,0,1,0,0,0,0,1,0,0.23149054298174818,0.16663336108900675,0.7708830548926013,1.0
0,1,0,0,0,0,1,0,0,0,0,0,0,0,0,1,0,0.15561172338897744,0.23145650307465263,0.8233890214797135,1.0
0,1,0,0,0,0,0,0,1,0,0,0,0,0,0,1,0,0.2809126883822481,0.062221163409046876,0.6801909307875893,1.0
0,0,0,0,0,0,0,0,0,0,1,0,0,0,0,1,0,0.4058888138203138,0.08624693981844367,0.7708830548926013,1.0
0,0,0,0,0,0,0,0,0,0,1,0,0,0,0,1,0,0.37666991544346823,0.10864204475625454,0.6801909307875893,1.0
0,0,0,0,0,0,0,0,0,0,1,0,0,0,0,1,0,0.18398971704281397,0.1420524320551577,0.7828162291169449,1.0
0,0,0,0,0,0,0,0,0,0,1,0,0,0,1,0,0,0.3519251258819223,0.11331176736482641,0.7350835322195703,1.0
0,1,0,0,0,1,0,0,0,0,1,0,0,0,0,1,0,0.18280801872465915,0.1370822775005673,0.8496420047732696,1.0
0,0,0,0,0,0,0,0,0,0,1,0,0,0,0,1,0,0.3643596370718972,0.1155542859933238,0.6801909307875893,1.0
0,1,1,0,0,0,0,0,0,0,1,0,0,0,0,1,0,0.271100903274389,0.09269259556687001,0.13842482100238668,1.0
0,0,0,0,0,0,0,0,0,0,1,0,0,0,0,1,0,0.18903494705597607,0.20014848469476423,0.7923627684964201,0.5943204868154158
0,0,0,0,0,0,0,0,0,0,1,0,0,0,0,1,0,0.27896847178623785,0.11460623524170561,0.6372315035799523,1.0
0,0,0,0,0,0,0,0,0,0,1,0,0,0,0,1,0,0.3011436572444293,0.13821301507047357,0.7350835322195703,1.0
0,1,0,0,0,0,0,0,0,0,1,0,0,0,0,1,0,0.30899143354083786,0.13429459602903848,0.7780429594272076,1.0
0,1,0,0,0,0,0,0,0,0,1,0,0,0,0,1,0,0.3552423541459204,0.08070444665891319,0.6372315035799523,1.0
0,0,0,0,0,0,0,0,0,0,1,0,0,0,0,1,0,0.09362924624163874,0.37083473006640266,0.7923627684964201,0.11967545638945236
0,0,0,0,0,0,0,0,0,0,1,0,0,0,0,1,0,0.3233658080314044,0.1164226120796222,0.6372315035799523,1.0
0,0,0,0,0,0,0,0,0,0,1,0,0,0,0,1,0,0.37554352107384953,0.09608034165889501,0.7350835322195703,1.0
0,1,0,0,0,0,0,0,1,0,0,0,0,0,0,1,0,0.5357344931658009,0.07872297964455961,0.8591885441527445,1.0
0,0,0,0,0,1,0,0,0,0,1,0,0,0,0,0,1,0.18028226250285684,0.22024248213678146,0.8615751789976134,1.0
0,1,0,0,0,0,0,0,1,0,0,0,0,0,0,1,0,0.38943448196898334,0.10837660078751836,0.8591885441527445,0.797160243407708
0,0,0,0,0,0,0,0,0,0,1,0,0,0,0,1,0,0.36636543247496134,0.10513006700124283,0.7804295942720763,0.5943204868154158
0,1,0,0,0,0,0,0,1,0,0,0,0,0,0,1,0,0.4017589110039926,0.09963267497425687,0.5226730310262531,1.0
0,0,0,0,0,0,0,0,0,0,1,0,0,0,1,0,0,0.5422197515469792,0.07307274543657022,0.8591885441527445,1.0
0,1,0,0,0,0,0,0,0,0,1,0,0,0,0,1,0,0.4637747281802733,0.0916427956100541,0.8615751789976134,1.0
0,0,0,0,0,0,0,0,0,0,1,0,0,0,0,1,0,0.18645101028991395,0.09138854685929343,0.7875894988066825,0.5943204868154158
0,1,0,0,0,0,0,0,0,0,0,0,1,0,0,1,0,0.11575200812842264,0.31109408496119767,0.7875894988066825,1.0
1,0,1,0,0,1,0,0,0,0,1,0,0,0,0,1,0,0.10634576241717825,0.33004855951856316,0.8711217183770883,0.14807302231237324
0,1,0,0,0,0,0,0,0,0,1,0,0,0,0,1,0,0.0672344233880148,0.4637508892353845,0.8711217183770883,1.0
0,0,0,0,0,0,0,0,0,0,1,0,0,0,0,1,0,0.48927545761673535,0.07310038527655628,0.7279236276849643,1.0
0,0,0,0,0,0,0,0,0,0,1,0,0,0,0,1,0,0.32416604294141876,0.12850935834309204,0.8615751789976134,1.0
0,1,1,0,0,0,0,0,0,0,0,0,1,0,0,1,0,0.15561172338897736,0.1253875020829097,0.4797136038186158,1.0
0,1,0,0,0,0,0,0,0,0,1,0,0,0,0,1,0,0.2559580305083806,0.13773078988978027,0.4797136038186158,1.0
0,1,0,0,0,0,0,0,1,0,0,0,0,0,0,1,0,0.3496040652033345,0.11995630504901665,0.8615751789976134,1.0
0,0,0,0,0,0,0,0,0,0,1,0,0,0,0,1,0,0.4133887593536412,0.10254856610383394,0.7136038186157518,0.5943204868154158
0,0,0,0,0,0,0,0,0,0,1,0,0,0,1,0,0,0.47527242051207724,0.041499240125466935,0.6849642004773271,1.0
1,0,1,0,0,0,0,0,0,0,1,0,0,0,0,1,0,0.15033842626564264,0.21988932147155077,0.39618138424821,0.13995943204868155
0,0,0,0,0,1,0,0,1,0,0,0,0,0,0,1,0,0.15203117852449663,0.22731910558646554,0.8615751789976134,1.0
0,0,0,0,0,0,0,0,0,0,1,0,0,0,0,1,0,0.471923732377844,0.0786403229255568,0.5226730310262531,1.0
0,1,0,0,0,0,0,0,0,0,0,0,1,0,0,1,0,0.35396953605369735,0.11631275856295221,0.8591885441527445,0.797160243407708
0,0,0,0,0,0,0,0,0,0,1,0,0,0,0,1,0,0.2730029658710297,0.07333669778404517,0.6968973747016707,1.0
0,1,0,0,0,0,0,0,0,0,1,0,0,0,0,1,0,0.3856383620886171,0.10637779616756238,0.7255369928400954,1.0
0,0,0,0,0,0,0,0,0,0,1,0,0,0,0,1,0,0.24104655646309625,0.16963892731728786,0.39618138424821,0.13995943204868155
0,0,0,0,0,0,0,0,0,0,1,0,0,0,0,1,0,0.13374734042361802,0.27204243054832045,0.5131264916467779,0.13793103448275862
0,0,0,0,0,1,0,0,0,0,1,0,0,0,0,1,0,0.14344619284204857,0.25830510152696573,0.928400954653938,0.16024340770791076
0,1,0,0,0,0,0,0,0,0,1,0,0,0,0,1,0,0.35282866613605524,0.10468652445079923,0.928400954653938,1.0
1,0,1,0,0,0,0,0,0,0,1,0,0,0,0,1,0,0.08992000107818279,0.38038723553668563,0.5202863961813842,0.14198782961460446
0,0,0,0,0,0,0,0,0,0,1,0,0,0,0,1,0,0.4257463181688904,0.09936051866506249,0.532219570405728,1.0
0,0,0,0,0,0,0,0,0,0,1,0,0,0,0,1,0,0.20765532365861508,0.18348545975338337,0.9140811455847255,1.0
0,0,0,0,0,0,0,0,0,0,1,0,0,0,0,1,0,0.3186994002431878,0.09450799855412181,0.9140811455847255,1.0
0,1,0,0,0,0,0,0,1,0,0,0,0,0,0,1,0,0.09283091730812051,0.3241072682401039,0.7637231503579953,0.3914807302231238
0,1,0,0,0,0,0,0,0,0,0,0,1,0,0,1,0,0.09778031958854971,0.3377019218548898,0.9140811455847255,0.5943204868154158
0,0,0,0,0,0,0,0,0,0,1,0,0,0,0,1,0,0.20861982438232754,0.13848302661678427,0.7875894988066825,0.3914807302231238
0,0,0,0,0,0,0,0,0,0,1,0,0,0,0,1,0,0.44623322386043973,0.09521230355969607,0.60381861575179,0.5943204868154158
1,0,1,0,0,0,0,0,0,0,1,0,0,0,0,1,0,0.17982229312950093,0.2001551337681958,0.24821002386634844,0.10953346855983774
0,1,0,0,0,0,0,0,0,0,1,0,0,0,0,1,0,0.3124273311916902,0.13336460168369782,0.5155131264916468,0.5943204868154158
0,0,0,0,0,0,0,0,0,0,1,0,0,0,1,0,0,0.373244010519852,0.10023140644509838,0.9140811455847255,1.0
0,1,0,0,0,0,0,0,0,0,0,0,1,0,0,1,0,0.16554288884935278,0.22567835018862614,0.6563245823389021,1.0
0,0,1,0,0,0,0,0,0,0,1,0,0,0,0,1,0,0.25623571630312175,0.13234239341610493,0.8830548926014319,1.0
0,1,1,0,0,1,0,0,0,0,1,0,0,0,0,1,0,0.11669277801962256,0.22912501180249373,0.928400954653938,1.0
0,1,0,0,0,1,0,0,0,0,1,0,0,0,0,1,0,0.1648988284565877,0.1971219306999582,0.928400954653938,1.0
0,0,0,0,0,0,0,0,0,0,1,0,0,0,0,1,0,0.3111737894543928,0.1261441039292819,0.5823389021479712,1.0
0,1,0,0,0,0,0,0,0,1,0,0,0,0,0,1,0,0.3611483865074159,0.11656378648014881,0.9140811455847255,1.0
0,0,0,0,0,0,0,0,0,0,1,0,0,0,0,1,0,0.14459066126141806,0.2589008182856455,0.47016706443914075,0.15415821501014199
0,0,0,0,0,0,0,0,0,0,1,0,0,0,0,1,0,0.17382901767082776,0.15230648986615572,0.6563245823389021,1.0
0,0,0,0,0,0,0,0,0,1,0,0,0,0,0,1,0,0.343380905045756,0.022197245778822754,0.9140811455847255,1.0
0,1,0,0,0,0,0,0,0,0,1,0,0,0,0,1,0,0.17370225747983412,0.21187660494550264,0.7899761336515512,1.0
0,0,1,0,0,0,0,0,0,0,1,0,0,0,0,1,0,0.4243140779147057,0.08507207085903346,0.5775656324582339,0.797160243407708
0,1,0,0,0,1,0,0,0,0,1,0,0,0,0,1,0,0.22484469757461206,0.1318129318572737,0.8377088305489258,1.0
0,0,0,0,0,0,0,0,0,0,1,0,0,0,0,1,0,0.25402394869796363,0.14305627727291848,0.8782816229116945,0.797160243407708
0,0,0,0,0,0,0,0,0,0,1,0,0,0,0,1,0,0.20973982576468186,0.16297225695155898,0.44630071599045346,1.0
0,0,0,0,0,1,0,0,0,0,1,0,0,0,0,1,0,0.20539920072956186,0.1949015774082225,0.675417661097852,0.797160243407708
0,0,0,0,0,0,0,0,0,0,1,0,0,0,0,1,0,0.47474635917805624,0.08711395622218662,0.5656324582338903,1.0
0,0,1,0,0,0,0,0,0,0,1,0,0,0,0,1,0,0.400984823697034,0.09661174446015657,0.7088305489260143,0.3914807302231238
0,0,0,0,0,0,0,0,0,0,1,0,0,0,1,0,0,0.32426109917463125,0.12518102085111463,0.8782816229116945,1.0
0,0,0,0,0,0,0,0,0,0,1,0,0,0,0,1,0,0.22554142658933224,0.142040343801488,0.8377088305489258,0.16024340770791076
0,1,0,0,0,0,0,0,1,0,0,0,0,0,0,1,0,0.11390554516349528,0.1569448275091104,0.8377088305489258,0.797160243407708
0,1,0,0,0,0,0,0,0,0,0,0,1,0,0,1,0,0.4418835067487467,0.09387211074858165,0.7088305489260143,0.3914807302231238
0,0,0,0,0,0,0,0,0,0,1,0,0,0,0,1,0,0.34610270868991505,0.06511282489365115,0.5775656324582339,1.0
0,0,1,0,0,0,0,0,0,0,1,0,0,0,0,1,0,0.3707079693754473,0.09846022450476358,0.7088305489260143,0.3914807302231238
0,0,0,0,0,0,0,0,0,0,1,0,0,0,0,1,0,0.15320948113179444,0.18248762028555493,0.8377088305489258,0.16024340770791076
0,0,1,0,0,0,0,0,0,0,1,0,0,0,0,1,0,0.47935452587334637,0.08174578849995241,0.5202863961813842,0.5943204868154158
0,1,0,0,0,0,0,0,0,0,1,0,0,0,0,1,0,0.16043306243026736,0.18396236222630066,0.8377088305489258,1.0
0,0,0,0,0,0,0,0,0,0,1,0,0,0,0,1,0,0.03161371681569973,0.708286666361848,0.3842482100238663,0.14198782961460446
0,0,0,0,0,0,0,0,0,0,1,0,0,0,0,1,0,0.2469071034358441,0.07296939217591758,0.8377088305489258,1.0
0,0,0,0,0,0,0,0,1,0,0,0,0,0,0,1,0,0.07413791337318203,0.4304534888796193,0.60381861575179,1.0
0,0,0,0,0,0,0,0,0,0,1,0,0,0,0,1,0,0.386198171873422,0.09804176062021595,0.8377088305489258,1.0
0,1,1,0,0,1,0,0,1,0,0,0,0,0,0,1,0,0.13759450109647647,0.22202253466706037,0.9069212410501193,1.0
1,0,1,0,0,0,0,0,0,0,1,0,0,0,0,1,0,0.13596118532879164,0.27530819389086647,0.9069212410501193,0.15010141987829617
0,0,0,0,0,0,0,0,0,0,1,0,0,0,0,1,0,0.4769806546891332,0.08552297121676715,0.6873508353221955,1.0
0,1,1,0,0,1,0,0,0,0,1,0,0,0,0,1,0,0.27016395551871714,0.1439863281948895,0.9069212410501193,0.5943204868154158
0,0,0,0,0,0,0,0,1,0,0,0,0,0,0,1,0,0.2534726024809825,0.12351575729887143,0.8138424821002386,1.0
0,0,0,0,0,0,0,0,0,0,1,0,0,0,0,1,0,0.47916378070554594,0.08234949799493241,0.6515513126491648,1.0
0,1,0,0,0,0,0,0,1,0,0,0,0,0,0,1,0,0.19539525531884613,0.036990152459921925,0.665871121718377,1.0
0,0,0,0,0,0,0,0,1,0,0,0,0,0,0,1,0,0.488711923798201,0.0703628465814023,0.9069212410501193,1.0
1,0,1,0,0,0,0,0,0,0,1,0,0,0,0,1,0,0.0817392399076722,0.4073913752463306,0.09546539379474944,0.1257606490872211
0,0,0,0,0,0,0,0,0,0,1,0,0,0,0,1,0,0.4186973801609685,0.09180786453946166,0.7804295942720763,1.0
0,0,1,0,0,0,0,0,0,0,1,0,0,0,0,1,0,0.30143066490578624,0.08236657055052338,0.6873508353221955,1.0
0,0,0,0,0,0,0,0,0,0,1,0,0,0,0,1,0,0.44849447091841455,0.08882726477892194,0.9069212410501193,1.0
0,1,0,0,0,1,0,0,0,0,1,0,0,0,0,1,0,0.09930178419373802,0.3536611574318689,0.8138424821002386,1.0
1,0,1,0,0,0,0,0,0,0,1,0,0,0,0,1,0,0.10787759828356366,0.3354389751108081,0.7637231503579953,0.11764705882352942
0,1,0,0,0,0,0,0,1,0,0,0,0,0,0,1,0,0.44754846972056495,0.09498847348159704,0.6515513126491648,1.0
0,1,1,0,0,0,0,0,0,0,1,0,0,0,0,1,0,0.14785805055728854,0.26086592708325496,0.7804295942720763,1.0
0,0,1,0,0,0,0,0,0,0,1,0,0,0,0,1,0,0.2915641665956502,0.0849286920688243,0.7470167064439142,0.5943204868154158
0,1,0,0,0,0,0,0,0,0,1,0,0,0,0,1,0,0.2674401810616907,0.07286657040275653,0.8138424821002386,1.0
0,0,0,0,0,0,0,0,0,0,1,0,0,0,0,1,0,0.4602620563800084,0.09210585687919576,0.9069212410501193,1.0
0,0,0,0,0,0,0,0,0,0,1,0,0,0,0,1,0,0.404118151361136,0.10479923476541247,0.8138424821002386,1.0
0,0,0,0,0,0,0,0,0,0,1,0,0,0,0,1,0,0.18645101028991398,0.05911475985016884,1.0,0.797160243407708
0,0,0,0,0,0,0,0,0,0,1,0,0,0,0,1,0,0.1862193187861375,0.18163448435217278,0.5202863961813842,0.15415821501014199
0,1,1,0,0,0,0,0,0,0,1,0,0,0,0,1,0,0.25019445864258044,0.14960878842155384,0.935560859188544,1.0
0,0,0,0,0,0,0,0,0,0,1,0,0,0,0,1,0,0.266321183707327,0.11430236280428949,1.0,1.0
0,1,0,0,0,0,0,0,0,0,0,0,1,0,0,1,0,0.15675838687239826,0.24713340888608612,0.8758949880668256,1.0
0,0,0,0,0,0,0,0,0,0,1,0,0,0,0,1,0,0.3788554338155061,0.09449765773020609,0.8305489260143197,1.0
0,0,0,0,0,0,0,0,1,0,0,0,0,0,0,1,0,0.19915842084648516,0.17708314647817452,0.7470167064439142,1.0
0,0,0,0,0,0,0,0,0,0,1,0,0,0,0,1,0,0.3555195948264403,0.10415071460652468,0.7470167064439142,1.0
0,0,0,0,0,0,0,0,0,0,1,0,0,0,0,1,0,0.441927914495784,0.0831516027391903,0.7923627684964201,1.0
0,0,0,0,0,0,0,0,0,0,1,0,0,0,0,1,0,0.3141190975681756,0.10260961309485116,0.7470167064439142,0.3914807302231238
0,0,0,0,0,0,0,0,1,0,0,0,0,0,0,1,0,0.3090061788164488,0.12955211306166295,1.0,1.0
1,0,1,0,0,0,0,0,0,0,1,0,0,0,0,1,0,0.11489668712424557,0.2980531535785539,0.5990453460620524,0.14604462474645033
0,1,0,0,0,0,0,0,1,0,0,0,0,0,0,1,0,0.12508766978548608,0.10202341518244365,0.7303102625298328,1.0
0,1,0,0,0,0,0,0,0,0,1,0,0,0,0,1,0,0.27031893192036066,0.15275455863916274,0.8758949880668256,1.0
0,0,1,0,0,0,0,0,0,0,1,0,0,0,0,1,0,0.352734515868083,0.11188390541990682,0.7875894988066825,0.3914807302231238
1,0,1,0,0,0,0,0,0,0,1,0,0,0,0,1,0,0.15163655089991193,0.24963519254405345,0.5393794749403342,0.16024340770791076
0,1,1,0,0,0,0,0,0,0,1,0,0,0,0,1,0,0.07435338530217539,0.38098465495274686,1.0,0.797160243407708
0,0,1,0,0,0,0,0,0,0,1,0,0,0,0,1,0,0.21665030366996257,0.17387799672492363,1.0,1.0
0,1,1,0,0,0,0,0,1,0,0,0,0,0,0,1,0,0.29078777947096335,0.14194946772997094,0.9188544152744629,1.0
0,0,0,0,0,0,0,0,0,0,1,0,0,0,0,1,0,0.4175702404753439,0.10132057103624406,0.6730310262529833,1.0
1,0,1,0,0,0,0,0,0,0,1,0,0,0,0,1,0,0.17977316536328353,0.21988115433538433,0.8758949880668256,0.11561866125760652
0,0,0,0,0,0,0,0,0,0,1,0,0,0,0,1,0,0.44437930739678666,0.09565575121121433,,1.0
0,0,1,0,0,0,0,0,0,0,1,0,0,0,0,1,0,0.24179227903840056,0.11614196109084439,0.7303102625298328,1.0
0,1,0,0,0,0,0,0,1,0,0,0,0,0,0,1,0,0.35092799678788633,0.11438574458422643,0.9188544152744629,1.0
1,0,1,0,0,0,0,0,0,0,1,0,0,0,0,1,0,0.13569915728612525,0.2722474439492219,0.5393794749403342,0.16024340770791076
0,1,0,0,0,0,0,0,1,0,0,0,0,0,0,1,0,0.2127782192477094,0.19018352208043013,,1.0
0,0,0,0,0,0,0,0,0,0,1,0,0,0,1,0,0,0.5152652775254526,0.06685419483882175,0.7923627684964201,1.0
0,0,0,0,0,0,0,0,0,0,1,0,0,0,0,1,0,0.38182992549857697,0.10427973495100225,0.7470167064439142,1.0
0,1,0,0,0,0,0,0,0,0,1,0,0,0,0,1,0,0.1529531052153316,0.23062999590866629,0.9140811455847255,0.797160243407708
0,1,0,0,0,0,0,0,0,0,1,0,0,0,0,1,0,0.2601328935607843,0.10381588071543377,0.8758949880668256,0.5943204868154158
0,1,0,0,0,0,0,0,0,0,1,0,0,0,0,1,0,0.399213332644819,0.08050669224567474,0.7875894988066825,1.0
0,1,0,0,0,0,0,0,0,0,1,0,0,0,0,1,0,0.23756413139965565,0.17122538282108143,0.9140811455847255,0.797160243407708
0,1,0,0,0,0,0,0,1,0,0,0,0,0,0,1,0,0.3456361567878593,0.12007712250947161,0.8591885441527445,1.0
0,0,0,0,0,0,0,0,0,0,1,0,0,0,0,1,0,0.33299789594432555,0.10597238515732064,0.7159904534606205,0.797160243407708
0,1,0,0,0,0,0,0,0,0,1,0,0,0,0,1,0,0.19474056764217637,0.20538951044925188,0.7780429594272076,1.0
0,0,0,0,0,0,0,0,0,0,1,0,0,0,0,1,0,0.1941924708837762,0.2063320652428027,0.7708830548926013,1.0
0,0,0,0,0,0,0,0,0,0,1,0,0,0,0,1,0,0.48268431084034263,0.0881173715794287,0.8591885441527445,1.0
0,0,0,0,0,0,0,0,0,0,1,0,0,0,0,1,0,0.457168261215042,0.07821896675554146,0.7326968973747017,0.5943204868154158
0,1,0,0,0,0,0,0,0,0,0,0,1,0,0,1,0,0.1668307174268413,0.16224835606987653,0.7326968973747017,1.0
0,0,1,0,0,0,0,0,0,0,1,0,0,0,0,1,0,0.25938925469097734,0.09008842289735018,0.6968973747016707,1.0
0,1,1,0,0,0,0,0,0,0,1,0,0,0,0,1,0,0.35196417365831967,0.11894884114380863,0.8210023866348448,1.0
0,1,0,0,0,0,0,0,0,0,1,0,0,0,0,1,0,0.20776806466305978,0.16207003410596874,0.9069212410501193,1.0
0,0,0,0,0,0,0,0,0,0,1,0,0,0,0,1,0,0.4295349725891308,0.0983733616409779,0.7326968973747017,0.5943204868154158
0,0,0,0,0,0,0,0,0,0,1,0,0,0,0,1,0,0.16227208960439748,0.23756312183717285,0.5131264916467779,0.13793103448275862
0,1,0,0,0,0,0,0,0,0,0,1,0,0,0,1,0,0.16260256577409402,0.18347671982187483,0.7780429594272076,1.0
0,1,1,0,0,0,0,0,0,0,1,0,0,0,0,1,0,0.40014028404249385,0.10489010481917033,0.7446300715990453,1.0
0,0,0,0,0,0,0,0,0,0,1,0,0,0,0,1,0,0.055662442480172096,0.4989234026106349,0.7780429594272076,0.12170385395537527
0,0,0,0,0,0,0,0,0,0,1,0,0,0,0,1,0,0.41409036229949336,0.0790358086630154,0.7159904534606205,1.0
0,0,0,0,0,0,0,0,0,0,1,0,0,0,0,1,0,0.3490141022882531,0.12032949382005591,0.7708830548926013,1.0
0,1,0,0,0,0,0,0,0,0,1,0,0,0,0,1,0,0.1863856884962734,0.172624429677576,0.8186157517899761,1.0
0,0,0,0,0,0,0,0,1,0,0,0,0,0,0,1,0,0.28685603097047846,0.12433824442405621,0.5131264916467779,1.0
1,0,1,0,0,0,0,0,0,0,1,0,0,0,0,1,0,0.14081720692172092,0.26724483818394296,0.3031026252983294,0.1359026369168357
0,0,0,0,0,0,0,0,0,0,1,0,0,0,0,1,0,0.39251617759515245,0.09073434933003127,0.8186157517899761,0.3914807302231238
0,0,0,0,0,0,0,0,0,0,1,0,0,0,0,1,0,0.3582518645640184,0.09326736760286966,0.8591885441527445,1.0
0,0,0,0,0,0,0,0,0,0,1,0,0,0,0,1,0,0.25172659927736457,0.09827065715834472,0.8186157517899761,1.0
0,0,0,0,0,0,0,0,0,0,1,0,0,0,0,1,0,0.07337958852759548,0.4366649610184322,0.8711217183770883,0.14807302231237324
0,1,0,0,0,0,0,0,0,0,0,0,1,0,0,1,0,0.08686644296934454,0.3920686921929403,0.7804295942720763,1.0
0,0,0,0,0,0,0,0,0,0,1,0,0,0,0,1,0,0.11389624599257815,0.32195153408227795,0.7804295942720763,0.12981744421906694
0,0,0,0,0,0,0,0,0,0,1,0,0,0,0,1,0,0.4539700524232304,0.09335224420905645,0.4295942720763723,1.0
0,0,0,0,0,0,0,0,0,0,1,0,0,0,0,1,0,0.0641939835345164,0.45904539523892957,0.8711217183770883,0.14807302231237324
0,0,0,0,0,0,0,0,0,0,1,0,0,0,0,1,0,0.33295328310887573,0.12081300962994843,0.8186157517899761,0.3914807302231238
1,0,1,0,0,0,0,0,0,0,1,0,0,0,0,1,0,0.17744995784616363,0.19865939943618136,0.5202863961813842,0.15415821501014199
0,1,0,0,0,0,1,0,0,0,0,0,0,0,0,1,0,0.0655197632023142,0.4324565446201608,0.8329355608591884,1.0
0,0,0,0,0,0,0,0,0,0,1,0,0,0,0,1,0,0.09644264682080228,0.34088492661573777,0.11933174224343679,0.13387423935091278
0,1,0,0,0,0,0,0,0,0,1,0,0,0,0,1,0,0.3458215263692867,0.12092755667542791,0.7303102625298328,1.0
0,0,0,0,0,0,0,0,0,0,1,0,0,0,0,1,0,0.5655176324940173,0.05275928589653871,0.7613365155131264,1.0
0,0,0,0,0,0,0,0,0,0,1,0,0,0,0,1,0,0.22683000944833118,0.10716335139997143,0.8305489260143197,1.0
0,1,0,0,0,0,0,0,0,0,1,0,0,0,0,1,0,0.3109100416149521,0.12752065233581172,0.7303102625298328,1.0
0,1,0,0,0,0,0,0,1,0,0,0,0,0,0,1,0,0.42635523307682593,0.08395605617440229,0.7303102625298328,1.0
0,0,0,0,0,0,0,0,0,0,1,0,0,0,0,1,0,0.3448273581394568,0.11076378397493855,0.8305489260143197,1.0
0,0,0,1,0,0,0,0,0,0,1,0,0,0,0,1,0,0.0678173775408228,0.41533668283542863,0.7899761336515512,0.13387423935091278
0,0,0,0,0,0,0,0,0,0,1,0,0,0,0,1,0,0.29923749484778,0.07318192371973678,0.7040572792362769,1.0
0,1,0,0,0,0,0,0,0,0,1,0,0,0,0,1,0,0.2848667923873457,0.1445631841457052,0.7899761336515512,1.0
0,0,0,0,0,0,0,0,0,0,1,0,0,0,1,0,0,0.5166676132176522,0.08251460274629416,0.7875894988066825,1.0
1,0,1,0,0,0,0,0,0,0,1,0,0,0,0,1,0,0.1828624355780033,0.21398694025616058,0.7899761336515512,0.13387423935091278
0,1,0,0,0,0,0,0,0,0,1,0,0,0,0,1,0,0.3890357956341575,0.10385686993248269,0.8758949880668256,1.0
0,1,0,0,0,0,0,0,0,0,1,0,0,0,0,1,0,0.34783458346730894,0.1172399486096157,0.7303102625298328,1.0
0,0,0,0,0,0,0,0,0,0,1,0,0,0,0,1,0,0.37806652656199136,0.09231939559021779,0.7422434367541766,0.797160243407708
1,0,1,0,0,0,0,0,0,0,1,0,0,0,0,1,0,0.1441925420075878,0.16646072396673378,0.5202863961813842,0.15415821501014199
1,0,1,0,0,0,0,0,0,0,1,0,0,0,0,1,0,0.16816172007300884,0.20247809210454826,0.8758949880668256,0.11561866125760652
0,0,1,0,0,0,0,0,0,0,1,0,0,0,0,1,0,0.4483708532037993,0.08273213782380612,0.7040572792362769,1.0
0,1,0,0,0,0,0,0,0,0,1,0,0,0,0,1,0,0.0960651913047886,0.31207285423535847,0.8758949880668256,0.5943204868154158
0,0,0,1,0,1,0,0,0,0,1,0,0,0,0,1,0,0.0820491264752392,0.36702052412091046,0.7804295942720763,0.797160243407708
0,1,0,0,0,0,0,0,1,0,0,0,0,0,0,1,0,0.24912887248285437,0.15934833782289423,0.7136038186157518,1.0
0,0,1,0,0,0,0,0,0,0,1,0,0,0,0,1,0,0.30222988948779017,0.10707969165475321,0.6968973747016707,1.0
0,0,1,0,0,0,0,0,0,0,1,0,0,0,0,1,0,0.22731885511650418,0.1090130109079361,0.6968973747016707,1.0
0,0,0,0,0,0,0,0,0,0,1,0,0,0,0,1,0,0.36593942040304556,0.11375658419096306,0.7613365155131264,1.0
0,1,0,0,0,0,0,0,0,0,1,0,0,0,0,1,0,0.14013945861076346,0.09314271845791737,0.39618138424821,0.5943204868154158
0,0,0,0,0,0,0,0,0,0,1,0,0,0,0,1,0,0.33110884407270275,0.11249212843625123,0.863961813842482,1.0
0,1,1,0,0,0,0,0,0,0,1,0,0,0,0,1,0,0.21915006789558072,0.09206579582556594,0.7279236276849643,0.797160243407708
0,1,0,0,0,0,0,0,0,0,1,0,0,0,0,1,0,0.3241519582655091,0.07984416668064605,0.8138424821002386,1.0
0,0,0,0,0,0,0,0,0,0,1,0,0,0,0,1,0,0.11122739014269069,0.31847355126640803,0.2673031026252984,0.15415821501014199
0,0,1,0,0,0,0,0,0,0,1,0,0,0,0,1,0,0.49102596460331366,0.049625219819788235,0.7279236276849643,0.797160243407708
0,0,0,0,0,0,0,0,0,0,1,0,0,0,0,1,0,0.42508774211108813,0.09931591812836515,0.8138424821002386,1.0
0,1,1,0,0,0,0,0,1,0,0,0,0,0,0,1,0,0.1755194344987617,0.1835273027273568,0.9188544152744629,1.0
0,0,1,0,0,0,0,0,1,0,0,0,0,0,0,1,0,0.36244755988757943,0.1081687876189459,,1.0
0,1,0,0,0,1,0,0,0,0,1,0,0,0,0,1,0,0.41922274216099625,0.10091468501398693,0.8138424821002386,1.0
0,0,0,0,0,0,0,0,0,0,1,0,0,0,0,1,0,0.32768294779085927,0.12493740260672914,0.9188544152744629,0.797160243407708
0,0,1,0,0,0,0,0,0,0,1,0,0,0,0,1,0,0.3019285326573321,0.11180854235885915,0.9188544152744629,0.797160243407708
1,0,1,0,0,0,0,0,0,0,1,0,0,0,0,1,0,0.1741392196388928,0.15892164812909962,0.8138424821002386,0.14198782961460446
1,0,1,0,0,0,0,0,0,0,1,0,0,0,0,1,0,0.12729384920096426,0.24922927017878188,0.7804295942720763,0.12981744421906694
0,0,0,0,0,0,0,0,0,0,1,0,0,0,0,1,0,0.31385408569066775,0.07303903459153144,0.8138424821002386,1.0
1,0,1,0,0,0,0,0,0,0,1,0,0,0,0,1,0,0.1366498053242797,0.2770721166694097,0.4677804295942721,0.15010141987829617
0,0,1,0,0,0,0,0,0,0,1,0,0,0,0,1,0,0.37481221920830365,0.11258975054862004,0.6968973747016707,1.0
0,0,0,0,0,0,0,0,0,0,1,0,0,0,0,1,0,0.3652712493172617,0.11458211055956748,0.7613365155131264,1.0
0,1,0,0,0,0,0,0,0,0,1,0,0,0,0,1,0,0.4053865122497856,0.08832027168360747,0.6324582338902147,1.0
0,1,0,0,0,0,0,0,0,0,1,0,0,0,0,1,0,0.3393330557449378,0.12370218534647924,0.7613365155131264,0.797160243407708
0,1,0,0,0,0,0,0,1,0,0,0,0,0,0,1,0,0.33922182659573136,0.11824706838042247,0.6324582338902147,1.0
1,0,1,0,0,0,0,0,0,0,1,0,0,0,0,1,0,0.12050514353317747,0.2991005679033155,0.7159904534606205,0.08924949290060853
0,0,1,0,0,1,0,0,0,0,1,0,0,0,0,1,0,0.2806218731574429,0.13231856391901112,0.7804295942720763,1.0
0,0,0,0,0,0,0,0,0,0,1,0,0,0,0,1,0,0.27620009137045715,0.10675485894116113,0.7159904534606205,0.797160243407708
1,0,1,0,0,0,0,0,0,0,1,0,0,0,0,1,0,0.12849271259286074,0.2480277230939218,0.2673031026252984,0.15415821501014199
0,1,1,0,0,1,0,0,0,0,0,0,1,0,0,1,0,0.06746810419415696,0.4566481065298276,0.7804295942720763,0.5943204868154158
0,0,0,0,0,0,0,0,1,0,0,0,0,0,0,1,0,0.4152127625063435,0.10100676194033927,,0.5943204868154158
0,1,0,0,0,1,0,0,0,0,1,0,0,0,0,1,0,0.35378827059404355,0.05276505836009058,0.8377088305489258,1.0
0,0,1,0,0,0,0,0,0,0,1,0,0,0,0,1,0,0.22164859779420693,0.15100589125279204,0.8424821002386635,1.0
0,0,0,0,0,0,0,0,0,0,1,0,0,0,1,0,0,0.34076915060705043,0.11926126724885973,0.7422434367541766,1.0
0,0,0,0,0,0,0,0,0,0,1,0,0,0,0,1,0,0.39373007132136156,0.06940680938055341,0.8377088305489258,0.797160243407708
0,1,0,0,0,0,0,0,0,0,0,0,1,0,0,1,0,0.16897649273575643,0.22602996415910323,0.5704057279236276,1.0
0,0,0,0,0,0,0,0,0,0,1,0,0,0,0,1,0,0.3856651793532343,0.09991918404365523,0.6992840095465394,1.0
0,1,0,0,0,0,0,0,0,0,1,0,0,0,0,1,0,0.3890210219037951,0.10780613213371448,0.5202863961813842,1.0
0,0,1,0,0,0,0,0,0,0,1,0,0,0,0,1,0,0.4584429981425517,0.09250834096413268,0.8568019093078758,1.0
0,0,1,0,0,0,0,0,0,0,1,0,0,0,0,1,0,0.342583691325939,0.0943036747569569,0.8544152744630071,0.797160243407708
0,1,0,0,0,0,0,0,1,0,0,0,0,0,0,1,0,0.24548418885783313,0.1119133637241027,0.8544152744630071,0.797160243407708
0,1,1,0,0,0,0,0,1,0,0,0,0,0,0,1,0,0.3379824560989071,0.11955583743608113,0.5202863961813842,1.0
0,0,0,0,0,0,0,0,0,0,1,0,0,0,0,1,0,0.37351452593102363,0.11204985656436897,0.7136038186157518,1.0
0,0,0,0,0,0,0,0,0,0,1,0,0,0,0,1,0,0.4497159955022683,0.08532050382967557,0.7422434367541766,1.0
0,0,1,0,0,0,0,0,0,0,1,0,0,0,0,1,0,0.34275395747821225,0.08955611722643364,0.6801909307875893,1.0
0,0,1,0,0,0,0,0,0,0,1,0,0,0,0,1,0,0.2518475355380733,0.14182093855611547,0.8019093078758948,1.0
0,1,1,0,0,1,0,0,0,0,1,0,0,0,0,1,0,0.11378460325312799,0.2895555350612709,0.7422434367541766,1.0
0,0,1,0,0,0,0,0,1,0,0,0,0,0,0,1,0,0.16596657544474366,0.11699981605065062,0.7136038186157518,0.5943204868154158
0,0,0,0,0,0,0,0,0,0,1,0,0,0,0,1,0,0.4623392644084093,0.08816083369752918,0.3842482100238663,1.0
0,0,0,0,0,0,0,0,0,0,1,0,0,0,0,1,0,0.1756010495364532,0.21976476632407943,0.3842482100238663,0.14198782961460446
0,1,0,0,0,0,0,0,0,1,0,0,0,0,0,1,0,0.29533223616006216,0.12967604001841931,0.9069212410501193,1.0
0,0,0,0,0,0,0,0,0,0,1,0,0,0,0,1,0,0.479839507490955,0.08482239515174599,0.8138424821002386,1.0
0,1,0,0,0,0,0,0,0,0,1,0,0,0,0,1,0,0.2682512131800379,0.15334812302474082,0.8830548926014319,1.0
0,1,0,0,0,0,0,0,1,0,0,0,0,0,0,1,0,0.3921205148256065,0.09130550776512097,0.665871121718377,1.0
0,1,0,0,0,0,0,0,1,0,0,0,0,0,0,1,0,0.35569679098214957,0.11527057981908553,0.7804295942720763,1.0
0,0,0,0,0,0,0,0,0,0,1,0,0,0,0,1,0,0.49282682821558926,0.08622369122070957,0.8138424821002386,1.0
0,0,1,0,0,0,0,0,1,0,0,0,0,0,0,1,0,0.4609646620420004,0.07226727563238107,0.8305489260143197,1.0
0,1,0,0,0,0,0,0,0,0,1,0,0,0,0,1,0,0.15568887584245358,0.24968137487603123,0.9069212410501193,0.5943204868154158
0,1,0,0,0,0,0,0,0,0,0,0,1,0,0,1,0,0.3844446619689017,0.08152217137752046,0.8019093078758948,1.0
0,0,0,0,0,0,0,0,0,0,1,0,0,0,0,1,0,0.22671135204431633,0.08500484599326642,0.9069212410501193,1.0
0,0,0,0,0,0,0,0,0,0,1,0,0,0,0,1,0,0.4739952543031747,0.08737698511998337,0.9069212410501193,1.0
0,1,0,0,0,0,0,0,0,0,1,0,0,0,0,1,0,0.1502804940957282,0.24783788294341877,0.8830548926014319,1.0
0,0,0,0,0,0,0,0,0,0,1,0,0,0,0,1,0,0.3464860861906281,0.09482467633506797,0.6873508353221955,1.0
0,1,0,0,0,0,0,0,0,0,0,0,1,0,0,1,0,0.1390550469194772,0.27212003007058744,0.7780429594272076,1.0
0,0,0,0,0,1,0,0,1,0,0,0,0,0,0,1,0,0.20305934957471738,0.14416557435190488,0.9069212410501193,0.5943204868154158
0,1,0,0,0,0,0,0,0,0,0,0,1,0,0,1,0,0.2383578777668618,0.16203740414489742,0.8305489260143197,1.0
0,0,0,0,0,0,0,0,0,0,1,0,0,0,0,1,0,0.2916148167729057,0.12937579005547553,0.5823389021479712,0.5943204868154158
0,0,0,0,0,0,0,0,0,0,1,0,0,0,0,1,0,0.4320304138425925,0.08978924034323241,0.8019093078758948,1.0
0,1,0,0,0,1,0,0,0,0,1,0,0,0,0,1,0,0.16103235298396307,0.24192257905408635,0.9069212410501193,1.0
0,1,0,0,0,0,0,0,0,0,0,0,1,0,0,1,0,0.2852847929657635,0.1455312656008278,0.532219570405728,1.0
0,0,0,0,0,0,0,0,1,0,0,0,0,0,0,1,0,0.3860195942435242,0.08544175646774267,0.6873508353221955,1.0
0,1,0,0,0,0,0,0,0,0,1,0,0,0,0,1,0,0.35863233723344384,0.10663624092749499,0.8830548926014319,1.0
0,0,0,0,0,0,0,0,0,0,1,0,0,0,0,1,0,0.33466163662042164,0.07618698740174826,0.6873508353221955,0.3914807302231238
0,0,0,0,0,0,0,0,0,0,0,0,1,0,0,1,0,0.2988799867145016,0.09327828446563029,0.7780429594272076,1.0
0,0,0,0,0,0,0,0,0,0,1,0,0,0,0,1,0,0.21980265902812798,0.18313979354337098,0.8830548926014319,0.3914807302231238
0,1,0,0,0,0,0,0,1,0,0,0,0,0,0,1,0,0.3013287315531978,0.11608845247378236,0.8138424821002386,1.0
0,0,0,0,0,0,0,0,0,0,1,0,0,0,0,1,0,0.14999052669941035,0.026161671994843226,0.8305489260143197,1.0
0,1,0,0,0,0,0,0,1,0,0,0,0,0,0,1,0,0.08185091420778935,0.35372064247600227,0.7780429594272076,0.5943204868154158
1,0,1,0,0,0,0,0,0,0,1,0,0,0,0,1,0,0.1305236331337699,0.28753706647694144,0.7780429594272076,0.15618661257606492
0,1,0,1,0,0,0,0,0,0,0,0,1,0,0,1,0,0.0826659265487783,0.29758195629235057,0.44630071599045346,1.0
0,0,0,0,0,0,0,0,0,0,1,0,0,0,1,0,0,0.4296960457758133,0.0640570796068817,0.9188544152744629,1.0
0,0,1,0,0,0,0,0,0,0,1,0,0,0,0,1,0,0.1617785967561822,0.23554039562511117,0.8830548926014319,0.12981744421906694
0,1,0,0,0,0,0,0,1,0,0,0,0,0,0,1,0,0.19426106177567368,0.20621382724851714,0.8186157517899761,1.0
0,0,0,0,0,0,0,0,0,0,1,0,0,0,0,1,0,0.38530448555132973,0.10695115577424041,0.6992840095465394,1.0
0,0,0,0,0,0,0,0,0,0,1,0,0,0,0,1,0,0.36739403906347423,0.11379419599781328,0.7875894988066825,1.0
0,0,0,0,0,0,0,0,0,0,1,0,0,0,0,1,0,0.35434149811523774,0.08011442763873484,0.8186157517899761,1.0
0,0,1,0,0,0,0,0,0,0,1,0,0,0,0,1,0,0.23123826065311473,0.11324328018999452,0.809069212410501,1.0
1,0,1,0,0,0,0,0,0,0,1,0,0,0,0,1,0,0.14441801523093045,0.2629229734563185,0.34367541766109794,0.13793103448275862
0,0,0,0,0,0,0,0,0,0,1,0,0,0,0,1,0,0.27852517369199575,0.1355789471242566,0.8186157517899761,1.0
0,0,0,0,0,0,0,0,0,0,1,0,0,0,0,1,0,0.5665012644732201,0.05338274438019994,0.34367541766109794,1.0
0,0,0,0,0,0,0,0,0,0,1,0,0,0,0,1,0,0.1679329306804294,0.07756947316892154,0.8830548926014319,0.797160243407708
0,0,0,0,0,0,0,0,0,0,1,0,0,0,0,1,0,0.4060589493000768,0.07565379888097296,0.9188544152744629,0.3914807302231238
0,0,0,0,0,0,0,0,0,0,1,0,0,0,0,1,0,0.3958566349791551,0.10129183640894852,0.9307875894988065,1.0
0,0,1,0,0,0,0,0,0,0,1,0,0,0,0,1,0,0.335316734709913,0.12489578441420904,0.8186157517899761,1.0
1,0,1,0,0,0,0,0,0,0,1,0,0,0,0,1,0,0.18225695732283406,0.1478719320514072,0.5465393794749402,0.16024340770791076
0,0,0,0,0,0,0,0,0,0,1,0,0,0,0,1,0,0.38087811193151727,0.11050454997506952,0.7875894988066825,1.0
0,0,0,0,0,1,0,0,0,0,1,0,0,0,0,1,0,0.29136148193729494,0.12555654373203073,0.9307875894988065,1.0
0,0,0,0,0,0,0,0,0,0,1,0,0,0,0,1,0,0.40041624122788133,0.09041688082555771,0.8186157517899761,1.0
0,0,0,0,0,0,0,0,0,0,1,0,0,0,0,1,0,0.4664989756606121,0.08496632424820666,0.9188544152744629,1.0
0,0,0,0,0,0,0,0,0,0,1,0,0,0,0,1,0,0.3599720898720476,0.11501204876804724,0.8186157517899761,1.0
0,0,0,0,0,0,0,0,0,0,1,0,0,0,0,1,0,0.2734961879711464,0.08626057877664937,0.809069212410501,1.0
0,0,1,0,0,0,0,0,0,0,1,0,0,0,0,1,0,0.3567292836234784,0.10442790027910645,0.7684964200477327,0.797160243407708
0,0,0,0,0,0,0,0,0,0,1,0,0,0,0,1,0,0.5363581073146896,0.07023393437571104,0.8854415274463008,1.0
0,1,0,0,0,0,0,0,0,0,0,0,1,0,0,1,0,0.18800062064830744,0.2123156055017503,0.6992840095465394,1.0
0,0,0,0,0,0,0,0,0,1,0,0,0,0,0,1,0,0.9015257780027541,0.047925474881712664,0.9188544152744629,1.0
0,0,0,0,0,0,0,0,0,0,1,0,0,0,0,1,0,0.46586652061006917,0.09142916871222091,0.8830548926014319,1.0
0,0,0,0,0,0,0,0,0,0,1,0,0,0,0,1,0,0.318527568169345,0.11856758263954818,0.9307875894988065,1.0
0,1,0,0,0,0,0,0,0,0,1,0,0,0,0,1,0,0.22477989825701183,0.16206263691199685,0.9188544152744629,0.3914807302231238
1,0,1,0,0,0,0,0,0,0,1,0,0,0,0,1,0,0.11504424217017899,0.31575534882289436,0.568019093078759,0.14198782961460446
0,1,0,0,0,0,0,0,0,0,1,0,0,0,0,1,0,0.3100807731605948,0.13461141726072703,0.809069212410501,1.0
0,0,0,0,0,0,0,0,0,0,1,0,0,0,0,1,0,0.3649634324129978,0.10543972159579189,0.8186157517899761,1.0
0,1,0,0,0,0,0,0,1,0,0,0,0,0,0,1,0,0.332949851114852,0.09244918404131545,0.5990453460620524,1.0
0,0,0,0,0,0,0,0,0,0,1,0,0,0,0,1,0,0.40136057946000037,0.10243340602611022,0.8878281622911692,1.0
0,0,0,0,0,0,0,0,0,0,1,0,0,0,0,1,0,0.3030759211261356,0.1348014941026824,0.809069212410501,1.0
0,0,0,0,0,0,0,0,0,0,1,0,0,0,1,0,0,0.42922339853284286,0.09817925978365596,0.8830548926014319,1.0
0,1,0,0,0,0,0,0,0,0,1,0,0,0,0,1,0,0.42484628809539754,0.08964098314952507,0.6992840095465394,1.0
0,1,0,0,0,0,0,0,0,0,0,0,1,0,0,1,0,0.09815201480269818,0.18341122499244186,0.5775656324582339,1.0
0,0,0,0,0,0,0,0,0,0,1,0,0,0,0,1,0,0.290291261517196,0.12300820259952312,0.8830548926014319,0.797160243407708
0,0,0,0,0,0,0,0,0,0,1,0,0,0,0,1,0,0.21745398556073967,0.16515244739490537,0.8186157517899761,1.0
0,0,0,0,0,0,0,0,0,0,1,0,0,0,0,1,0,0.3690359330046985,0.08001414881952894,0.8830548926014319,1.0
0,0,0,1,0,1,0,0,0,0,1,0,0,0,0,1,0,0.04321800744821074,0.613769052106049,0.8782816229116945,0.15821501014198783
0,1,0,0,0,0,0,0,1,0,0,0,0,0,0,1,0,0.23988636177052108,0.1414898260403709,0.8782816229116945,1.0
0,0,0,0,0,0,0,0,0,0,1,0,0,0,0,1,0,0.6235494122962952,0.06788830619446397,0.5990453460620524,1.0
0,0,0,0,0,0,0,0,0,0,1,0,0,0,0,1,0,0.43010651811803263,0.09319769898266034,0.7613365155131264,1.0
0,0,0,0,0,0,0,0,0,0,1,0,0,0,0,1,0,0.4124626642132642,0.10262766183978367,0.8186157517899761,0.797160243407708
0,0,1,0,0,0,0,0,0,0,1,0,0,0,0,1,0,0.3226521063399281,0.12960882890010564,0.9188544152744629,0.797160243407708
0,0,0,0,0,0,0,0,0,0,1,0,0,0,1,0,0,0.3997893230508299,0.08877131918200833,0.8186157517899761,1.0
0,0,0,0,0,0,0,0,0,0,1,0,0,0,0,1,0,0.40606745426622537,0.10276852198043576,0.8830548926014319,1.0
0,1,0,0,0,0,0,0,1,0,0,0,0,0,0,1,0,0.16409883394689048,0.235035989017314,0.34367541766109794,0.797160243407708
0,0,0,0,0,0,0,0,0,0,1,0,0,0,0,1,0,0.255123255488188,0.138548239073824,0.8377088305489258,1.0
0,0,0,0,0,0,0,0,0,0,1,0,0,0,0,1,0,0.12224489798760406,0.2627876068742812,0.8830548926014319,0.12981744421906694
0,1,0,0,0,0,0,0,0,0,1,0,0,0,0,1,0,0.3352144565868905,0.12240583221591612,0.6992840095465394,1.0
0,0,0,0,0,0,0,0,0,0,1,0,0,0,1,0,0,0.3136506437256224,0.13299702654493242,0.8066825775656323,1.0
0,1,0,0,0,0,0,0,1,0,0,0,0,0,0,1,0,0.21603535267143903,0.15003199605887932,0.7684964200477327,1.0
0,0,0,0,0,0,0,0,0,0,1,0,0,0,0,1,0,0.46836174072942194,0.08545088468826621,0.6324582338902147,0.3914807302231238
0,1,0,0,0,1,0,0,0,0,1,0,0,0,0,1,0,0.1682139745076557,0.21845108626534457,0.8782816229116945,1.0
0,1,0,0,0,0,0,0,0,0,1,0,0,0,0,1,0,0.375155092342221,0.11239893443660566,0.8066825775656323,1.0
0,0,0,0,0,0,0,0,0,0,1,0,0,0,0,1,0,0.25375730991129447,0.13296617515737524,0.8377088305489258,1.0
0,1,0,0,0,0,0,0,0,0,1,0,0,0,0,1,0,0.219129645016678,0.1778842112118636,0.8186157517899761,0.797160243407708
0,0,0,0,0,0,0,0,1,0,0,0,0,0,0,1,0,0.21778289587709598,0.16799572697322454,0.8186157517899761,0.797160243407708
0,0,0,0,0,0,0,0,0,0,1,0,0,0,0,1,0,0.3222344910198045,0.11493258387780861,0.8186157517899761,1.0
0,1,0,0,0,0,0,0,1,0,0,0,0,0,0,1,0,0.21242101982312203,0.1593546012122756,0.6992840095465394,0.797160243407708
0,0,0,0,0,0,0,0,0,0,1,0,0,0,0,1,0,0.4495336142387555,0.08017160182558204,0.8186157517899761,1.0
0,1,0,0,0,0,0,0,0,0,0,0,1,0,0,1,0,0.12056703288103708,0.2831104940121535,0.6587112171837708,0.5943204868154158
0,0,0,0,0,0,0,0,0,0,1,0,0,0,0,1,0,0.18953844706852407,0.21080659290813247,0.675417661097852,1.0
0,0,0,0,0,0,0,0,0,0,1,0,0,0,0,1,0,0.24485949386018113,0.16335925028707615,0.8782816229116945,1.0
0,0,0,0,0,0,0,0,0,0,1,0,0,0,0,1,0,0.5075535696137425,0.08416368174283338,0.8210023866348448,1.0
1,0,1,0,0,0,0,0,0,0,1,0,0,0,0,1,0,0.2444130175107892,0.155939749794176,0.8400954653937946,0.09736308316430023
0,0,1,0,0,0,0,0,0,0,1,0,0,0,0,1,0,0.4537765992683224,0.0910500601569534,0.8114558472553699,1.0
0,0,0,0,0,0,0,0,0,0,1,0,0,0,1,0,0,0.44550032987531213,0.08344227857190949,0.8400954653937946,1.0
0,0,0,0,0,0,0,0,0,0,1,0,0,0,0,1,0,0.23717105799688482,0.16159509734147554,0.8210023866348448,1.0
0,0,0,0,0,1,0,0,0,0,1,0,0,0,0,1,0,0.1094193663016092,0.3318300124910074,0.8210023866348448,1.0
0,0,0,0,0,0,0,0,1,0,0,0,0,0,0,1,0,0.2133653256443281,0.12411428041098664,0.42482100238663484,0.3914807302231238
0,0,0,0,0,0,0,0,0,0,1,0,0,0,1,0,0,0.3384658894491626,0.10849459429261611,0.8210023866348448,1.0
0,0,0,0,0,1,0,0,0,0,1,0,0,0,0,1,0,0.35791903211102566,0.11760174272631238,0.8400954653937946,1.0
0,0,0,0,0,0,0,0,0,0,1,0,0,0,1,0,0,0.5323245980888477,0.0754901059031193,0.8400954653937946,1.0
0,0,0,0,0,0,0,0,0,0,1,0,0,0,0,1,0,0.3193858435082957,0.13091668116632935,0.8400954653937946,1.0
0,0,0,0,0,0,0,0,0,0,1,0,0,0,0,1,0,0.1615618343869035,0.2162903083845076,0.7923627684964201,0.5943204868154158
0,1,0,0,0,0,0,0,0,0,0,0,1,0,0,1,0,0.3301137219129029,0.09618405962557693,0.8424821002386635,1.0
0,1,0,0,0,0,0,0,0,0,1,0,0,0,0,1,0,0.13425375013899127,0.28213531645257106,0.7923627684964201,1.0
0,0,0,0,0,0,0,0,1,0,0,0,0,0,0,1,0,0.41449076276433805,0.08716780229738885,0.8114558472553699,1.0
0,1,0,0,0,0,0,0,0,0,0,0,1,0,0,1,0,0.3191428898346626,0.12998499544256717,0.8019093078758948,1.0
0,1,0,0,0,0,0,0,0,0,1,0,0,0,0,1,0,0.3047052187164192,0.13167842240097916,0.8114558472553699,1.0
0,0,0,0,0,0,0,0,0,0,1,0,0,0,0,1,0,0.48975325666755604,0.08674222917412605,0.8019093078758948,1.0
0,0,0,0,0,0,0,0,0,0,1,0,0,0,1,0,0,0.49672674690274304,0.080654909306954,0.8926014319809068,1.0
0,0,0,0,0,0,0,0,0,0,1,0,0,0,1,0,0,0.9038752324925009,0.04760030935843751,0.8926014319809068,1.0
0,0,0,0,0,0,0,0,0,0,1,0,0,0,0,1,0,0.3017777464734954,0.13769076414297715,0.8424821002386635,1.0
0,1,0,0,0,0,0,0,0,0,1,0,0,0,0,1,0,0.4058973222306286,0.0918246797963353,0.8210023866348448,1.0
0,1,0,0,0,0,0,0,0,0,1,0,0,0,0,1,0,0.24134044443340236,0.13517027144312857,0.8544152744630071,0.5943204868154158
0,0,0,0,0,0,0,0,0,0,1,0,0,0,0,1,0,0.4120715391131636,0.09533983392730452,0.8926014319809068,1.0
0,1,0,0,0,0,0,0,0,0,1,0,0,0,0,1,0,0.3764046354000328,0.11212365133882353,0.7326968973747017,1.0
0,1,0,0,0,0,0,0,0,0,0,0,1,0,0,1,0,0.3764015851568742,0.11170905903164391,0.8926014319809068,1.0
0,0,0,0,0,0,0,0,0,0,1,0,0,0,0,1,0,0.3466974304958564,0.1164956237682336,0.6181384248210025,0.5943204868154158
0,0,0,0,0,0,0,0,0,0,1,0,0,0,1,0,0,0.5160253363887265,0.0824773862607194,0.8926014319809068,1.0
0,0,0,0,0,0,0,0,0,0,1,0,0,0,0,1,0,0.779906834485002,0.04467628279552972,0.8210023866348448,1.0
0,0,0,0,0,0,0,0,0,0,1,0,0,0,0,1,0,0.13779057380959803,0.27383191161074183,0.8400954653937946,0.12981744421906694
1,0,1,0,0,0,0,0,0,0,1,0,0,0,0,1,0,0.10908163800834213,0.2992647384339021,0.7875894988066825,0.1359026369168357
0,0,1,0,0,0,0,0,0,0,1,0,0,0,0,1,0,0.21584381444554684,0.16396472901808054,0.7875894988066825,1.0
0,1,0,0,0,0,0,0,0,0,1,0,0,0,0,1,0,0.16522446745842856,0.1513385176338149,0.8615751789976134,1.0
0,0,0,0,0,0,0,0,0,0,1,0,0,0,0,1,0,0.442108113338563,0.08656451655118573,0.8926014319809068,1.0
0,0,0,0,0,1,0,0,0,0,1,0,0,0,0,1,0,0.26801068125665284,0.1460609957902962,0.8615751789976134,1.0
0,0,0,0,0,0,0,0,0,0,1,0,0,0,0,1,0,0.45124927256706876,0.08203011950158526,0.8424821002386635,1.0
0,0,1,0,0,0,0,0,0,0,1,0,0,0,0,1,0,0.2919574591890031,0.11285485838700483,0.8615751789976134,1.0
0,1,0,0,0,0,0,0,0,0,1,0,0,0,0,1,0,0.19892377190396052,0.19836420682469494,0.7875894988066825,1.0
0,0,0,0,0,1,0,0,0,0,1,0,0,0,0,1,0,0.3294660408197369,0.1113715117015967,0.7255369928400954,1.0
0,0,0,0,0,0,0,0,0,0,1,0,0,0,0,1,0,0.3131014468671921,0.13284507940315396,0.7255369928400954,0.797160243407708
0,0,0,0,0,0,0,0,0,0,1,0,0,0,0,1,0,0.41978315945245254,0.09274458013047276,0.45823389021479716,1.0
0,0,0,0,0,0,0,0,0,0,1,0,0,0,0,1,0,0.27362867494411214,0.09751319226246173,0.7875894988066825,0.5943204868154158
0,0,0,0,0,0,0,0,0,0,1,0,0,0,0,1,0,0.37698984145686365,0.06711842031164438,0.42482100238663484,1.0
0,0,0,0,0,0,0,0,0,0,1,0,0,0,0,1,0,0.4741538628625822,0.08622276029981822,0.8926014319809068,1.0
0,0,0,0,0,0,0,0,0,0,1,0,0,0,0,1,0,0.38939905913020845,0.10525281528126447,0.6443914081145585,0.5943204868154158
0,0,0,0,0,0,0,0,0,0,1,0,0,0,0,1,0,0.1629189738491928,0.23765997336599481,0.8400954653937946,0.12981744421906694
0,0,0,0,0,0,0,0,0,0,1,0,0,0,1,0,0,0.5291762273934948,0.08082730507990762,0.6443914081145585,1.0
0,1,0,0,0,1,0,0,1,0,0,0,0,0,0,1,0,0.06948499227981374,0.4553244525775998,0.8400954653937946,1.0
0,0,0,0,0,0,0,0,0,0,1,0,0,0,0,1,0,0.248807448905233,0.1502239270023865,0.935560859188544,1.0
0,1,1,0,0,1,0,0,0,0,1,0,0,0,0,1,0,0.18808897959444318,0.19243912371592325,0.8400954653937946,1.0
0,0,0,0,0,0,0,0,0,0,1,0,0,0,0,1,0,0.5500552900969589,0.07732316399822504,0.5393794749403342,1.0
0,0,0,0,0,0,0,0,0,0,1,0,0,0,0,1,0,0.07277912559083162,0.31656781607805223,0.7470167064439142,0.06288032454361056
0,0,0,0,0,0,0,0,0,0,1,0,0,0,0,1,0,0.3748336576316523,0.09210300007959928,0.9140811455847255,1.0
0,0,0,0,0,0,0,0,0,0,1,0,0,0,0,1,0,0.16669246863643009,0.21849221734815763,0.8400954653937946,0.12981744421906694
0,1,0,0,0,0,0,0,0,0,1,0,0,0,0,1,0,0.22059555245481896,0.08336840294224422,0.7923627684964201,1.0
0,0,1,0,0,0,0,0,0,0,1,0,0,0,0,1,0,0.2679346812087753,0.11869662191336519,0.8400954653937946,1.0
0,1,0,0,0,0,0,0,0,0,1,0,0,0,0,1,0,0.30409193414368796,0.0928784749595364,0.6157517899761338,0.5943204868154158
0,0,0,0,0,0,0,0,0,0,1,0,0,0,0,1,0,0.2560947051968586,0.08862436630597058,0.8210023866348448,1.0
0,1,1,0,0,0,0,0,0,0,0,0,1,0,0,1,0,0.15538708034949525,0.18007346234683633,0.8400954653937946,1.0
0,1,0,0,0,0,0,0,1,0,0,0,0,0,0,1,0,0.5626847376162064,0.07560969049987168,0.7923627684964201,1.0
0,0,0,0,0,0,0,0,0,0,1,0,0,0,0,1,0,0.3519544121045768,0.11942390832311409,0.8424821002386635,1.0
0,0,0,0,0,0,0,0,0,0,1,0,0,0,0,1,0,0.46691519765286943,0.08567294504127008,0.7398568019093079,1.0
0,0,0,0,0,0,0,0,0,0,1,0,0,0,0,1,0,0.2122316861534272,0.07763202369494024,0.7923627684964201,1.0
0,0,0,0,0,0,0,0,0,0,1,0,0,0,0,1,0,0.48059859714776826,0.08134119441060618,0.5393794749403342,1.0
0,1,0,0,0,0,0,0,0,0,1,0,0,0,0,1,0,0.4257381936103271,0.09969740417663724,0.7398568019093079,0.5943204868154158
0,0,0,0,0,0,0,0,0,0,1,0,0,0,0,1,0,0.2935991562928805,0.10206193707024468,0.7470167064439142,1.0
0,1,0,0,0,0,0,0,0,0,0,0,1,0,0,1,0,0.185056820877076,0.2151522841952919,0.8424821002386635,1.0
0,1,0,0,0,0,0,0,1,0,0,0,0,0,0,1,0,0.1689764927357564,0.09396519406376805,0.9307875894988065,1.0
0,1,1,0,0,0,0,0,0,0,1,0,0,0,0,1,0,0.23270949094783092,0.1736529637371552,0.8424821002386635,1.0
0,0,0,0,0,0,0,0,0,0,1,0,0,0,0,1,0,0.24966671855546252,0.14668977611073336,0.6921241050119331,0.797160243407708
0,0,0,0,0,0,0,0,1,0,0,0,0,0,0,1,0,0.3805070070129368,0.11070498680066335,0.8424821002386635,1.0
0,0,0,0,0,0,0,0,0,0,1,0,0,0,0,1,0,0.404866550528446,0.09003161609996427,0.6825775656324582,1.0
1,0,1,0,0,0,0,0,0,0,1,0,0,0,0,1,0,0.1280997946198464,0.2033174013368628,0.7875894988066825,0.1359026369168357
0,1,0,0,0,0,0,0,0,0,1,0,0,0,0,1,0,0.2669278600999412,0.13471304679587756,0.9307875894988065,1.0
0,0,0,0,0,0,0,0,0,0,1,0,0,0,0,1,0,0.30254600561407696,0.11266609654700464,0.7684964200477327,1.0
0,0,0,0,0,0,0,0,0,0,1,0,0,0,0,1,0,0.36289331454368645,0.10294281595610205,0.8186157517899761,1.0
0,0,0,0,0,0,0,0,0,0,1,0,0,0,0,1,0,0.24423328901906988,0.15524890901160152,0.9164677804295942,1.0
0,1,0,0,0,1,0,0,0,0,0,0,1,0,0,1,0,0.11217355566047273,0.30308878943907347,0.8400954653937946,1.0
0,0,0,0,0,0,0,0,0,0,1,0,0,0,0,1,0,0.5453522277279383,0.07671081436722035,0.7804295942720763,1.0
0,0,1,0,0,0,0,0,0,0,1,0,0,0,0,1,0,0.44844296755117,0.07184347495643983,0.7804295942720763,1.0
0,0,0,0,0,0,0,0,0,0,1,0,0,0,0,1,0,0.3582646598731796,0.09844666099561317,0.9307875894988065,0.797160243407708
0,0,0,0,0,0,0,0,0,0,1,0,0,0,0,1,0,0.36754387766600194,0.09872625338960037,0.6921241050119331,1.0
1,0,1,0,0,0,0,0,0,0,1,0,0,0,0,1,0,0.13524548152048943,0.19808881780186546,0.8400954653937946,0.12981744421906694
0,0,1,0,0,0,0,0,0,0,1,0,0,0,0,1,0,0.2957822492588462,0.13830919056017363,0.8186157517899761,1.0
0,0,0,0,0,0,0,0,0,0,0,1,0,0,0,1,0,0.26323355494754397,0.15313897995127326,0.9164677804295942,1.0
0,0,0,0,0,0,0,0,0,0,1,0,0,0,0,1,0,0.41502127325911675,0.08373419722545247,0.7804295942720763,1.0
0,0,0,0,0,0,0,0,1,0,0,0,0,0,0,1,0,0.41597786716558816,0.09996104112983896,0.7804295942720763,1.0
0,0,0,0,0,0,0,0,0,0,1,0,0,0,0,1,0,0.3923989843180919,0.09710491030598088,0.809069212410501,0.5943204868154158
0,1,0,0,0,0,0,0,0,0,1,0,0,0,0,1,0,0.25566681515284195,0.1337404887014936,0.9307875894988065,1.0
0,1,0,0,0,0,0,0,0,0,1,0,0,0,0,1,0,0.28097323882746295,0.12191186789353627,0.7875894988066825,1.0
0,0,0,0,0,0,0,0,0,0,1,0,0,0,0,1,0,0.1561090922689004,0.19491692646238634,0.8758949880668256,1.0
0,1,0,0,0,0,0,0,1,0,0,0,0,0,0,1,0,0.25400618102480754,0.15648503471780786,0.809069212410501,1.0
0,0,0,0,0,0,0,0,0,0,1,0,0,0,0,1,0,0.2570978102562951,0.07400262434587962,0.8210023866348448,1.0
0,0,0,0,0,0,0,0,0,0,1,0,0,0,0,1,0,0.4362002036902404,0.09138854685929343,0.6825775656324582,1.0
0,1,0,0,0,0,0,0,0,0,1,0,0,0,0,1,0,0.5129355834306242,0.08201092162716696,0.7350835322195703,1.0
0,1,0,0,0,1,0,0,0,0,1,0,0,0,0,1,0,0.054614690785986346,0.5219769406927165,0.7875894988066825,1.0
1,0,1,0,0,0,0,0,0,0,1,0,0,0,0,1,0,0.14567479017171922,0.1901327255698086,0.8019093078758948,0.14604462474645033
0,1,0,0,0,0,0,0,0,0,1,0,0,0,0,1,0,0.1263731650816058,0.2863436015212097,0.7350835322195703,1.0
0,0,0,0,0,0,0,0,0,0,1,0,0,0,0,1,0,0.48156084557956674,0.08771115225459748,0.7350835322195703,1.0
0,1,0,0,0,0,0,0,0,0,1,0,0,0,0,1,0,0.23407605421546754,0.16248688700056346,0.8400954653937946,1.0
0,0,0,0,0,0,0,0,0,0,1,0,0,0,0,1,0,0.2530048473216571,0.10941078573203536,0.7875894988066825,0.5943204868154158
0,0,0,0,0,0,0,0,0,0,1,0,0,0,0,1,0,0.3851016386047996,0.10785842747841284,0.8019093078758948,1.0
0,0,0,0,0,0,0,0,0,0,1,0,0,0,0,1,0,0.4398334314232308,0.09658803876220637,0.7350835322195703,1.0
0,0,0,0,0,0,0,0,0,0,1,0,0,0,0,1,0,0.3089361327652996,0.13492622322684686,0.6801909307875893,0.797160243407708
0,1,1,0,0,1,0,0,0,0,1,0,0,0,0,1,0,0.2023398112782308,0.19748851177467547,0.737470167064439,1.0
1,0,1,0,0,0,0,0,0,0,1,0,0,0,0,1,0,0.19234921194779311,0.2058437670869809,0.8281622911694511,0.16227180527383367
0,1,0,0,0,0,0,0,0,0,1,0,0,0,0,1,0,0.28485882480192865,0.14524534489887214,0.737470167064439,1.0
1,0,1,0,0,1,0,1,0,0,0,0,0,0,0,1,0,0.14180540381536655,0.2699418817129677,0.8281622911694511,0.16227180527383367
0,1,0,0,0,0,0,0,0,0,0,0,1,0,0,1,0,0.3222274083268242,0.09720984435302793,0.3699284009546539,1.0
0,0,0,0,0,0,0,0,0,0,1,0,0,0,0,1,0,0.19309193045407153,0.11902248023277073,0.8019093078758948,1.0
0,1,0,0,0,0,0,0,0,0,1,0,0,0,0,1,0,0.23560211862668878,0.11669607205813409,0.8019093078758948,1.0
0,1,0,0,0,0,0,0,0,0,1,0,0,0,0,1,0,0.35446755656221196,0.1183320155509367,0.8305489260143197,1.0
0,1,0,0,0,0,0,0,0,0,1,0,0,0,0,1,0,0.33059782054436754,0.11656331350878635,0.7923627684964201,0.797160243407708
0,1,0,0,0,1,0,0,0,0,1,0,0,0,0,1,0,0.1823600201873259,0.21224335430324873,0.8210023866348448,0.5943204868154158
0,0,1,0,0,0,0,0,0,0,1,0,0,0,0,1,0,0.4533130045129437,0.08071181435029058,0.6921241050119331,0.797160243407708
0,0,0,0,0,1,0,0,0,0,1,0,0,0,0,1,0,0.24057469542966287,0.1684376966726453,0.7875894988066825,1.0
0,1,0,0,0,0,0,0,0,0,1,0,0,0,0,1,0,0.4067925785225506,0.10387538725786905,0.6730310262529833,1.0
1,0,1,0,0,0,0,0,0,0,1,0,0,0,0,1,0,0.08456559659578296,0.4005555191034813,0.5202863961813842,0.15415821501014199
0,0,0,0,0,0,0,0,0,0,1,0,0,0,0,1,0,0.44679957539369836,0.09131234349746073,,1.0
0,0,1,0,0,0,0,0,0,0,1,0,0,0,0,1,0,0.3263421255879028,0.09942740255221472,0.3866348448687352,1.0
0,0,0,0,0,0,0,0,0,0,1,0,0,0,0,1,0,0.8152042205440744,0.050085409668582014,0.8210023866348448,1.0
1,0,1,0,0,0,0,0,0,0,1,0,0,0,0,1,0,0.08167714244389002,0.4099075628039422,0.8329355608591884,0.14604462474645033
0,0,0,0,0,1,0,0,0,0,1,0,0,0,0,0,1,0.1710138263968638,0.23055631149023684,0.8305489260143197,1.0
0,1,0,0,0,0,0,0,1,0,0,0,0,0,0,1,0,0.19400372943514158,0.20051430791194616,0.8758949880668256,0.5943204868154158
1,0,1,0,0,0,0,0,0,0,1,0,0,0,0,1,0,0.13646015549257198,0.2540251333407591,0.7875894988066825,0.1359026369168357
0,0,0,0,0,0,0,0,0,0,1,0,0,0,0,1,0,0.3178429388829255,0.11903948966757931,0.7923627684964201,0.797160243407708
0,0,0,0,0,0,0,0,0,0,1,0,0,0,0,1,0,0.27098813074501454,0.08530816681680226,0.8758949880668256,0.5943204868154158
0,1,0,0,0,0,0,0,0,0,1,0,0,0,0,1,0,0.42048266509788146,0.09692656907556793,0.6730310262529833,1.0
0,0,0,0,0,0,0,0,0,0,1,0,0,0,0,1,0,0.44975708560737254,0.0889616383508105,0.8424821002386635,1.0
0,0,0,0,0,1,0,0,0,0,1,0,0,0,0,1,0,0.21774180759126505,0.1860681133411812,0.8758949880668256,0.5943204868154158
1,0,1,0,0,0,0,0,0,0,1,0,0,0,0,1,0,0.1864331973641033,0.21261340029229467,0.6157517899761338,0.13387423935091278
0,0,0,0,0,0,0,0,0,0,1,0,0,0,1,0,0,0.3534351940654209,0.09375024624309657,0.8424821002386635,1.0
0,0,0,0,0,0,0,0,0,0,1,0,0,0,0,1,0,0.3706615360084748,0.11279829454914114,0.8758949880668256,1.0
0,1,0,0,0,0,0,0,1,0,0,0,0,0,0,1,0,0.4247947245318467,0.07663444775297375,0.3460620525059666,1.0
0,0,0,0,0,0,0,0,0,0,1,0,0,0,0,1,0,0.3486235445563561,0.11770981251330308,0.7923627684964201,1.0
1,0,1,0,0,0,0,0,0,0,1,0,0,0,0,1,0,0.12525007242671402,0.16940639176673988,0.7923627684964201,0.17038539553752538
0,1,0,0,0,0,0,0,0,0,1,0,0,0,0,1,0,0.2713555217016899,0.12455472710366718,0.7684964200477327,1.0
0,0,0,0,0,0,0,0,0,0,1,0,0,0,0,1,0,0.1949172504241932,0.18113138146086966,0.8663484486873507,0.10344827586206898
0,0,0,0,0,0,0,0,1,0,0,0,0,0,0,1,0,0.12384198994436181,0.2985564069297195,0.8424821002386635,1.0
1,0,1,0,0,0,0,0,0,0,1,0,0,0,0,1,0,0.1594959615974197,0.2438932946061508,0.7923627684964201,0.17038539553752538
0,0,0,0,0,0,0,0,0,0,1,0,0,0,0,1,0,0.4405361577373151,0.08173873284426605,0.8663484486873507,1.0
1,0,1,0,0,0,0,0,0,0,1,0,0,0,0,1,0,0.10475416459777591,0.32915049846596683,0.477326968973747,0.15415821501014199
0,0,0,0,0,0,0,0,0,0,1,0,0,0,0,1,0,0.37104521709307375,0.10309323729634101,0.5489260143198089,1.0
0,1,0,0,0,0,0,0,1,0,0,0,0,0,0,1,0,0.2469071034358442,0.1531654543185227,0.35083532219570407,0.5943204868154158
0,0,0,0,0,0,0,0,0,0,1,0,0,0,0,1,0,0.35986062707979,0.10916586821396573,0.6945107398568018,1.0
0,1,0,0,0,0,0,0,0,0,1,0,0,0,0,1,0,0.24702570989802813,0.16600038644824824,0.6420047732696896,1.0
0,0,0,0,0,0,0,0,0,0,1,0,0,0,0,1,0,0.4915091779289435,0.08255920295596005,0.7684964200477327,1.0
0,1,0,0,0,0,0,0,1,0,0,0,0,0,0,1,0,0.3434208856621177,0.1010265259520162,0.35083532219570407,1.0
0,0,0,0,0,0,0,0,0,0,1,0,0,0,0,1,0,0.4461374700981554,0.09402603103811642,0.6945107398568018,1.0
0,0,0,0,0,0,0,0,0,0,1,0,0,0,0,1,0,0.3662276572395672,0.09894703292485427,0.8663484486873507,1.0
0,1,0,0,0,0,0,0,1,0,0,0,0,0,0,1,0,0.13679977588403178,0.20450367632820032,0.8663484486873507,1.0
0,1,0,0,0,0,0,0,0,0,1,0,0,0,0,1,0,0.08022502196696145,0.41258480338722453,0.7923627684964201,0.5943204868154158
0,1,0,0,0,0,0,0,1,0,0,0,0,0,0,1,0,0.38509268710156297,0.10424489482493138,0.30787589498806683,1.0
0,1,0,0,0,0,0,0,0,0,1,0,0,0,0,1,0,0.22059555245481902,0.1653439463905303,0.8544152744630071,0.5943204868154158
0,0,0,0,0,0,0,0,0,0,1,0,0,0,0,1,0,0.31818722199672694,0.10014992538833661,0.8424821002386635,1.0
0,1,1,0,0,0,0,0,0,0,1,0,0,0,0,1,0,0.2476452375546031,0.16016477770924287,0.9116945107398566,1.0
0,0,0,0,0,0,0,0,0,0,1,0,0,0,0,1,0,0.14732790872551488,0.13942965480171976,0.8424821002386635,0.13184584178498987
0,1,0,0,0,0,0,0,0,0,1,0,0,0,0,1,0,0.18257203849097264,0.21049217673334772,0.8424821002386635,1.0
0,1,0,0,0,0,0,0,1,0,0,0,0,0,0,1,0,0.21827538894696658,0.13801847653619528,0.6945107398568018,1.0
1,0,1,0,0,0,0,0,0,0,1,0,0,0,0,1,0,0.1467664207472553,0.22862360890780606,0.3341288782816229,0.1440162271805274
0,0,0,0,0,0,0,0,0,0,1,0,0,0,0,1,0,0.35361663351111794,0.1169941126931256,0.7684964200477327,1.0
0,1,0,0,0,0,0,0,0,0,0,0,1,0,0,1,0,0.0774728079559179,0.3962765716113339,0.35083532219570407,1.0
0,0,0,0,0,0,0,0,1,0,0,0,0,0,0,1,0,0.3582646598731796,0.11693799513896051,0.7088305489260143,1.0
0,0,1,0,0,0,0,0,0,0,1,0,0,0,0,1,0,0.40414093609682533,0.09146188031486681,0.8782816229116945,1.0
0,1,0,0,0,0,0,0,0,0,1,0,0,0,0,1,0,0.463684982185313,0.08134088572113495,0.5990453460620524,1.0
0,0,0,0,0,0,0,0,0,0,1,0,0,0,0,1,0,0.19430106271051342,0.09716633996421975,0.6992840095465394,0.797160243407708
0,0,1,0,0,0,0,0,1,0,0,0,0,0,0,1,0,0.20825594885938736,0.19379382260262173,0.8186157517899761,1.0
0,0,0,0,0,0,0,0,0,0,1,0,0,0,0,1,0,0.056929521278952684,0.5077165728511643,0.8782816229116945,0.15821501014198783
0,1,0,0,0,1,0,0,1,0,0,0,0,0,0,1,0,0.12050514353317753,0.307483189059401,0.7684964200477327,1.0
0,0,0,0,0,0,0,0,0,0,1,0,0,0,0,1,0,0.326345624167779,0.09205238042155575,0.8782816229116945,1.0
0,0,0,0,0,0,0,0,0,0,1,0,0,0,0,1,0,0.389021021903795,0.09470025635291712,0.8186157517899761,1.0
0,0,0,0,0,0,0,0,1,0,0,0,0,0,0,1,0,0.22154754780537142,0.135443907293437,0.844868735083532,0.5943204868154158
0,1,1,0,0,1,0,0,1,0,0,0,0,0,0,1,0,0.13098385552535943,0.22293666907553972,0.3842482100238663,0.3914807302231238
0,0,0,0,0,0,0,0,0,0,1,0,0,0,0,1,0,0.4468615990208379,0.09434902359872216,0.8186157517899761,1.0
0,0,0,0,0,0,0,0,0,0,0,1,0,0,0,1,0,0.20387487032517113,0.19731554356011813,0.8782816229116945,1.0
0,0,0,0,0,0,0,0,0,0,1,0,0,0,0,1,0,0.37798147267320065,0.11166988294007654,0.8186157517899761,1.0
0,0,1,0,0,0,0,0,0,0,1,0,0,0,0,1,0,0.24831323003009204,0.09989270186541636,0.8878281622911692,0.797160243407708
0,1,1,0,0,0,0,0,0,0,1,0,0,0,0,1,0,0.3236692037162127,0.12669207788019937,0.7684964200477327,1.0
0,0,1,0,0,0,0,0,0,0,1,0,0,0,0,1,0,0.3840738885316301,0.11000489558243709,0.8878281622911692,1.0
0,0,0,0,0,0,0,0,0,0,1,0,0,0,0,1,0,0.12078783468864619,0.3065411918873412,0.8782816229116945,0.15821501014198783
1,0,1,0,0,0,0,0,0,0,1,0,0,0,0,1,0,0.12422977954632176,0.27336706264739424,0.34367541766109794,0.13793103448275862
0,0,0,0,0,0,0,0,0,0,1,0,0,0,0,1,0,0.38763579619964084,0.10296692263257194,0.7684964200477327,1.0
0,1,0,0,0,0,0,0,0,0,0,0,1,0,0,1,0,0.1851225780956084,0.2150301819106228,0.8782816229116945,1.0
0,1,0,0,0,0,0,0,0,0,1,0,0,0,0,1,0,0.37982422841887636,0.10241028924673276,0.7684964200477327,1.0
0,0,0,1,0,1,0,0,0,0,1,0,0,0,0,1,0,0.07495660925726698,0.2917078556232954,0.5346062052505967,0.14807302231237324
0,0,0,0,0,0,0,0,0,0,1,0,0,0,0,1,0,0.1498671354013838,0.18751784786190032,0.7875894988066825,1.0
0,0,0,0,0,0,0,0,0,0,1,0,0,0,0,1,0,0.26185163026097086,0.15222223414121308,0.6420047732696896,1.0
0,1,0,0,0,0,0,0,1,0,0,0,0,0,0,1,0,0.36410462190045795,0.09958303605339806,0.8878281622911692,1.0
0,1,0,0,0,0,0,0,0,0,1,0,0,0,0,1,0,0.3536684569173915,0.10991952707287901,0.8878281622911692,1.0
0,1,0,0,0,0,0,0,0,0,1,0,0,0,0,1,0,0.3016117985270383,0.1316604706110625,0.8377088305489258,1.0
0,1,0,0,0,0,0,0,0,0,1,0,0,0,0,1,0,0.3055558796790896,0.13643404453672775,0.7684964200477327,1.0
0,0,0,0,0,0,0,0,0,0,1,0,0,0,0,1,0,0.3771207832931758,0.10505198818809261,0.675417661097852,0.797160243407708
0,0,0,0,0,0,0,0,0,0,1,0,0,0,0,1,0,0.38590049821334516,0.06710149542172328,0.7708830548926013,1.0
0,0,1,0,0,1,0,0,0,0,1,0,0,0,0,1,0,0.45208812638665885,0.08597990358976461,0.7708830548926013,1.0
0,0,0,0,0,0,0,0,0,0,1,0,0,0,0,1,0,0.46629816838554694,0.08247102812246189,0.5990453460620524,1.0
0,0,0,0,0,0,0,0,0,0,1,0,0,0,0,1,0,0.10479421392402528,0.286969396287687,0.8019093078758948,0.14604462474645033
0,0,0,0,0,0,0,0,0,0,1,0,0,0,0,1,0,0.30395715248398714,0.08105306808245688,0.477326968973747,0.3914807302231238
0,0,0,0,0,0,0,0,0,0,1,0,0,0,0,1,0,0.3037323894235846,0.1367036714288997,0.6801909307875893,1.0
0,0,0,0,0,0,0,0,0,0,1,0,0,0,0,1,0,0.3825302748994459,0.11042752558006524,0.6443914081145585,1.0
0,0,1,0,0,0,0,0,0,0,1,0,0,0,0,1,0,0.35518107523599124,0.10575446133426962,0.6801909307875893,1.0
0,0,0,0,0,1,0,0,0,0,1,0,0,0,0,1,0,0.13171229436367268,0.27199439939325515,0.8019093078758948,0.14604462474645033
0,0,0,0,0,0,0,0,1,0,0,0,0,0,0,1,0,0.5102912353921667,0.07875434056516596,0.6443914081145585,1.0
0,0,0,0,0,1,0,0,0,0,1,0,0,0,0,1,0,0.24316617032348614,0.14550964674163558,0.7875894988066825,0.5943204868154158
0,0,0,0,0,0,0,0,0,0,1,0,0,0,0,1,0,0.23123826065311473,0.09319930062785577,0.7875894988066825,1.0
0,1,0,0,0,0,0,0,1,0,0,0,0,0,0,1,0,0.21434743562124897,0.13173768415217937,0.7326968973747017,1.0
0,0,0,0,0,0,0,0,0,0,1,0,0,0,0,1,0,0.19691872790050488,0.20169455788218596,0.6181384248210025,0.09330628803245437
0,1,0,0,0,0,0,0,1,0,0,0,0,0,0,1,0,0.32764112669622214,0.12389691398562103,0.7326968973747017,1.0
0,1,0,0,0,0,0,0,0,0,1,0,0,0,0,1,0,0.21550694168983267,0.14718680676500806,0.6181384248210025,0.5943204868154158
0,0,0,0,0,0,0,0,0,0,1,0,0,0,0,1,0,0.50792337643814,0.08380599323878749,0.8019093078758948,1.0
0,1,0,0,0,0,0,0,0,0,1,0,0,0,0,1,0,0.5126371454940637,0.08233918783178204,0.7350835322195703,1.0
0,0,0,0,0,0,0,0,1,0,0,0,0,0,0,1,0,0.38979738700598193,0.09434361902613884,0.7875894988066825,0.5943204868154158
1,0,1,0,0,0,0,0,0,0,1,0,0,0,0,1,0,0.1433328012317542,0.21844967095527654,0.8019093078758948,0.14604462474645033
0,1,0,0,0,0,0,0,0,0,0,1,0,0,0,1,0,0.31775681231818415,0.1086600707677996,0.09546539379474944,1.0
0,0,0,0,0,0,0,0,0,0,1,0,0,0,0,0,1,0.17102025844515364,0.23054285427069207,0.8019093078758948,1.0
0,1,0,0,0,0,0,0,0,0,0,0,1,0,0,1,0,0.3750908266308532,0.1124346649701787,0.737470167064439,0.5943204868154158
0,0,0,0,0,0,0,0,0,0,1,0,0,0,0,1,0,0.3171640862600602,0.10076052669542772,0.49642004773269693,1.0
0,0,0,0,0,0,0,0,0,0,1,0,0,0,1,0,0,0.5301117060058079,0.07921987228562709,0.7255369928400954,1.0
0,1,0,0,0,0,0,0,1,0,0,0,0,0,0,1,0,0.177101534715418,0.20230520247021638,0.8042959427207637,1.0
0,1,1,0,0,0,0,0,0,0,0,0,1,0,0,1,0,0.1617785967561822,0.20177980354205372,0.39618138424821,1.0
0,1,0,0,0,0,0,0,0,0,1,0,0,0,0,1,0,0.29148622686024,0.09071590045193195,0.6324582338902147,0.3914807302231238
0,0,1,0,0,0,0,0,0,0,1,0,0,0,0,1,0,0.24373492584227613,0.16815847772979223,0.9188544152744629,0.797160243407708
0,0,0,0,0,0,0,0,0,0,1,0,0,0,0,1,0,0.40206241847376795,0.10506406788800546,0.7159904534606205,1.0
0,1,0,0,0,0,0,0,0,0,1,0,0,0,0,1,0,0.26391123318827175,0.15628342646737128,0.5178997613365155,0.5943204868154158
0,0,0,0,0,0,0,0,0,0,1,0,0,0,0,1,0,0.3306841952309542,0.11916683204855294,0.8186157517899761,1.0
0,0,0,0,0,0,0,0,0,0,1,0,0,0,0,1,0,0.469877805017733,0.08239861774535019,0.6491646778042959,1.0
0,0,0,0,0,0,0,0,0,0,1,0,0,0,0,1,0,0.32522072808447244,0.10234021213517824,0.8186157517899761,0.3914807302231238
0,0,0,0,0,0,0,0,0,0,1,0,0,0,0,1,0,0.3401005940613282,0.12219429168239482,0.8591885441527445,1.0
0,0,0,0,0,0,0,0,0,0,1,0,0,0,0,1,0,0.34412314941533384,0.1220257823570802,0.5131264916467779,0.5943204868154158
0,0,0,0,0,0,0,0,0,0,1,0,0,0,0,1,0,0.11178648702142054,0.2995028376541265,0.35083532219570407,0.13793103448275862
0,0,1,0,0,0,0,0,0,0,1,0,0,0,0,1,0,0.47263642978692544,0.07757410315548224,0.8591885441527445,1.0
0,0,0,0,0,0,0,0,0,0,1,0,0,0,0,1,0,0.510377550929355,0.06249414948823774,0.8424821002386635,1.0
1,0,1,0,0,0,0,0,0,0,1,0,0,0,0,1,0,0.23052367130962997,0.1354473972783958,0.35083532219570407,0.13793103448275862
0,1,0,0,0,0,0,0,0,0,1,0,0,0,0,1,0,0.14524949446875227,0.264226162779045,0.7804295942720763,1.0
0,1,0,0,0,0,0,0,0,0,0,0,1,0,0,1,0,0.16848154393040743,0.2285722758886496,0.7804295942720763,1.0
0,0,0,0,0,0,0,0,0,0,1,0,0,0,1,0,0,0.4687640228812425,0.0753956656008405,,1.0
0,0,0,0,0,0,0,0,0,0,1,0,0,0,0,1,0,0.4290298975838015,0.08831966205804423,0.6324582338902147,0.3914807302231238
0,0,1,0,0,0,0,0,0,0,1,0,0,0,0,1,0,0.4224980751072915,0.08369632071704998,0.7159904534606205,1.0
0,0,0,0,0,0,0,0,0,0,1,0,0,0,0,1,0,0.4278886741787689,0.09311494449232793,0.8591885441527445,1.0
0,1,0,0,0,0,0,0,0,0,1,0,0,0,0,1,0,0.20504084879748377,0.1708006602588444,0.5178997613365155,1.0
0,1,0,0,0,0,0,0,0,0,1,0,0,0,0,1,0,0.25339692615924414,0.15961915510401453,0.8424821002386635,0.797160243407708
0,1,0,0,0,0,0,0,1,0,0,0,0,0,0,1,0,0.3048098080190175,0.06048066332703307,0.7804295942720763,0.5943204868154158
0,0,0,0,0,0,0,0,0,0,1,0,0,0,0,1,0,0.4040811235187334,0.07254272953532986,0.6324582338902147,1.0
0,0,0,0,0,0,0,0,0,0,1,0,0,0,0,1,0,0.3484133227623405,0.11302206019577275,0.6968973747016707,1.0
0,0,0,1,0,1,0,0,0,0,1,0,0,0,0,1,0,0.2177623526438172,0.1797917098888452,0.9188544152744629,0.797160243407708
0,0,0,0,0,0,0,0,0,0,1,0,0,0,0,1,0,0.3486235445563561,0.07603718375340908,0.8591885441527445,1.0
1,0,1,0,0,0,0,0,0,0,1,0,0,0,0,1,0,0.14266591982526858,0.07416699741252536,0.2673031026252984,0.15415821501014199
0,0,1,0,0,0,0,0,0,0,1,0,0,0,0,1,0,0.36136099762631846,0.10559113851457325,0.6968973747016707,1.0
0,1,0,0,0,0,0,0,0,0,1,0,0,0,0,1,0,0.3187101368032583,0.1246920279809293,0.6491646778042959,1.0
0,0,0,0,0,0,0,0,0,0,1,0,0,0,1,0,0,0.4016958911345408,0.08415706944767669,0.8591885441527445,1.0
0,1,1,0,0,0,0,0,0,0,1,0,0,0,0,1,0,0.29988681203108947,0.1254644159079338,0.737470167064439,0.5943204868154158
0,0,1,0,0,0,0,0,1,0,0,0,0,0,0,1,0,0.5922053595060132,0.07211837873370171,0.737470167064439,1.0
0,1,0,0,0,1,0,0,0,0,1,0,0,0,0,1,0,0.11081833797675834,0.3288154031329192,0.6801909307875893,1.0
0,1,0,0,0,0,0,0,0,0,1,0,0,0,0,1,0,0.2563590407412891,0.12618729624489003,0.7088305489260143,1.0
1,0,1,0,0,0,0,0,0,0,1,0,0,0,0,1,0,0.16293915092408906,0.17323079831460705,0.17422434367541767,0.13184584178498987
0,0,0,0,0,0,0,0,0,0,1,0,0,0,0,1,0,0.09622711589154195,0.3471942040941573,0.8257756563245822,0.0
0,0,1,0,0,0,0,0,0,0,1,0,0,0,0,1,0,0.2315293326616617,0.14471506077234655,0.6801909307875893,0.3914807302231238
0,1,0,0,0,1,0,0,0,0,1,0,0,0,0,1,0,0.18490729190060903,0.21543024118192408,0.737470167064439,1.0
0,0,0,0,0,0,0,0,0,0,1,0,0,0,0,1,0,0.21303002199598803,0.1898085561292423,0.7947494033412885,0.1257606490872211
0,0,0,0,0,1,1,0,0,0,0,0,0,0,0,1,0,0.09959526295203691,0.34534659171272025,0.7947494033412885,1.0
0,0,0,0,0,0,0,0,1,0,0,0,0,0,0,1,0,0.1636773967991292,0.23287483446252977,0.7971360381861574,1.0
0,0,0,0,0,1,0,0,0,0,1,0,0,0,0,0,1,0.1694765941047743,0.23235050004409918,0.7947494033412885,1.0
0,0,1,0,0,0,0,0,0,0,1,0,0,0,0,1,0,0.3396059245079162,0.12051680282854656,0.6801909307875893,1.0
0,0,0,0,0,0,0,0,0,0,1,0,0,0,0,1,0,0.27481832505853165,0.13963654959522206,0.7350835322195703,1.0
0,0,0,0,0,0,0,0,0,0,1,0,0,0,0,1,0,0.48978635466935466,0.08492539852652899,0.7613365155131264,1.0
0,1,1,0,0,0,0,0,0,0,0,0,1,0,0,1,0,0.15583606969822447,0.1153223497445257,0.09546539379474944,1.0
0,1,1,0,0,0,0,0,0,0,1,0,0,0,0,1,0,0.283769250273209,0.10661562972260191,0.7350835322195703,1.0
0,0,0,0,0,0,0,0,0,0,1,0,0,0,0,1,0,0.08671311094354686,0.3808225054749314,0.09546539379474944,0.1257606490872211
0,1,0,0,0,0,0,0,0,0,1,0,0,0,0,1,0,0.2765772872068076,0.14952092668416417,0.7947494033412885,0.5943204868154158
0,1,1,0,0,0,0,0,1,0,0,0,0,0,0,1,0,0.2084968153683562,0.19342258440163107,0.09546539379474944,1.0
0,0,0,0,0,0,0,0,0,0,1,0,0,0,0,1,0,0.279224384575869,0.14067606765876509,0.6372315035799523,1.0
0,0,0,0,0,0,0,0,0,0,1,0,0,0,0,1,0,0.33090176356773876,0.1056055939047247,0.737470167064439,1.0
0,0,1,0,0,0,0,0,0,0,1,0,0,0,0,1,0,0.48318281423939746,0.06624689510586226,0.09546539379474944,0.5943204868154158
0,0,0,0,0,0,0,0,0,0,1,0,0,0,0,1,0,0.4213725637680484,0.09277045574765232,0.4033412887828162,0.5943204868154158
0,0,0,0,0,0,0,0,0,0,1,0,0,0,0,1,0,0.36259936535056947,0.1152581798805892,0.7947494033412885,0.5943204868154158
0,0,1,0,0,0,0,0,0,0,1,0,0,0,0,1,0,0.45461093122019886,0.0913265341691374,0.7947494033412885,1.0
0,1,1,0,0,0,0,0,0,0,0,0,1,0,0,1,0,0.1407634036180468,0.24008935515807486,0.7947494033412885,1.0
0,0,1,0,0,0,0,0,1,0,0,0,0,0,0,1,0,0.16863798827522974,0.14763678363440413,0.8019093078758948,1.0
0,1,1,0,0,0,0,0,1,0,0,0,0,0,0,1,0,0.08690179426943631,0.3896235642122096,0.737470167064439,0.5943204868154158
0,0,0,0,0,0,0,0,0,0,1,0,0,0,0,1,0,0.3366096768440148,0.11376936221653923,0.7828162291169449,0.5943204868154158
0,0,1,0,0,0,0,0,0,0,1,0,0,0,0,1,0,0.3851255082991633,0.1094466228377812,0.7947494033412885,1.0
0,1,0,0,0,0,0,0,1,0,0,0,0,0,0,1,0,0.230011970342304,0.1474696755533795,0.7971360381861574,0.797160243407708
0,1,1,0,0,0,0,0,0,0,1,0,0,0,0,1,0,0.16645522461500847,0.20594462061189006,0.7828162291169449,0.5943204868154158
1,0,1,1,0,1,0,0,0,0,1,0,0,0,0,1,0,0.06329241330099145,0.42758714731867686,0.5894988066825775,0.1359026369168357
0,0,0,0,0,0,0,0,0,0,0,0,1,0,0,1,0,0.26738518300173436,0.14970962728774723,0.7040572792362769,1.0
0,0,0,0,0,0,0,0,0,0,1,0,0,0,0,1,0,0.4232395442378394,0.09844636272282438,0.7947494033412885,1.0
0,0,0,0,0,0,0,0,0,0,1,0,0,0,0,1,0,0.439644453863597,0.07851911926989798,0.7971360381861574,1.0
0,0,0,0,0,0,0,0,0,0,1,0,0,0,1,0,0,0.3628711973097541,0.11554326063007084,0.9045346062052504,1.0
1,0,1,0,0,0,0,0,0,0,1,0,0,0,0,1,0,0.20504084879748377,0.1708006602588444,0.8782816229116945,0.17038539553752538
0,0,0,0,0,0,0,0,0,0,1,0,0,0,0,1,0,0.4665559797217796,0.09089126423089125,0.7828162291169449,1.0
0,0,0,0,0,0,0,0,0,0,1,0,0,0,0,1,0,0.34284740241155254,0.12089436269152205,0.7828162291169449,1.0
1,0,1,0,0,0,0,0,0,0,1,0,0,0,0,1,0,0.08882744326170201,0.3806835048162756,0.6491646778042959,0.10141987829614604
0,1,0,0,0,0,0,0,1,0,0,0,0,0,0,1,0,0.5344916530948188,0.07995028986640372,0.8257756563245822,1.0
0,1,0,0,0,0,0,0,0,0,1,0,0,0,0,1,0,0.2875556813686864,0.132038489977454,0.8782816229116945,1.0
0,0,0,0,0,1,0,0,0,0,1,0,0,0,0,1,0,0.23094684308978025,0.1749795641753998,0.7828162291169449,1.0
0,0,1,0,0,0,0,0,0,0,1,0,0,0,0,1,0,0.3588304129428356,0.11249968568661688,0.9045346062052504,1.0
0,0,0,0,0,0,0,0,0,0,1,0,0,0,1,0,0,0.4269498039317176,0.08880316496083611,0.5894988066825775,1.0
1,0,1,0,0,0,0,0,0,0,1,0,0,0,0,1,0,0.1280663046958677,0.1689749784703152,0.8782816229116945,0.17038539553752538
0,0,0,0,0,0,0,0,0,0,1,0,0,0,0,1,0,0.44088973206263016,0.07326971644954096,0.7947494033412885,1.0
0,1,0,0,0,0,0,0,0,0,1,0,0,0,0,1,0,0.2594589206187186,0.1547097151389273,0.7828162291169449,1.0
0,1,0,0,0,0,0,0,0,0,1,0,0,0,0,1,0,0.22104671124302588,0.18140019714672573,0.7947494033412885,1.0
0,0,0,0,0,0,0,0,0,0,1,0,0,0,0,1,0,0.26982858236450896,0.1532446407540661,0.36515513126491655,0.11764705882352942
0,0,0,0,0,0,0,0,0,0,1,0,0,0,0,1,0,0.324183647961968,0.09437626217029577,0.7828162291169449,0.5943204868154158
0,0,0,0,0,1,0,0,0,0,1,0,0,0,0,0,1,0.16949605102256282,0.23230924978771858,0.9045346062052504,1.0
1,0,1,0,0,0,0,0,0,0,1,0,0,0,0,1,0,0.14706218438604632,0.1846479188715351,0.7947494033412885,0.14807302231237324
0,1,0,0,0,0,0,0,0,0,1,0,0,0,0,1,0,0.19335039311963423,0.1603760317767457,0.8782816229116945,0.797160243407708
0,0,0,0,0,0,0,0,0,0,1,0,0,0,1,0,0,0.4195195238640476,0.09216131295818218,0.8496420047732696,1.0
0,0,0,0,0,0,0,0,0,0,1,0,0,0,0,1,0,0.13632567565745368,0.0918767634358529,0.8615751789976134,0.797160243407708
0,0,0,0,0,0,0,0,0,0,1,0,0,0,0,1,0,0.2971628259380317,0.1396737230740533,0.8615751789976134,0.797160243407708
1,0,1,0,0,0,0,0,0,0,1,0,0,0,0,1,0,0.07487641533464298,0.4309487992054745,0.8520286396181382,0.15618661257606492
0,0,0,0,0,0,0,0,0,0,1,0,0,0,0,1,0,0.4198270831494894,0.09549045641336597,0.9069212410501193,1.0
0,0,0,0,0,0,0,0,0,0,1,0,0,0,0,1,0,0.28110237161944307,0.11741699645291945,0.9069212410501193,0.797160243407708
0,0,0,0,0,0,0,0,0,0,1,0,0,0,0,1,0,0.12484799392583538,0.2973383952792548,0.8520286396181382,0.15618661257606492
0,0,0,0,0,0,0,0,0,0,1,0,0,0,0,1,0,0.18805953090064734,0.20578832128247007,0.8257756563245822,0.13184584178498987
0,0,0,0,0,0,0,0,0,0,1,0,0,0,1,0,0,0.48422613626639804,0.0870576711840651,0.8615751789976134,1.0
0,0,0,0,0,0,0,0,0,0,1,0,0,0,0,1,0,0.1795642334172947,0.20781712468527794,0.8615751789976134,0.11561866125760652
0,0,0,0,0,0,0,0,0,0,1,0,0,0,0,1,0,0.29320021243409106,0.10922622572188057,0.8257756563245822,0.3914807302231238
0,0,0,0,0,0,0,0,0,0,1,0,0,0,0,1,0,0.17518633233622904,0.2162903083845076,0.7780429594272076,1.0
0,0,0,0,0,0,0,0,0,0,1,0,0,0,0,1,0,0.19117499971149723,0.1399608965986768,0.9069212410501193,1.0
0,1,0,0,0,0,0,0,0,0,0,0,1,0,0,1,0,0.31359249426070435,0.1284354527755287,0.7780429594272076,1.0
0,0,0,0,0,0,0,0,0,0,1,0,0,0,0,1,0,0.2662532222070954,0.13295933504355614,0.6801909307875893,1.0
0,0,0,0,0,0,0,0,0,0,1,0,0,0,0,1,0,0.36508596090065937,0.10582058936288218,0.8615751789976134,1.0
0,1,0,0,0,0,0,0,0,0,1,0,0,0,0,1,0,0.3194858318461631,0.10055786483068678,0.8615751789976134,1.0
0,0,0,0,0,0,0,0,0,0,1,0,0,0,0,1,0,0.4038417876343687,0.10383234538931375,0.7708830548926013,1.0
0,1,0,0,0,0,0,0,1,0,0,0,0,0,0,1,0,0.21928277307095398,0.16165452892342963,0.7708830548926013,1.0
0,0,1,0,0,0,0,0,0,0,1,0,0,0,0,1,0,0.35483255972110783,0.11625466991906848,0.7971360381861574,1.0
1,0,1,0,0,0,0,0,0,0,1,0,0,0,0,1,0,0.11464730490793838,0.31058049311812824,0.8520286396181382,0.15618661257606492
0,0,0,0,0,0,0,0,0,0,1,0,0,0,0,1,0,0.42202855451793264,0.09863935913971018,0.7780429594272076,1.0
0,0,0,0,0,0,0,0,0,0,1,0,0,0,0,1,0,0.057396818336781445,0.4970584962392376,0.8257756563245822,0.13184584178498987
0,0,1,0,0,0,0,0,0,0,1,0,0,0,0,1,0,0.2601328935607842,0.12621213450414737,0.7971360381861574,1.0
0,1,0,0,0,0,0,0,0,0,0,0,1,0,0,1,0,0.3015665248617217,0.13540728147497091,0.7971360381861574,1.0
0,0,0,0,0,0,0,0,0,0,1,0,0,0,0,1,0,0.11698368277118822,0.2930525879938458,0.4295942720763723,0.14198782961460446
0,1,0,0,0,0,0,0,0,0,0,0,1,0,0,1,0,0.07067213109203768,0.38571250865097806,0.9069212410501193,1.0
0,0,1,0,0,0,0,0,0,0,1,0,0,0,0,1,0,0.29895989095393094,0.1344152279526233,0.7326968973747017,0.5943204868154158
0,0,1,0,0,0,0,0,0,0,1,0,0,0,0,1,0,0.40162426605411433,0.09632153182315138,0.5894988066825775,1.0
0,0,0,0,0,1,0,0,0,0,1,0,0,0,0,1,0,0.24074298367591979,0.16555794665909596,0.7780429594272076,0.08316430020283977
0,1,0,0,0,0,0,0,0,0,1,0,0,0,0,1,0,0.5236953366062346,0.0808630832856414,0.8424821002386635,1.0
0,0,0,0,0,0,0,0,0,0,1,0,0,0,0,1,0,0.38228694606029245,0.09372953159551943,0.7422434367541766,1.0
0,0,0,0,0,0,0,0,0,0,1,0,0,0,1,0,0,0.40538935180067887,0.08081304630746754,0.7422434367541766,1.0
0,1,1,0,0,0,0,0,0,0,0,0,1,0,0,1,0,0.19094283531966916,0.20453985990140075,0.7661097852028638,1.0
0,1,0,0,0,0,0,0,0,0,1,0,0,0,0,1,0,0.3583382243731042,0.09746909520357122,0.7661097852028638,1.0
0,0,0,0,0,0,0,0,0,0,1,0,0,0,0,1,0,0.42580047805910715,0.07628656516999088,0.7422434367541766,1.0
0,1,0,0,0,1,0,0,0,0,1,0,0,0,0,1,0,0.09623790242505824,0.33621365764052075,0.5704057279236276,0.5943204868154158
0,0,1,0,0,0,0,0,0,0,1,0,0,0,0,1,0,0.4679022847984551,0.0903956016905248,0.8424821002386635,1.0
0,0,0,0,0,0,0,0,0,0,1,0,0,0,1,0,0,0.4441792076580936,0.08579663539425243,0.7040572792362769,1.0
0,0,0,0,0,1,0,0,0,0,1,0,0,0,0,1,0,0.20595728165411464,0.12179326522394915,0.6825775656324582,1.0
0,0,0,0,0,0,0,0,0,0,1,0,0,0,0,1,0,0.15759256094552987,0.2451652203630999,0.7899761336515512,1.0
1,0,1,0,0,0,0,0,0,0,1,0,0,0,0,1,0,0.11390554516349531,0.3086960171174497,0.8042959427207637,0.16024340770791076
0,1,0,0,0,0,0,0,0,0,1,0,0,0,0,1,0,0.274381038000226,0.14949393315675866,0.7804295942720763,0.5943204868154158
0,0,0,0,0,0,0,0,0,0,1,0,0,0,0,1,0,0.3952722034265916,0.10693504517956325,0.8424821002386635,0.797160243407708
1,0,1,0,0,0,0,0,0,0,1,0,0,0,0,1,0,0.07601905279356716,0.42719358135745705,0.4677804295942721,0.15010141987829617
0,1,0,0,0,1,0,0,0,0,1,0,0,0,0,1,0,0.2031251423890715,0.14274469759114888,0.7040572792362769,1.0
0,0,0,0,0,0,0,0,0,0,1,0,0,0,0,1,0,0.3351803572262667,0.09236458817467054,0.7040572792362769,1.0
0,0,0,0,0,0,0,0,0,0,1,0,0,0,0,1,0,0.29605117581131163,0.09773227679023977,0.7899761336515512,1.0
0,0,0,0,0,0,0,0,0,0,1,0,0,0,0,1,0,0.21484731462571413,0.1274805426690116,0.35083532219570407,0.13793103448275862
0,0,0,0,0,0,0,0,0,0,1,0,0,0,0,1,0,0.4074034321116708,0.0955860994675814,0.7637231503579953,1.0
0,1,0,0,0,0,0,0,0,0,1,0,0,0,0,1,0,0.39179196864085053,0.10793883214283595,0.8353221957040573,1.0
0,0,0,0,0,0,0,0,0,0,1,0,0,0,0,1,0,0.34258035196175923,0.12254423286527691,0.8353221957040573,0.3914807302231238
0,1,0,0,0,1,0,0,0,0,0,0,1,0,0,1,0,0.21974664846582845,0.1749436110022105,0.6587112171837708,1.0
0,0,0,0,0,0,0,0,0,0,1,0,0,0,0,1,0,0.1429693984456809,0.2321875599421131,0.8353221957040573,0.13995943204868155
0,1,0,0,0,0,0,0,0,0,1,0,0,0,0,1,0,0.23738898175993928,0.17144258802888304,0.8353221957040573,0.3914807302231238
0,0,0,0,0,0,0,0,0,0,1,0,0,0,0,1,0,0.24113522496295703,0.16329864421609092,0.7470167064439142,1.0
0,0,0,0,0,0,0,0,0,0,1,0,0,0,1,0,0,0.489883272031079,0.08566747349491514,0.9188544152744629,1.0
1,0,1,0,0,0,0,0,0,0,1,0,0,0,0,1,0,0.1781449109827457,0.21476875623478278,0.9188544152744629,0.1359026369168357
0,1,0,0,0,0,0,0,0,0,1,0,0,0,0,1,0,0.23321079840527423,0.17301348748408832,0.9188544152744629,1.0
0,0,1,0,0,0,0,0,0,0,1,0,0,0,0,1,0,0.27035661612206274,0.1505066879005202,0.8114558472553699,0.797160243407708
1,0,1,0,0,0,0,0,0,0,1,0,0,0,0,1,0,0.14195805282872057,0.203705487746553,0.35083532219570407,0.15821501014198783
0,0,1,0,0,0,0,0,0,0,1,0,0,0,0,1,0,0.47686663376881505,0.08610581942343573,0.6324582338902147,1.0
0,0,0,0,0,0,0,0,0,0,1,0,0,0,1,0,0,0.5099435579588819,0.08293366476610385,0.935560859188544,1.0
0,0,0,0,0,0,0,0,0,0,1,0,0,0,0,1,0,0.4868273149971855,0.07434069906044521,0.7708830548926013,1.0
0,0,0,0,0,0,0,0,0,0,0,0,1,0,0,1,0,0.14450060849954885,0.2176884621619683,0.6945107398568018,1.0
0,1,1,0,0,0,0,0,0,0,1,0,0,0,0,1,0,0.16431918975224702,0.20869145181860738,0.35083532219570407,1.0
0,0,1,0,0,0,0,0,0,0,1,0,0,0,0,1,0,0.38470758245283243,0.089728068614718,0.9785202863961813,1.0
0,0,0,0,0,0,0,0,0,0,1,0,0,0,0,1,0,0.46612456361510163,0.08680289095981476,0.9140811455847255,1.0
0,1,0,0,0,0,0,0,0,0,1,0,0,0,0,1,0,0.15589911379496585,0.21273555272224037,0.8520286396181382,1.0
0,1,0,0,0,0,0,0,0,0,0,0,1,0,0,1,0,0.12632231009938857,0.21432739424606348,0.928400954653938,1.0
0,0,0,0,0,0,0,0,0,0,1,0,0,0,0,1,0,0.283273034075254,0.11647602837056648,0.9140811455847255,1.0
0,1,0,0,0,0,0,0,0,0,1,0,0,0,0,1,0,0.3346138209296431,0.12486363332568431,0.8830548926014319,1.0
0,1,1,0,0,1,0,0,0,0,1,0,0,0,0,1,0,0.26708885478088507,0.1322021026380267,0.8520286396181382,1.0
0,0,0,0,0,0,0,0,0,0,1,0,0,0,0,1,0,0.308888197770768,0.12124407184400351,0.8758949880668256,1.0
0,0,0,0,0,0,0,0,0,0,1,0,0,0,0,1,0,0.3684914932067248,0.10619335502945665,0.7422434367541766,0.797160243407708
0,0,0,0,0,1,0,0,0,0,1,0,0,0,0,1,0,0.15301011160537298,0.23763717204447546,0.7637231503579953,1.0
0,1,0,0,0,0,0,0,1,0,0,0,0,0,0,1,0,0.10833536012764182,0.2851048175873878,0.7613365155131264,1.0
0,1,0,0,0,0,0,0,1,0,0,0,0,0,0,1,0,0.03482775757380274,0.6471612262284236,0.8520286396181382,1.0
0,0,0,0,0,0,0,0,0,0,1,0,0,0,1,0,0,0.40030415577712664,0.09993872702113889,0.8520286396181382,1.0
0,1,0,0,0,0,0,0,0,0,1,0,0,0,0,1,0,0.45040633987810696,0.054671711084060715,0.6801909307875893,1.0
0,0,0,0,0,0,0,0,1,0,0,0,0,0,0,1,0,0.29996266791057025,0.067291091926439,0.5155131264916468,1.0
0,0,0,0,0,0,0,0,1,0,0,0,0,0,0,1,0,0.09299772597477995,0.3616155013693402,0.7661097852028638,0.797160243407708
0,0,0,0,0,0,0,0,0,0,1,0,0,0,0,1,0,0.4723916343035956,0.09014873919057192,0.7804295942720763,1.0
1,0,1,0,0,0,0,0,0,0,1,0,0,0,0,1,0,0.08896608882696626,0.3751439443351154,0.928400954653938,0.16024340770791076
0,0,0,0,0,0,0,0,0,0,1,0,0,0,0,1,0,0.3901688057071153,0.10407908326183843,0.8520286396181382,1.0
0,0,0,0,0,0,0,0,0,0,1,0,0,0,0,1,0,0.35628897670270043,0.11260394318351216,0.7828162291169449,1.0
0,0,0,0,0,0,0,0,0,0,1,0,0,0,1,0,0,0.4520957918662315,0.09408582268583694,0.5059665871121717,1.0
0,1,0,0,0,0,0,0,1,0,0,0,0,0,0,1,0,0.16690309134914186,0.2116174758551075,0.8758949880668256,0.5943204868154158
0,0,0,0,0,0,0,0,0,0,1,0,0,0,0,1,0,0.4690698292208387,0.09024812963399705,0.20763723150357993,1.0
1,0,1,0,0,0,0,0,0,0,1,0,0,0,0,1,0,0.18057607294331882,0.21967526517436894,0.8520286396181382,0.15618661257606492
0,0,0,0,0,0,0,0,0,0,1,0,0,0,0,1,0,0.3952227356323546,0.09889792374492246,0.8066825775656323,1.0
0,1,0,0,0,0,0,0,0,0,1,0,0,0,0,1,0,0.3949258032717217,0.10251066584439644,0.5155131264916468,1.0
0,0,0,0,0,0,0,0,0,0,1,0,0,0,0,1,0,0.4512057541775554,0.08872139101492885,0.7971360381861574,1.0
0,1,0,0,0,0,0,0,1,0,0,0,0,0,0,1,0,0.28960967548004096,0.13101306579416902,0.7971360381861574,1.0
0,0,0,0,0,0,0,0,0,0,1,0,0,0,0,1,0,0.2228829652824258,0.15059888977793237,0.6945107398568018,1.0
0,0,0,0,0,0,0,0,0,0,1,0,0,0,0,1,0,0.30358245907468834,0.13133864974131612,0.6945107398568018,0.5943204868154158
0,0,0,0,0,0,0,0,1,0,0,0,0,0,0,1,0,0.31588160968956935,0.11104935040456776,0.809069212410501,0.5943204868154158
0,0,0,0,0,0,0,0,0,0,1,0,0,0,0,1,0,0.4462953237635101,0.09242979044557072,0.8854415274463008,1.0
1,0,1,0,0,0,0,0,0,0,1,0,0,0,0,1,0,0.18794758674513268,0.15215991808891507,0.6157517899761338,0.16227180527383367
0,0,0,0,0,0,0,0,0,0,1,0,0,0,0,1,0,0.4502524486242896,0.07066640850275469,0.8758949880668256,1.0
1,0,1,0,0,0,0,0,0,0,1,0,0,0,0,1,0,0.10451358498534555,0.3251513670575167,0.8186157517899761,0.09736308316430023
0,0,0,0,0,0,0,0,0,0,1,0,0,0,0,1,0,0.2872633696655824,0.0859071628955376,0.8520286396181382,1.0
0,0,1,0,0,1,0,0,1,0,0,0,0,0,0,1,0,0.15583606969822433,0.23438884467428628,0.7971360381861574,1.0
0,0,0,0,0,0,0,0,1,0,0,0,0,0,0,1,0,0.41085115822875157,0.10231637302905396,0.8854415274463008,1.0
0,0,0,0,0,0,0,0,0,0,1,0,0,0,0,1,0,0.36193159658490287,0.11520477864210762,0.8854415274463008,1.0
0,0,0,0,0,0,0,0,0,0,1,0,0,0,0,1,0,0.1594959615974197,0.2438932946061508,0.8758949880668256,0.15010141987829617
0,0,0,0,0,1,0,0,0,0,1,0,0,0,0,1,0,0.12709164469786124,0.2942104908949985,0.8257756563245822,0.13184584178498987
0,0,1,0,0,0,0,0,0,0,1,0,0,0,0,1,0,0.2411958751491305,0.15871025964564855,0.809069212410501,1.0
0,0,0,0,0,1,0,0,0,0,1,0,0,0,0,1,0,0.3880180974587942,0.10753661035969592,0.8424821002386635,1.0
0,0,0,0,0,0,0,0,0,0,1,0,0,0,0,1,0,0.23648763728234956,0.1548474996444361,0.9307875894988065,1.0
0,0,0,0,0,0,0,0,0,0,1,0,0,0,0,1,0,0.2455713428410593,0.1233850403163398,0.8186157517899761,1.0
0,0,0,0,0,1,0,0,0,0,1,0,0,0,1,0,0,0.5265980718303123,0.06202375608091489,0.7684964200477327,1.0
0,1,0,0,0,0,0,0,1,0,0,0,0,0,0,1,0,0.4091322120448484,0.0900857365301683,0.8424821002386635,1.0
0,0,0,0,0,0,0,1,0,0,0,0,0,0,0,1,0,0.14786540143055502,0.2503997241848553,0.8424821002386635,0.11561866125760652
0,1,0,0,0,0,0,0,0,0,1,0,0,0,0,1,0,0.2874609086054297,0.04873671173949336,0.8424821002386635,1.0
0,0,0,0,0,0,0,0,0,0,1,0,0,0,0,1,0,0.4368108560683402,0.06734875803620927,0.8926014319809068,1.0
1,0,1,0,0,0,0,0,0,0,1,0,0,0,0,1,0,0.14662574251577573,0.24256035776722595,0.8281622911694511,0.16227180527383367
0,0,0,0,0,0,0,0,0,0,1,0,0,0,1,0,0,0.5125919128767229,0.08116768864430186,0.8926014319809068,1.0
0,0,1,0,0,0,0,0,1,0,0,0,0,0,0,1,0,0.25982437619701887,0.1331979001221601,0.844868735083532,1.0
1,0,1,0,1,0,0,0,0,0,1,0,0,0,0,1,0,0.10943863720433991,0.17951076102287122,0.8281622911694511,0.16227180527383367
0,1,0,0,0,0,0,0,0,0,0,0,1,0,0,1,0,0.31594296480732964,0.1272688841647475,0.8424821002386635,0.797160243407708
1,0,1,0,0,0,0,0,0,0,1,0,0,0,0,1,0,0.16041941829145417,0.2417675732842251,0.8568019093078758,0.1237322515212982
0,0,0,0,0,0,0,0,0,0,1,0,0,0,0,1,0,0.5313361319115504,0.07129843428008686,0.9212410501193318,1.0
0,0,0,0,0,0,0,0,0,0,1,0,0,0,0,1,0,0.5075467188674451,0.06785469503582797,0.3842482100238663,1.0
1,0,1,0,0,0,0,0,0,0,1,0,0,0,0,1,0,0.189830608528732,0.20136441106255723,0.8377088305489258,0.16024340770791076
0,0,1,0,0,0,0,0,1,0,0,0,0,0,0,1,0,0.22769838551754998,0.17828995661751681,0.8377088305489258,0.797160243407708
0,0,0,0,0,1,0,0,0,0,1,0,0,0,0,1,0,0.09719372203129471,0.296246071050491,0.8377088305489258,0.16024340770791076
0,0,0,0,0,0,0,0,0,0,1,0,0,0,0,1,0,0.1387204342722209,0.27487556442564043,0.8377088305489258,0.16024340770791076
0,0,0,0,0,0,0,0,0,0,1,0,0,0,0,1,0,0.3856383620886171,0.10637779616756238,0.6921241050119331,1.0
0,0,0,0,0,0,0,0,0,0,1,0,0,0,0,1,0,0.20456757906096437,0.1678000304307776,0.8377088305489258,0.16024340770791076
0,0,0,0,0,0,0,0,1,0,0,0,0,0,0,1,0,0.31588521912980744,0.13186263381734187,0.6992840095465394,1.0
0,0,0,0,0,0,0,0,0,0,1,0,0,0,0,1,0,0.38543270327913104,0.08070528495473417,0.8424821002386635,1.0
0,1,0,0,0,0,0,0,0,0,0,0,1,0,0,1,0,0.23523938925035937,0.1436012976193896,0.6706443914081146,1.0
0,1,0,0,0,0,0,0,0,0,1,0,0,0,0,1,0,0.33285717444867224,0.10873212149707552,0.844868735083532,1.0
0,0,0,0,0,0,0,0,0,0,1,0,0,0,0,1,0,0.6241917654146205,0.057898966778056254,0.42482100238663484,1.0
0,0,0,0,0,0,0,0,0,0,1,0,0,0,0,1,0,0.43101464796533506,0.08022491479480524,0.8400954653937946,1.0
0,0,0,0,0,0,0,0,0,0,1,0,0,0,0,1,0,0.41015543084060446,0.08929481767291178,0.844868735083532,1.0
0,0,0,0,0,0,0,0,0,0,1,0,0,0,0,1,0,0.4668631895966054,0.09077781690786381,0.9212410501193318,1.0
0,0,0,0,0,0,0,0,0,0,1,0,0,0,0,1,0,0.25129167015626047,0.13357918925204784,0.6706443914081146,1.0
0,0,1,0,0,0,0,0,0,0,1,0,0,0,0,1,0,0.3212911804464221,0.12840753625431045,0.6157517899761338,0.5943204868154158
0,0,0,0,0,0,0,0,0,0,1,0,0,0,0,1,0,0.40590015832910903,0.10102378970757488,0.5966587112171837,1.0
0,0,0,0,0,0,0,0,0,0,1,0,0,0,1,0,0,0.39601640898306684,0.10656021555866073,0.8400954653937946,1.0
0,1,0,0,0,0,0,0,0,0,0,0,1,0,0,1,0,0.43544565872069024,0.09458675804322987,0.8400954653937946,1.0
0,0,0,0,0,0,0,0,0,0,1,0,0,0,0,1,0,0.19117499971149723,0.1399608965986768,0.2649164677804296,0.14198782961460446
0,0,0,0,0,0,0,0,0,0,1,0,0,0,0,1,0,0.3748367201671268,0.10709957681421074,0.8544152744630071,1.0
0,0,0,0,0,0,0,0,0,0,1,0,0,0,1,0,0,0.31458326033434986,0.11545623119955072,0.8544152744630071,1.0
0,1,0,0,0,0,0,0,1,0,0,0,0,0,0,1,0,0.2839091618416103,0.0554579052400203,0.8424821002386635,1.0
0,0,0,0,0,0,0,0,0,0,1,0,0,0,0,1,0,0.3646302060472711,0.1105292063694328,0.8400954653937946,1.0
0,0,0,0,0,0,0,0,0,0,1,0,0,0,1,0,0,0.38630825505817445,0.10121947670980898,0.8400954653937946,1.0
0,0,0,0,0,0,0,0,0,0,1,0,0,0,0,1,0,0.42057310711781,0.09275985654384569,0.9785202863961813,1.0
0,0,0,0,0,0,0,0,0,0,1,0,0,0,0,1,0,0.5099981108436845,0.08363367533242017,0.8066825775656323,1.0
0,1,0,1,0,1,0,0,0,0,1,0,0,0,0,1,0,0.035598887545213426,0.6427660510211881,0.8400954653937946,1.0
0,1,0,0,0,1,0,0,0,0,0,0,1,0,0,1,0,0.049975913422408307,0.5327224316074909,0.9785202863961813,1.0
0,0,0,0,0,0,0,0,0,0,1,0,0,0,0,1,0,0.12890120205602165,0.10331623024244482,0.8496420047732696,0.1359026369168357
0,1,0,0,0,0,0,0,0,0,1,0,0,0,0,1,0,0.09075182040988562,0.17421917947026289,0.8496420047732696,1.0
0,0,1,0,0,0,0,0,0,0,1,0,0,0,0,1,0,0.18911699712947475,0.11568852929521499,0.6324582338902147,1.0
0,0,0,0,0,0,0,0,0,0,1,0,0,0,0,1,0,0.2357594556613054,0.17164962410671467,0.8400954653937946,1.0
0,0,0,0,0,0,0,0,0,0,1,0,0,0,0,1,0,0.1351178862246458,0.2557483990725363,0.8424821002386635,0.13184584178498987
0,0,0,0,0,0,0,0,0,0,1,0,0,0,0,1,0,0.3070094448230659,0.1322874721412114,0.8544152744630071,1.0
0,0,0,0,0,0,0,0,0,0,1,0,0,0,0,1,0,0.12027501949868298,0.2793107757248267,0.9785202863961813,0.797160243407708
0,0,0,0,0,0,0,0,0,0,1,0,0,0,0,1,0,0.5388778470660247,0.07524918802086616,,1.0
0,0,0,0,0,1,0,0,0,0,1,0,0,0,0,1,0,0.14626237169837872,0.20020957633152492,0.8544152744630071,1.0
0,0,0,0,0,0,0,0,0,0,1,0,0,0,0,1,0,0.39047217254058,0.10274884716040776,0.8424821002386635,0.797160243407708
0,0,0,0,0,1,0,0,0,0,1,0,0,0,0,1,0,0.18778250334312185,0.11726741503066362,0.8042959427207637,1.0
0,0,0,0,0,0,0,0,0,0,1,0,0,0,0,1,0,0.28434446641671635,0.11204524257874365,0.7875894988066825,1.0
0,0,0,0,0,0,0,0,1,0,0,0,0,0,0,1,0,0.34216268503611486,0.08357237824068066,0.5823389021479712,0.5943204868154158
0,0,0,0,0,0,0,0,0,0,1,0,0,0,0,1,0,0.24614399701967632,0.1340992524071786,0.9069212410501193,1.0
0,1,0,0,0,0,0,0,0,0,1,0,0,0,0,1,0,0.24710779053161236,0.1331450896111248,0.665871121718377,1.0
0,0,1,0,0,0,0,0,0,0,1,0,0,0,0,1,0,0.42209136851149887,0.09006807663397205,0.8042959427207637,1.0
0,0,1,0,0,0,0,0,0,0,1,0,0,0,0,1,0,0.4047329042972734,0.10157163723775538,0.5823389021479712,1.0
0,0,1,0,0,1,0,0,1,0,0,0,0,0,0,1,0,0.22581955198186815,0.17491800606634209,0.7804295942720763,1.0
0,0,0,0,0,0,0,0,0,0,1,0,0,0,0,1,0,0.4486077581527765,0.07708348417208497,0.665871121718377,1.0
0,1,0,0,0,0,0,0,0,0,1,0,0,0,0,1,0,0.29069010362840914,0.13810088686398148,0.6515513126491648,1.0
0,0,0,0,0,0,0,0,0,0,1,0,0,0,0,1,0,0.16522446745842856,0.1513385176338149,0.665871121718377,0.10750507099391482
0,0,0,0,0,0,0,0,0,0,1,0,0,0,0,1,0,0.3685350768884428,0.11184135935585944,0.7804295942720763,1.0
0,1,0,0,0,0,0,0,0,0,0,0,1,0,0,1,0,0.3797546757644326,0.10864970461185296,0.5823389021479712,1.0
0,0,1,0,0,0,0,0,0,0,1,0,0,0,0,1,0,0.4082080678707205,0.07413842420658809,0.7875894988066825,1.0
0,0,0,0,0,0,0,0,0,0,1,0,0,0,0,1,0,0.5052879193290447,0.07976771963239673,0.486873508353222,1.0
0,0,0,0,0,0,0,0,0,0,1,0,0,0,1,0,0,0.4494616695103145,0.07339405929582273,0.8138424821002386,1.0
1,0,1,0,0,0,0,0,0,0,1,0,0,0,0,1,0,0.15522543422127266,0.1426390717140656,0.5584725536992841,0.14604462474645033
0,0,0,0,0,0,0,0,0,0,1,0,0,0,1,0,0,0.4487235914229354,0.09087537238007255,0.8138424821002386,1.0
0,0,1,0,0,0,0,0,0,0,1,0,0,0,0,1,0,0.2743438793346994,0.136377587541667,0.7780429594272076,1.0
0,0,1,0,0,0,0,0,1,0,0,0,0,0,0,1,0,0.318369977449981,0.1311177381344152,0.7780429594272076,1.0
0,0,0,0,0,0,0,0,0,0,1,0,0,0,0,1,0,0.35463879770780093,0.0912128718872268,0.8830548926014319,1.0
0,0,0,0,0,0,0,0,0,0,1,0,0,0,0,1,0,0.40720556727410473,0.10331659210128633,0.7971360381861574,1.0
0,0,0,0,0,1,0,0,0,0,1,0,0,0,0,1,0,0.3842742686329307,0.10748689842464544,0.8305489260143197,1.0
1,0,1,0,0,0,0,0,0,0,1,0,0,0,0,1,0,0.22272210685688895,0.10138599577312199,0.7780429594272076,0.15618661257606492
0,0,0,0,0,0,0,0,0,0,1,0,0,0,0,1,0,0.3983102935517976,0.09745795906293217,0.8305489260143197,1.0
0,0,0,0,0,0,0,0,0,0,1,0,0,0,0,1,0,0.2680360100586522,0.08542651453727339,0.8830548926014319,1.0
0,1,0,0,0,0,0,0,1,0,0,0,0,0,0,1,0,0.2654236141879293,0.11750295109696529,0.8830548926014319,1.0
0,0,0,0,0,0,0,0,0,0,1,0,0,0,0,1,0,0.445041352936254,0.09384858659823195,0.5369928400954653,1.0
0,1,0,0,0,1,0,0,0,0,1,0,0,0,0,1,0,0.23083504114421013,0.16938877026690943,0.9069212410501193,1.0
0,0,0,0,0,1,0,0,0,0,1,0,0,0,1,0,0,0.5468407700712841,0.055912511529950706,0.7684964200477327,1.0
0,0,0,0,0,0,0,0,0,0,1,0,0,0,0,1,0,0.2811991841721914,0.08409205480415467,0.809069212410501,1.0
0,0,0,0,0,0,0,0,0,0,1,0,0,0,0,1,0,0.3123689639231813,0.10001857687358039,0.6610978520286397,1.0
0,0,0,0,0,0,0,0,0,0,1,0,0,0,0,1,0,0.6821078259948921,0.04880045444921983,0.7828162291169449,1.0
0,0,0,0,0,0,0,0,0,0,1,0,0,0,0,1,0,0.44088973206263016,0.09238831375818245,0.809069212410501,1.0
0,0,0,0,0,0,0,0,0,0,1,0,0,0,0,1,0,0.42838697547820404,0.09722009576022425,0.9307875894988065,1.0
0,0,0,0,0,0,0,0,0,0,1,0,0,0,0,1,0,0.28335712888734244,0.08591449824758614,0.809069212410501,1.0
0,1,0,0,0,0,0,0,0,0,1,0,0,0,0,1,0,0.1831524054265487,0.1298453958977522,0.486873508353222,1.0
0,1,0,0,0,1,0,0,1,0,0,0,0,0,0,1,0,0.2952667951983442,0.1342584953218886,0.6610978520286397,1.0
0,0,0,0,0,0,0,0,0,0,1,0,0,0,1,0,0,0.37468969126185164,0.09778629234998179,0.7684964200477327,1.0
0,1,1,0,0,0,0,0,0,0,1,0,0,0,0,1,0,0.19448382649934548,0.18444173797052396,0.7828162291169449,1.0
0,0,0,0,0,0,0,0,0,0,1,0,0,0,0,1,0,0.17518633233622918,0.08340740492611154,0.7828162291169449,1.0
0,1,0,0,0,0,0,0,0,0,1,0,0,0,0,1,0,0.210647706535276,0.19123239393870978,0.7828162291169449,1.0
0,1,0,0,0,0,0,0,0,0,1,0,0,0,0,1,0,0.32908448116912803,0.12502518514157032,0.6491646778042959,1.0
0,0,0,0,0,0,0,0,0,0,1,0,0,0,0,1,0,0.3578549917380932,0.10984663130514914,0.27207637231503584,1.0
0,0,0,0,0,1,0,0,0,0,1,0,0,0,0,1,0,0.24813163179957998,0.1509524868418036,0.7828162291169449,1.0
0,0,0,0,0,0,0,0,0,0,1,0,0,0,1,0,0,0.507190356027627,0.08113557966111569,0.7804295942720763,1.0
0,1,1,0,0,0,0,0,0,0,1,0,0,0,0,1,0,0.5376442450418335,0.07731959895322049,0.6491646778042959,1.0
0,0,0,0,0,1,0,0,0,0,1,0,0,0,0,1,0,0.2752014384730297,0.10592159758945857,0.8782816229116945,1.0
0,0,0,0,0,0,0,0,0,0,1,0,0,0,0,1,0,0.2001166841858597,0.1975948372040139,0.7804295942720763,1.0
0,0,0,0,0,0,0,0,0,0,1,0,0,0,0,1,0,0.25139934778583306,0.11351296113727803,0.809069212410501,1.0
0,0,0,0,0,0,0,0,0,0,1,0,0,0,0,1,0,0.5154587687280572,0.07983514855005344,0.8854415274463008,1.0
0,0,1,0,0,0,0,0,0,0,1,0,0,0,0,1,0,0.3308154433443224,0.08914033055991206,0.8186157517899761,1.0
0,0,0,0,0,0,0,0,0,0,1,0,0,0,0,1,0,0.25907553826372104,0.09660303958501189,0.8186157517899761,1.0
0,0,0,0,0,0,0,0,0,0,1,0,0,0,1,0,0,0.3351394336003426,0.11365345904447469,0.9331742243436754,1.0
1,0,1,0,0,0,0,0,0,0,1,0,0,0,0,1,0,0.1514928169637148,0.23414496318158057,0.8353221957040573,0.09736308316430023
0,1,0,0,0,0,0,0,0,0,1,0,0,0,0,1,0,0.2136739966897014,0.11744909519525752,0.8758949880668256,0.5943204868154158
0,1,0,0,0,0,0,0,0,0,1,0,0,0,0,1,0,0.35207153358068083,0.10989667087890898,0.5560859188544152,1.0
0,0,0,0,0,0,0,0,0,0,1,0,0,0,0,1,0,0.4134026912399822,0.09047627675350588,0.9140811455847255,1.0
0,0,0,0,0,0,0,0,0,0,1,0,0,0,0,1,0,0.39583048421523376,0.09861209090985831,0.8615751789976134,1.0
0,0,0,0,0,0,0,0,0,0,1,0,0,0,0,1,0,0.34190850410470747,0.12249287639304092,0.7875894988066825,1.0
0,0,0,0,0,0,0,0,0,0,1,0,0,0,0,1,0,0.31255861943008184,0.11085297256864021,0.8758949880668256,0.5943204868154158
0,1,0,0,0,0,0,0,0,0,1,0,0,0,0,1,0,0.10819918451490564,0.263410689802787,0.8758949880668256,1.0
0,0,0,0,0,0,0,0,0,0,1,0,0,0,0,1,0,0.2670337880235037,0.12668852208172268,0.7875894988066825,1.0
0,1,0,0,0,0,0,0,0,0,1,0,0,0,0,1,0,0.317307874732638,0.12056004310089119,0.8830548926014319,1.0
0,0,0,0,0,0,0,0,0,0,1,0,0,0,0,1,0,0.44513474132878983,0.08294814569202162,0.4797136038186158,1.0
0,1,0,0,0,0,0,0,0,0,0,0,1,0,0,1,0,0.11418420716455473,0.30061889646933504,0.3556085918854415,1.0
0,0,0,0,0,0,0,0,0,0,1,0,0,0,0,1,0,0.3010983163656453,0.07504820346399209,0.8758949880668256,1.0
0,0,0,0,0,0,0,0,0,0,1,0,0,0,0,1,0,0.3445783856802171,0.11585696657298518,0.9140811455847255,1.0
0,1,0,0,0,0,0,0,1,0,0,0,0,0,0,1,0,0.23640683268668278,0.08493584979646716,0.8615751789976134,1.0
0,0,0,0,0,0,0,0,0,0,1,0,0,0,0,1,0,0.5555691126492769,0.0770760021484967,0.6443914081145585,1.0
0,1,0,0,0,0,0,0,0,0,1,0,0,0,0,1,0,0.4081939646624709,0.10032124392636131,0.6443914081145585,0.5943204868154158
0,1,0,0,0,1,0,0,0,0,1,0,0,0,0,1,0,0.1452719067243666,0.2114409630045807,0.9140811455847255,1.0
0,0,0,0,0,0,0,0,0,0,1,0,0,0,0,1,0,0.28204896624525416,0.12466664395414176,0.8758949880668256,1.0
0,1,0,0,0,1,0,0,1,0,0,0,0,0,0,1,0,0.11074208753168303,0.3108716099114698,0.928400954653938,0.5943204868154158
0,0,1,0,0,0,0,0,1,0,0,0,0,0,0,1,0,0.26275217121628885,0.1442135846029132,0.7875894988066825,0.5943204868154158
0,0,0,0,0,0,0,0,0,0,1,0,0,0,0,1,0,0.25212055973779934,0.11840212358070468,0.9140811455847255,1.0
0,0,0,0,0,1,0,0,0,0,1,0,0,0,0,1,0,0.16814212080002663,0.2277942627765782,0.8758949880668256,1.0
0,0,0,0,0,0,0,0,0,0,1,0,0,0,0,1,0,0.15286755916562278,0.2000072744810367,0.928400954653938,0.16024340770791076
0,1,0,0,0,0,0,0,1,0,0,0,0,0,0,1,0,0.3409067370490026,0.09830141561205048,0.8615751789976134,1.0
0,1,0,0,0,0,0,0,0,0,1,0,0,0,0,1,0,0.30395715248398725,0.10465438286863797,0.928400954653938,1.0
0,0,0,0,0,0,0,0,0,0,1,0,0,0,1,0,0,0.42599810511378666,0.05780202574479503,0.7756563245823389,1.0
0,0,1,0,0,0,0,0,0,0,1,0,0,0,0,1,0,0.2902716970015713,0.14305513553955182,0.9045346062052504,1.0
0,1,0,0,0,0,0,0,1,0,0,0,0,0,0,1,0,0.10026324678713917,0.3542440615705925,0.19093078758949883,1.0
0,1,0,0,0,0,0,0,0,0,0,0,1,0,0,1,0,0.23796604149059047,0.17163041699991127,0.7780429594272076,1.0
0,0,0,0,0,0,0,0,0,0,1,0,0,0,0,1,0,0.2825873751358906,0.12207232433348743,0.7780429594272076,1.0
1,0,1,0,0,0,0,0,0,0,1,0,0,0,0,1,0,0.10834508116826039,0.3074350329844809,0.7780429594272076,0.15618661257606492
0,1,0,0,0,0,0,0,0,0,1,0,0,0,0,1,0,0.26388552873413834,0.12209530919347386,0.7708830548926013,1.0
0,0,0,0,0,0,0,0,0,0,1,0,0,0,0,1,0,0.43875099466219664,0.0964070295438156,0.7947494033412885,1.0
0,1,0,0,0,0,0,0,0,0,1,0,0,0,0,1,0,0.33399504119653495,0.0913546897067505,0.9045346062052504,1.0
0,0,1,0,0,0,0,0,0,0,0,0,1,0,0,1,0,0.13358621263112214,0.28221333456880726,0.7947494033412885,1.0
0,0,0,0,0,1,0,1,0,0,0,0,0,0,0,1,0,0.09934375615987169,0.33090438146978135,0.8305489260143197,0.14198782961460446
0,0,0,0,0,1,0,0,0,0,1,0,0,0,1,0,0,0.4153792055166338,0.09848194524254658,0.9045346062052504,1.0
0,0,1,0,0,0,0,0,0,0,1,0,0,0,0,1,0,0.4122056795602366,0.09884766480800036,0.8305489260143197,0.5943204868154158
0,0,0,0,0,0,0,0,1,0,0,0,0,0,0,1,0,0.47062791586819636,0.08801410614066227,0.6252983293556085,1.0
0,0,0,0,0,0,0,0,0,0,1,0,0,0,0,1,0,0.32327756044695477,0.12203008865801494,0.8305489260143197,1.0
0,0,0,0,0,0,0,0,0,0,1,0,0,0,0,1,0,0.20647616419280557,0.19209410093587784,0.7947494033412885,0.14807302231237324
0,0,0,0,0,0,0,0,0,0,1,0,0,0,0,1,0,0.3143476346210709,0.13246325927871289,0.7947494033412885,0.5943204868154158
0,1,0,0,0,1,0,0,0,0,1,0,0,0,0,1,0,0.08650041975058319,0.38917409882707343,0.7947494033412885,1.0
0,1,0,0,0,0,0,0,0,0,0,0,1,0,0,1,0,0.09779095656686605,0.3576507211395225,0.44630071599045346,0.5943204868154158
0,0,0,0,0,0,0,0,0,0,1,0,0,0,0,1,0,0.2688411258614545,0.10660116000534163,0.7303102625298328,1.0
0,0,0,0,0,0,0,0,0,0,1,0,0,0,0,1,0,0.19001153875302323,0.12431315248898489,0.8758949880668256,0.5943204868154158
0,0,0,0,0,0,0,0,0,0,1,0,0,0,0,1,0,0.15260351604788588,0.21063916715354822,0.7804295942720763,0.15415821501014199
0,0,0,0,0,0,0,0,0,0,1,0,0,0,0,1,0,0.4481673270932961,0.0923087767053635,0.7303102625298328,1.0
0,1,0,0,0,0,0,0,0,0,0,0,1,0,0,1,0,0.22548178630810725,0.05900805184595808,0.8305489260143197,1.0
0,0,0,0,0,0,0,0,0,0,1,0,0,0,1,0,0,0.4487030009598518,0.0945270598581533,0.7923627684964201,1.0
0,0,0,0,0,1,0,0,0,0,1,0,0,0,0,1,0,0.1093518944778733,0.18883986592713123,0.8377088305489258,0.16024340770791076
0,1,0,0,0,0,0,0,1,0,0,0,0,0,0,1,0,0.37710555974933907,0.11049108230389022,0.6730310262529833,1.0
0,1,0,0,0,0,0,0,1,0,0,0,0,0,0,1,0,0.30304212317569923,0.1366574059626203,0.8758949880668256,1.0
0,0,0,0,0,0,0,0,0,0,1,0,0,0,0,1,0,0.14296181862076435,0.22588183690539707,0.7804295942720763,0.15415821501014199
0,0,1,0,0,0,0,0,0,0,1,0,0,0,0,1,0,0.4696636258272273,0.0719873309018868,0.7088305489260143,1.0
0,0,0,0,0,0,0,0,0,0,1,0,0,0,0,1,0,0.16688335587485983,0.2033956832367912,0.7088305489260143,0.3914807302231238
0,1,0,0,0,1,0,0,0,0,0,0,1,0,0,1,0,0.10416186341678982,0.2989276328775008,0.8305489260143197,1.0
0,1,0,0,0,0,1,0,0,0,0,0,0,0,0,1,0,0.14818117424508637,0.22312438799416195,0.8758949880668256,0.5943204868154158
0,1,0,0,0,1,0,0,0,0,0,0,1,0,0,1,0,0.08365689517910767,0.3680149960239963,0.8305489260143197,1.0
1,0,1,0,0,0,0,0,0,0,1,0,0,0,0,1,0,0.05041975483795972,0.5333747448142643,0.8377088305489258,0.16024340770791076
0,0,0,0,0,1,0,0,0,0,1,0,0,0,0,1,0,0.19853771542845325,0.18184090098078448,0.8758949880668256,1.0
0,0,0,0,0,0,0,0,0,0,1,0,0,0,0,1,0,0.48379567189566175,0.07148160213916636,0.7088305489260143,1.0
1,0,1,0,0,0,0,0,0,0,1,0,0,0,0,1,0,0.12597430737286774,0.28550907912258294,0.8377088305489258,0.16024340770791076
0,0,0,0,0,1,0,0,0,0,1,0,0,0,0,0,1,0.1710138263968638,0.23055631149023684,0.9212410501193318,1.0
0,0,0,0,0,0,0,0,0,0,1,0,0,0,0,1,0,0.1724809810754352,0.20042105260673487,0.8377088305489258,1.0
0,0,0,0,0,0,0,0,0,0,1,0,0,0,0,1,0,0.2452317359849388,0.16638786202149658,0.6706443914081146,1.0
0,1,0,0,0,0,0,0,0,0,0,0,1,0,0,1,0,0.28647984107980223,0.13839471244842363,0.6706443914081146,1.0
0,0,0,0,0,0,0,0,0,0,1,0,0,0,0,1,0,0.2788302672760347,0.10180172266099977,0.8305489260143197,1.0
0,0,0,0,0,0,0,0,1,0,0,0,0,0,0,1,0,0.09644264682080222,0.24471516310822297,0.9212410501193318,1.0
0,0,0,0,0,0,0,0,0,0,1,0,0,0,0,1,0,0.26551733411499207,0.10829076750761457,0.8758949880668256,0.5943204868154158
0,0,1,0,0,0,0,0,0,0,1,0,0,0,0,1,0,0.4008470570427537,0.07833236949880597,0.8042959427207637,1.0
0,0,1,0,0,1,0,0,0,0,0,0,1,0,0,1,0,0.09644264682080213,0.35138120474754797,0.7828162291169449,1.0
0,0,0,0,0,0,0,0,0,0,1,0,0,0,1,0,0,0.3561699719278236,0.09190926541962922,0.8042959427207637,1.0
0,0,0,0,0,0,0,0,0,0,1,0,0,0,0,1,0,0.3078392221374593,0.06860060118528986,0.6610978520286397,1.0
0,0,0,0,0,1,0,0,0,0,1,0,0,0,0,0,1,0.1694765941047743,0.23235050004409918,0.8758949880668256,1.0
0,1,1,0,0,0,0,0,0,0,1,0,0,0,0,1,0,0.3997202465190043,0.09718937368224621,0.42482100238663484,1.0
0,1,0,0,0,1,0,0,0,0,1,0,0,0,0,1,0,0.13145080313515237,0.26861206163924267,0.7494033412887828,1.0
0,0,0,0,0,0,0,0,0,0,1,0,0,0,0,1,0,0.4114114003678235,0.08732579018810406,0.8186157517899761,1.0
0,0,0,0,0,0,0,0,0,0,1,0,0,0,0,1,0,0.43042551241835725,0.09864397937071244,0.8830548926014319,0.797160243407708
0,0,0,0,0,0,0,0,0,0,1,0,0,0,0,1,0,0.3383983162576682,0.12382640988114879,0.7494033412887828,1.0
0,0,0,0,0,0,0,0,0,0,1,0,0,0,0,1,0,0.49222254647912783,0.0866807054048212,0.22195704057279242,1.0
0,0,0,0,0,0,0,0,0,0,1,0,0,0,0,1,0,0.31004035641469296,0.11131469443905599,0.6443914081145585,1.0
0,1,1,0,0,0,0,0,0,0,1,0,0,0,0,1,0,0.2500096440414889,0.16341049008341016,0.5823389021479712,0.5943204868154158
0,1,0,0,0,1,0,0,0,0,1,0,0,0,0,1,0,0.2312236979920992,0.17650840797021528,0.7684964200477327,1.0
0,1,0,0,0,0,0,0,0,0,0,0,1,0,0,1,0,0.3409067370490026,0.12116700250819738,0.7684964200477327,1.0
0,0,0,0,0,0,0,0,0,0,1,0,0,0,0,1,0,0.220539731056489,0.18006525026851405,0.8186157517899761,1.0
0,0,0,0,0,0,0,0,0,0,1,0,0,0,0,1,0,0.5384274271092491,0.07515349564588904,0.8186157517899761,1.0
0,0,0,0,0,0,0,0,0,0,1,0,0,0,0,1,0,0.43062912017863025,0.08303777045272746,0.8830548926014319,1.0
0,0,0,0,0,0,0,0,0,0,1,0,0,0,0,1,0,0.561326206011573,0.0723612576847775,0.34367541766109794,1.0
0,0,0,0,0,0,0,0,0,0,1,0,0,0,0,1,0,0.28197656810347627,0.14377463123123377,0.8782816229116945,1.0
0,1,0,0,0,0,0,0,0,0,0,0,1,0,0,1,0,0.3004628581346892,0.13692547960061618,0.8878281622911692,1.0
0,1,0,0,0,0,0,0,1,0,0,0,0,0,0,1,0,0.4105623452818883,0.06810795985619629,0.6443914081145585,1.0
0,1,0,0,0,0,0,0,0,0,1,0,0,0,0,1,0,0.451952682131045,0.0917481798588931,0.6443914081145585,1.0
0,0,0,0,0,0,0,0,0,0,1,0,0,0,0,1,0,0.23733688672954156,0.07444061400240196,0.5823389021479712,1.0
0,0,0,0,0,0,0,0,0,0,1,0,0,0,0,1,0,0.40991109479094906,0.08976070187419931,0.7494033412887828,1.0
1,0,1,0,0,0,0,0,0,0,1,0,0,0,0,1,0,0.10313083440474677,0.34719420409415774,0.477326968973747,0.15415821501014199
0,1,0,0,0,0,0,0,0,0,1,0,0,0,0,1,0,0.1320385010171354,0.22509391687940022,0.8878281622911692,1.0
1,0,1,0,0,0,0,0,0,0,1,0,0,0,0,1,0,0.13598498339569814,0.2655577446957472,0.8782816229116945,0.15821501014198783
0,1,0,0,0,0,0,0,1,0,0,0,0,0,0,1,0,0.10125797861676787,0.2666695169662057,0.34367541766109794,1.0
0,0,0,0,0,1,0,0,0,0,1,0,0,0,0,1,0,0.2570978102562951,0.1458125797639774,0.8042959427207637,0.5943204868154158
1,0,1,0,0,0,0,0,0,0,1,0,0,0,0,1,0,0.11449003860747055,0.3198451353498587,0.8782816229116945,0.15821501014198783
0,0,0,0,0,0,0,0,0,0,1,0,0,0,0,1,0,0.3406617290050975,0.11531421932544766,0.7899761336515512,1.0
0,0,1,0,0,0,0,0,0,0,1,0,0,0,0,1,0,0.3299372024923881,0.12284950981661802,0.7804295942720763,0.3914807302231238
0,1,0,0,0,0,0,0,1,0,0,0,0,0,0,1,0,0.13856455080877841,0.2660310600165035,0.7828162291169449,0.5943204868154158
0,1,0,0,0,1,0,0,0,0,1,0,0,0,0,1,0,0.10935189447787327,0.3320807557340677,0.8782816229116945,1.0
0,0,0,0,0,0,0,0,0,0,1,0,0,0,0,1,0,0.2291910114570634,0.17631653687088866,0.8782816229116945,1.0
0,0,0,0,0,0,0,0,1,0,0,0,0,0,0,1,0,0.2959935683182639,0.13940032753308138,0.8424821002386635,1.0
0,1,0,0,0,0,0,0,0,0,1,0,0,0,0,1,0,0.30106808549083686,0.13519458787501795,0.6491646778042959,1.0
1,0,1,0,0,0,0,0,0,0,1,0,0,0,0,1,0,0.22353032216759547,0.1583918132011578,0.8782816229116945,0.17038539553752538
0,0,0,0,0,0,0,0,0,0,1,0,0,0,0,1,0,0.12130750083106394,0.3006717741586208,0.8400954653937946,0.09736308316430023
0,1,0,0,0,0,0,0,0,0,0,0,1,0,0,1,0,0.2405232518473266,0.15397854246561035,0.8782816229116945,0.797160243407708
0,1,0,0,0,0,0,0,0,0,0,0,1,0,0,1,0,0.5096525132997387,0.08326357457107908,0.36515513126491655,1.0
0,0,0,0,0,1,0,0,0,0,1,0,0,0,0,1,0,0.1344301852468743,0.27592410752804136,0.8424821002386635,1.0
0,1,0,0,0,0,0,0,0,0,1,0,0,0,0,1,0,0.13955947469824986,0.2651529875547394,0.6420047732696896,0.5943204868154158
0,0,0,0,0,1,0,0,0,0,1,0,0,0,0,1,0,0.2621104590777351,0.1448466290192469,0.8424821002386635,1.0
0,0,0,0,0,0,0,0,0,0,1,0,0,0,0,1,0,0.5190748478221562,0.07598115141576603,0.8400954653937946,1.0
1,0,1,0,0,0,0,0,0,0,1,0,0,0,0,1,0,0.15580103509965776,0.1393114162328589,0.27207637231503584,0.14198782961460446
1,0,1,0,0,0,0,0,0,0,1,0,0,0,0,1,0,0.2354160470169037,0.1463706603337321,0.27207637231503584,0.14198782961460446
0,0,0,0,0,0,0,0,0,0,1,0,0,0,0,1,0,0.21722244063665513,0.14042038510646393,0.8400954653937946,1.0
0,1,0,0,0,1,0,0,0,0,1,0,0,0,0,1,0,0.23016315542253443,0.17694840406876913,0.8544152744630071,1.0
0,0,0,0,0,0,0,0,0,0,1,0,0,0,1,0,0,0.4021082117031551,0.09535207186831524,0.8544152744630071,1.0
0,0,0,0,0,0,0,0,0,0,1,0,0,0,1,0,0,0.33455916639932454,0.12284604268607868,0.8400954653937946,1.0
0,0,0,0,0,1,0,0,0,0,1,0,0,0,0,1,0,0.09628103803105387,0.3617230566140585,0.8782816229116945,0.17038539553752538
1,0,1,0,0,0,0,0,0,0,1,0,0,0,0,1,0,0.12402309378383149,0.29385938422557933,0.8782816229116945,0.17038539553752538
1,0,1,0,0,0,0,0,0,0,1,0,0,0,0,1,0,0.07206410109532435,0.4436075505993277,0.7804295942720763,0.11359026369168358
0,0,0,0,0,0,0,0,0,0,1,0,0,0,0,1,0,0.36662519098578783,0.1129250289140944,0.7040572792362769,0.5943204868154158
0,0,0,0,0,0,0,0,0,0,1,0,0,0,0,1,0,0.17571399708015886,0.22376151151395204,0.27207637231503584,0.14198782961460446
1,0,1,0,0,0,0,0,0,0,1,0,0,0,0,1,0,0.15238911986203377,0.2494703715528346,0.7040572792362769,0.13387423935091278
0,0,1,0,0,0,0,0,0,0,1,0,0,0,0,1,0,0.42209409934956843,0.08350252904000356,0.7875894988066825,1.0
0,1,0,0,0,0,0,0,1,0,0,0,0,0,0,1,0,0.25400618102480754,0.15648503471780786,0.7875894988066825,1.0
0,1,0,0,0,0,0,0,0,0,0,0,1,0,0,1,0,0.1393734173400585,0.2730521374140339,0.7494033412887828,1.0
0,0,0,0,0,0,0,0,0,0,0,0,1,0,0,1,0,0.09701178426982457,0.3631866360143102,0.8902147971360381,0.797160243407708
0,0,0,0,0,1,0,0,0,0,1,0,0,0,0,1,0,0.21567284842530918,0.17632072764110085,0.7875894988066825,1.0
0,0,0,0,0,0,0,0,0,0,1,0,0,0,0,1,0,0.2585344030661856,0.12509172211811176,0.8902147971360381,0.797160243407708
0,1,0,0,0,0,0,0,0,0,1,0,0,0,0,1,0,0.28768199877564643,0.1360046572154015,0.8066825775656323,1.0
0,1,0,0,0,0,0,0,0,0,1,0,0,0,0,1,0,0.3416809251901484,0.12264254773545191,0.8615751789976134,1.0
0,0,0,0,0,0,0,0,0,0,1,0,0,0,0,1,0,0.4613556635143752,0.08620152579404002,0.8400954653937946,1.0
0,0,0,0,0,0,0,0,0,0,1,0,0,0,0,1,0,0.3074320096865919,0.0916069213035894,0.7875894988066825,0.5943204868154158
0,0,1,0,0,1,0,0,0,0,1,0,0,0,0,1,0,0.19122720054590484,0.11486018210773724,0.7875894988066825,1.0
0,0,0,0,0,0,0,0,0,0,1,0,0,0,0,1,0,0.5967857109133983,0.06408842915674902,0.477326968973747,1.0
0,0,0,0,0,0,0,0,0,0,1,0,0,0,0,1,0,0.36876225430272824,0.11430925676468191,0.7971360381861574,1.0
0,0,0,0,0,0,0,0,0,0,1,0,0,0,0,1,0,0.3250802928103139,0.1136264989786734,0.7494033412887828,1.0
0,0,0,0,0,0,0,0,0,0,1,0,0,0,0,1,0,0.503003130526603,0.0836613779246715,0.4797136038186158,1.0
0,0,0,0,0,0,0,0,0,0,1,0,0,0,0,1,0,0.38666507360682323,0.10903340036930796,0.8615751789976134,1.0
0,0,0,0,0,0,0,0,0,0,1,0,0,0,0,1,0,0.33681339028976914,0.09791798972116815,0.7494033412887828,1.0
1,0,1,0,0,0,0,0,0,0,1,0,0,0,0,1,0,0.18730417923612783,0.21230705815491796,0.8066825775656323,0.127789046653144
0,0,0,0,0,0,0,0,0,0,1,0,0,0,0,1,0,0.24736754263350996,0.0967015101560226,0.7971360381861574,1.0
0,1,0,0,0,1,0,0,0,0,1,0,0,0,0,1,0,0.16733016652559485,0.15754703373233359,0.6945107398568018,1.0
1,0,1,0,0,0,0,0,0,0,1,0,0,0,0,1,0,0.13154074365265794,0.14426730606392024,0.8615751789976134,0.13793103448275862
0,0,0,0,0,0,0,0,0,0,1,0,0,0,0,1,0,0.41502127325911675,0.08373419722545247,0.6945107398568018,0.5943204868154158
0,1,1,0,0,0,0,0,0,0,1,0,0,0,0,1,0,0.4575144214131118,0.0928642606852391,0.4988066825775656,1.0
0,0,0,0,0,0,0,0,0,0,1,0,0,0,0,1,0,0.11981358623542408,0.30774683791130963,0.9021479713603817,0.15618661257606492
0,0,0,0,0,0,0,0,0,0,1,0,0,0,0,1,0,0.4020624184737678,0.09462094694483025,0.8615751789976134,1.0
0,0,1,0,0,0,0,0,0,0,1,0,0,0,0,1,0,0.39177436044952196,0.08466584554455689,0.7494033412887828,1.0
0,1,0,0,0,0,0,0,0,0,1,0,0,0,0,1,0,0.2645146055059845,0.14874191457054525,0.9021479713603817,1.0
0,0,0,0,0,0,0,0,0,0,1,0,0,0,0,1,0,0.24450974268053172,0.13667304292500596,0.477326968973747,0.3914807302231238
0,1,0,0,0,0,0,0,1,0,0,0,0,0,0,1,0,0.2781178869700071,0.09997783205513908,0.7470167064439142,0.3914807302231238
0,0,0,0,0,0,0,0,0,0,1,0,0,0,0,1,0,0.5128542080240994,0.08179902872294055,,1.0
0,0,0,0,0,0,0,0,0,0,1,0,0,0,1,0,0,0.4886147806741303,0.07434369514333079,0.7923627684964201,1.0
0,1,1,1,0,1,0,0,0,0,1,0,0,0,0,1,0,0.04170478325845219,0.6090733318742056,0.935560859188544,1.0
0,1,1,0,0,0,0,0,0,0,1,0,0,0,0,1,0,0.17073059483585595,0.22533261182879902,1.0,1.0
1,0,1,0,0,0,0,0,0,0,1,0,0,0,0,1,0,0.1752932402020188,0.21170661166783541,0.5393794749403342,0.16024340770791076
0,0,0,0,0,0,0,0,0,0,1,0,0,0,1,0,0,0.3546420279087128,0.1159054295289442,0.7923627684964201,1.0
0,0,1,0,0,0,0,0,0,0,1,0,0,0,0,1,0,0.17937969446377425,0.065905570896575,1.0,1.0
1,0,1,0,0,0,0,0,0,0,1,0,0,0,0,1,0,0.128342361309105,0.28225503073085123,,
0,1,0,0,0,1,0,0,0,0,1,0,0,0,0,1,0,0.39781321222192945,0.10452995247292168,0.7398568019093079,1.0
0,0,0,0,0,0,0,0,0,0,1,0,0,0,0,1,0,0.4199560833122095,0.09301821042344349,0.5894988066825775,1.0
0,1,0,0,0,0,0,0,0,0,0,0,1,0,0,1,0,0.13905504691947737,0.2646627672250955,0.7040572792362769,1.0
0,0,0,0,0,0,0,0,0,0,1,0,0,0,1,0,0,0.36132609958160694,0.099187596273184,0.6491646778042959,1.0
0,0,0,0,0,0,0,0,0,0,1,0,0,0,0,1,0,0.1371779872179668,0.23241058859111224,0.7470167064439142,1.0
0,1,0,0,0,0,0,0,0,0,1,0,0,0,0,1,0,0.3588527697226245,0.09673617338873505,0.8162291169451072,1.0
0,0,0,0,0,0,0,0,0,0,1,0,0,0,0,1,0,0.3593602276774535,0.11718483301580199,0.7040572792362769,1.0
1,0,1,0,0,1,0,0,0,0,1,0,0,0,0,1,0,0.09631337868970374,0.272728553660318,0.8162291169451072,0.13793103448275862
0,0,0,0,0,0,0,0,0,0,1,0,0,0,0,1,0,0.40263447227905197,0.08225765646762002,0.7398568019093079,1.0
0,0,0,0,0,0,0,0,0,0,1,0,0,0,0,1,0,0.4220695211916129,0.08662902998408231,0.9188544152744629,1.0
0,0,0,0,0,0,0,0,0,1,0,0,0,0,0,1,0,0.21640245351059414,0.14491861150515958,0.7804295942720763,1.0
0,1,0,0,0,0,0,0,1,0,0,0,0,0,0,1,0,0.25165042600368503,0.14634999928500242,0.8162291169451072,1.0
0,0,1,0,0,0,0,0,0,0,1,0,0,0,0,1,0,0.40270020814550456,0.10290592697372543,0.9188544152744629,1.0
0,0,0,0,0,0,0,0,0,0,1,0,0,0,0,1,0,0.4058462691837578,0.0981184851215448,0.7804295942720763,1.0
0,0,0,0,0,1,0,0,1,0,0,0,0,0,0,1,0,0.20738128529465005,0.0954465575182706,0.7923627684964201,1.0
0,0,0,0,0,0,0,0,0,0,1,0,0,0,1,0,0,0.39844601975585786,0.10270949269373542,0.9188544152744629,1.0
0,0,0,0,0,0,0,0,0,0,1,0,0,0,0,1,0,0.28884793903196976,0.12960841549879346,0.7828162291169449,1.0
0,0,0,0,0,0,0,0,0,0,1,0,0,0,0,1,0,0.24449132162661408,0.12151463587468014,0.7828162291169449,0.5943204868154158
0,1,0,0,0,0,0,0,0,0,1,0,0,0,0,1,0,0.10165964960223992,0.3001738252615171,0.8854415274463008,1.0
0,1,0,0,0,0,1,0,0,0,0,0,0,0,0,1,0,0.1396833879865712,0.2118082407162289,0.4391408114558472,1.0
0,0,0,0,0,0,0,0,0,0,1,0,0,0,0,1,0,0.3175952647573906,0.06704116261349131,0.7040572792362769,1.0
0,0,0,0,0,0,0,0,0,0,1,0,0,0,0,1,0,0.24280947960854415,0.11621949639352899,0.7684964200477327,1.0
0,0,0,0,0,0,0,0,0,0,1,0,0,0,0,1,0,0.26470689640168765,0.14544069037667792,0.8329355608591884,0.5943204868154158
0,0,1,0,0,0,0,0,0,0,1,0,0,0,0,1,0,0.3470010213061425,0.10750717208499365,0.8186157517899761,1.0
0,1,0,0,0,0,0,0,1,0,0,0,0,0,0,1,0,0.1415226087450454,0.26531734306550275,0.9164677804295942,1.0
0,0,0,0,0,0,0,0,0,0,1,0,0,0,0,1,0,0.40520758178920113,0.08050499594397074,0.8186157517899761,1.0
0,0,0,0,0,0,0,0,0,0,1,0,0,0,0,1,0,0.39260990791089595,0.08910567579137153,0.8854415274463008,1.0
0,0,0,0,0,0,0,0,0,0,1,0,0,0,0,1,0,0.224844697574612,0.10074190547754616,0.9164677804295942,0.797160243407708
0,1,0,0,0,0,0,0,0,0,1,0,0,0,0,1,0,0.136460155492572,0.23665426214383664,0.29594272076372313,1.0
0,0,0,0,0,0,0,0,0,0,1,0,0,0,0,1,0,0.16251494864440008,0.22260972673128562,0.9164677804295942,1.0
0,0,0,0,0,0,0,0,0,0,1,0,0,0,0,1,0,0.46243676295581015,0.08408213265040294,0.701670644391408,0.5943204868154158
0,0,0,0,0,0,0,0,1,0,0,0,0,0,0,1,0,0.29727759780982904,0.13642651430274397,0.9164677804295942,1.0
0,0,0,0,0,0,0,0,0,0,1,0,0,0,1,0,0,0.48038665127173386,0.08490649212545197,0.7684964200477327,1.0
0,1,0,0,0,0,0,0,0,0,0,0,1,0,0,1,0,0.11806887889172725,0.2794381896409089,0.5059665871121717,1.0
0,0,0,0,0,0,0,0,0,0,1,0,0,0,0,1,0,0.4284354289044746,0.09289001544415355,0.8854415274463008,1.0
0,0,0,0,0,0,0,0,0,0,1,0,0,0,0,1,0,0.4660228516781383,0.09137101647193722,0.7804295942720763,1.0
0,0,0,0,0,1,0,0,0,0,1,0,0,0,0,1,0,0.20412602652848316,0.1493621728340563,0.9164677804295942,1.0
0,1,0,0,0,0,0,0,0,0,0,0,1,0,0,1,0,0.09183579013456869,0.36688240186106696,0.5059665871121717,1.0
0,0,1,0,0,0,0,0,0,0,1,0,0,0,0,1,0,0.42075667397817273,0.09954260026045623,0.7422434367541766,1.0
0,0,0,0,0,0,0,0,0,0,1,0,0,0,0,1,0,0.4031686333645434,0.09749024834113339,0.8186157517899761,1.0
0,0,0,0,0,0,0,0,0,0,1,0,0,0,0,1,0,0.36243807001475786,0.081892606676442,0.7684964200477327,1.0
0,0,0,0,0,0,0,0,0,0,1,0,0,0,0,1,0,0.34162735605897354,0.0890741290626213,0.9307875894988065,1.0
0,0,0,0,0,0,0,0,0,0,1,0,0,0,0,1,0,0.2139718077884145,0.14312677194945836,0.7804295942720763,1.0
1,0,1,0,0,1,0,0,0,0,1,0,0,0,0,1,0,0.12715907832928675,0.2920207787801629,0.6157517899761338,0.16227180527383367
0,0,0,0,0,0,0,0,0,0,1,0,0,0,1,0,0,0.4228035382746426,0.0999896867551111,0.7684964200477327,1.0
0,1,1,0,0,1,0,0,0,0,1,0,0,0,0,1,0,0.1657018882340605,0.2345561265945649,0.8186157517899761,1.0
0,0,0,0,0,0,0,0,0,0,1,0,0,0,0,1,0,0.26528723819956584,0.11596356213308046,0.7684964200477327,1.0
0,0,0,0,0,0,0,0,0,0,1,0,0,0,0,1,0,0.1633556305485131,0.22404344867503753,0.6157517899761338,0.16227180527383367
0,0,0,0,0,0,0,0,0,0,1,0,0,0,0,1,0,0.23796604149059064,0.15878820408909264,0.809069212410501,1.0
0,0,0,0,0,0,0,0,1,0,0,0,0,0,0,1,0,0.2707708134796189,0.15083557685722282,0.6587112171837708,0.5943204868154158
0,1,0,0,0,0,0,0,0,0,1,0,0,0,0,1,0,0.17674623694970382,0.21322508245451724,0.9164677804295942,0.797160243407708
0,0,0,0,0,0,0,0,0,0,1,0,0,0,0,1,0,0.41932993676621677,0.09119760400368099,0.8186157517899761,1.0
1,0,1,1,0,0,0,0,0,0,1,0,0,0,0,1,0,0.08930038242579162,0.20263579984595656,0.9164677804295942,0.15212981744421905
0,0,0,0,0,0,0,0,0,0,1,0,0,0,1,0,0,0.4952531589767593,0.0861772378916787,0.6324582338902147,1.0
0,1,0,0,0,0,0,0,1,0,0,0,0,0,0,1,0,0.48730269478885685,0.08731473612815839,0.6324582338902147,1.0
0,0,0,0,0,1,0,0,0,0,1,0,0,0,0,0,1,0.17103955325022255,0.23050249068515333,0.809069212410501,1.0
0,0,0,0,0,0,0,0,0,0,1,0,0,0,0,1,0,0.24330963359966562,0.13317752019493578,0.4677804295942721,0.15010141987829617
0,0,0,0,0,0,0,0,0,0,1,0,0,0,0,1,0,0.2867768721692129,0.0846993102645096,0.9188544152744629,0.797160243407708
0,1,0,0,0,0,0,0,0,0,1,0,0,0,0,1,0,0.30532105503302504,0.11076378397493855,0.8377088305489258,1.0
0,1,0,0,0,0,0,0,0,0,1,0,0,0,0,1,0,0.2962085817494047,0.13985092470599908,0.6324582338902147,0.3914807302231238
0,0,0,0,0,0,0,0,0,0,1,0,0,0,0,1,0,0.213663540110264,0.12879744793749184,0.9188544152744629,0.797160243407708
0,0,0,0,0,0,0,0,0,0,1,0,0,0,0,1,0,0.34502641187652,0.11163517974398902,0.809069212410501,1.0
0,0,0,0,0,0,0,0,0,0,1,0,0,0,0,1,0,0.4261848217638714,0.0995009911022856,0.809069212410501,1.0
0,0,1,0,0,0,0,0,0,0,1,0,0,0,0,1,0,0.3435541221172701,0.11352132255215602,0.809069212410501,1.0
0,1,0,0,0,0,1,0,0,0,0,0,0,0,0,1,0,0.07910834497093705,0.3929519600181983,0.8758949880668256,1.0
0,0,0,0,0,0,0,0,0,0,1,0,0,0,0,1,0,0.2764830341291592,0.0860755584539932,0.8758949880668256,1.0
0,0,0,0,0,0,0,0,1,0,0,0,0,0,0,1,0,0.2898448777259184,0.07268272973061385,0.8377088305489258,0.5943204868154158
0,0,0,0,0,0,0,0,0,0,1,0,0,0,0,1,0,0.23708573204194877,0.14158639187522137,0.8186157517899761,1.0
0,0,0,0,0,0,0,0,0,0,1,0,0,0,0,1,0,0.2947774742241857,0.1346622605341492,0.9188544152744629,0.797160243407708
0,0,0,0,0,0,0,0,0,0,1,0,0,0,1,0,0,0.44859488599992153,0.09244610646147702,0.7684964200477327,1.0
1,0,1,0,0,0,0,0,0,0,1,0,0,0,0,1,0,0.1282671261788532,0.27831520778783936,0.8377088305489258,0.16024340770791076
0,0,1,0,0,0,0,0,0,0,1,0,0,0,0,1,0,0.24819974586211463,0.14824333460540676,0.8377088305489258,1.0
1,0,1,0,0,0,0,0,0,0,1,0,0,0,0,1,0,0.1027851393541949,0.34634266892110344,0.2673031026252984,0.15010141987829617
0,1,0,0,0,0,0,0,0,0,1,0,0,0,0,1,0,0.38002072393035335,0.10272606609278588,0.532219570405728,1.0
0,1,0,0,0,0,0,0,0,0,1,0,0,0,0,1,0,0.1889880464260541,0.21053384738225409,0.7326968973747017,1.0
0,0,1,0,0,0,0,0,0,0,1,0,0,0,0,1,0,0.4078779293042921,0.10335827398224241,0.6992840095465394,0.5943204868154158
0,0,0,0,0,0,0,0,0,0,1,0,0,0,0,1,0,0.3587281934544592,0.09961074200616969,0.5823389021479712,1.0
0,0,0,0,0,0,0,0,0,0,1,0,0,0,0,1,0,0.4924483547191329,0.08456265881890757,0.60381861575179,1.0
0,1,0,0,0,0,0,0,0,0,1,0,0,0,0,1,0,0.3344464143743404,0.1244647758249511,0.844868735083532,1.0
0,1,0,0,0,1,0,0,1,0,0,0,0,0,0,1,0,0.15883628352383278,0.24542408752916736,0.8544152744630071,1.0
0,1,0,0,0,0,0,0,1,0,0,0,0,0,0,1,0,0.32247167513877195,0.12974072877152967,0.532219570405728,1.0
0,0,0,0,0,0,0,0,0,0,1,0,0,0,0,1,0,0.42277354688321633,0.09013501981372332,0.60381861575179,1.0
0,0,0,0,0,0,0,0,0,0,1,0,0,0,1,0,0,0.42104419766013224,0.08876489437236423,0.7326968973747017,1.0
0,0,0,0,0,0,0,0,0,0,1,0,0,0,0,1,0,0.1463811137858459,0.09676481190563486,0.8377088305489258,1.0
0,0,1,0,0,0,0,0,0,0,1,0,0,0,0,1,0,0.3694957706354002,0.09730239697765224,0.8377088305489258,0.797160243407708
0,1,0,0,0,0,0,0,0,0,1,0,0,0,0,1,0,0.2945460292514756,0.14127012793154703,0.5823389021479712,1.0
0,0,0,0,0,0,0,0,0,0,1,0,0,0,0,1,0,0.2734506314824917,0.11661587643837873,0.8377088305489258,1.0
0,0,0,0,0,0,0,0,0,0,1,0,0,0,1,0,0,0.36357515280098207,0.10076581775091337,0.532219570405728,1.0
0,0,0,0,0,0,0,0,0,0,1,0,0,0,0,1,0,0.3777657175844704,0.07823757341261942,0.844868735083532,1.0
0,0,0,0,0,0,0,0,0,0,1,0,0,0,1,0,0,0.4444494515689549,0.09470242292416374,0.7971360381861574,1.0
0,0,0,0,0,0,0,0,0,0,1,0,0,0,0,1,0,0.15283903408185645,0.12985246154089725,0.8377088305489258,0.16024340770791076
0,0,0,0,0,0,0,0,0,0,1,0,0,0,0,1,0,0.1437557146729591,0.2342671957886599,0.7780429594272076,0.15618661257606492
0,0,0,0,0,0,0,0,1,0,0,0,0,0,0,1,0,0.24156879053197616,0.1618906524206131,0.7780429594272076,0.5943204868154158
0,1,0,0,0,0,0,0,0,0,1,0,0,0,0,1,0,0.30450715214568774,0.13667991112581626,0.8400954653937946,1.0
0,0,1,0,0,0,0,0,0,0,1,0,0,0,0,1,0,0.3850210678505377,0.0953423166182301,0.7708830548926013,1.0
0,1,0,0,0,0,0,0,0,0,1,0,0,0,0,1,0,0.3548228740365123,0.087240780440243,0.8400954653937946,1.0
0,0,0,0,0,0,0,0,0,0,1,0,0,0,0,1,0,0.446264274858779,0.09336250979618224,0.9069212410501193,1.0
0,1,1,0,0,1,0,0,0,0,1,0,0,0,0,1,0,0.14718033809822334,0.25918730804854034,0.8424821002386635,1.0
0,0,0,0,0,0,0,0,0,0,1,0,0,0,0,1,0,0.11114188500730578,0.32547229910136766,0.3031026252983294,0.1359026369168357
0,0,0,0,0,1,0,0,0,0,1,0,0,0,0,1,0,0.13837728047249712,0.2740179283347861,0.9069212410501193,1.0
0,1,0,0,0,0,0,0,1,0,0,0,0,0,0,1,0,0.21024996526451448,0.19183505683245466,0.6157517899761338,0.5943204868154158
0,0,0,0,0,0,0,0,0,0,1,0,0,0,0,1,0,0.28306469692477687,0.14003078738280403,0.3102625298329356,1.0
0,0,0,0,0,0,0,0,0,0,1,0,0,0,0,1,0,0.3776714774057092,0.09548422946020346,0.8210023866348448,0.797160243407708
0,0,0,0,0,0,0,0,0,0,1,0,0,0,0,1,0,0.2384286267178286,0.13819312902807585,0.7708830548926013,1.0
0,1,0,0,0,1,0,0,0,1,0,0,0,0,0,1,0,0.3180258837058393,0.11430447982638398,0.8424821002386635,0.797160243407708
0,0,0,0,0,0,0,0,0,0,1,0,0,0,0,1,0,0.22675585541742477,0.17662887855035905,0.7780429594272076,0.5943204868154158
0,0,0,0,0,0,0,0,0,0,1,0,0,0,0,1,0,0.4552737763206454,0.07129323722659067,0.6157517899761338,1.0
0,1,0,0,0,0,0,0,0,0,1,0,0,0,0,1,0,0.2910650084633861,0.12713852002278855,0.7708830548926013,1.0
0,1,0,0,0,0,0,0,0,0,1,0,0,0,0,1,0,0.3338581458904031,0.11917093731013594,0.8210023866348448,1.0
0,0,1,0,0,1,0,0,0,0,1,0,0,0,0,1,0,0.13144262397092865,0.2109790664656359,0.9069212410501193,0.797160243407708
0,1,0,0,0,0,0,0,0,0,1,0,0,0,0,1,0,0.24754967091327612,0.1653920132650762,0.809069212410501,1.0
0,1,0,1,0,1,0,0,0,0,1,0,0,0,0,1,0,0.05376136162044518,0.5287842946985386,0.7279236276849643,1.0
0,0,0,0,0,0,0,0,0,0,1,0,0,0,0,1,0,0.26346535251739434,0.13954014556619732,0.7279236276849643,1.0
0,1,0,0,0,1,0,0,1,0,0,0,0,0,0,1,0,0.20584361301980014,0.11781740617033465,0.8114558472553699,1.0
0,0,0,0,0,0,0,0,1,0,0,0,0,0,0,1,0,0.2512916701562605,0.10332673807160453,0.7326968973747017,0.5943204868154158
0,0,0,0,0,1,0,0,0,0,1,0,0,0,0,0,1,0.1694765941047743,0.23235050004409918,0.8400954653937946,1.0
0,0,1,0,0,0,0,0,0,0,0,0,1,0,0,1,0,0.3220361192263146,0.12951254764824904,0.8186157517899761,1.0
0,0,0,0,0,0,0,0,0,0,1,0,0,0,0,1,0,0.4656877941764947,0.08124575263046296,0.7804295942720763,1.0
0,0,0,0,0,0,0,0,0,0,1,0,0,0,0,1,0,0.26321208241365335,0.15238611145359993,0.8878281622911692,1.0
0,0,0,0,0,0,0,0,0,0,1,0,0,0,0,1,0,0.5152652775254526,0.06685419483882175,0.7422434367541766,1.0
0,0,0,0,0,0,0,0,0,0,1,0,0,0,0,1,0,0.43537145967077134,0.0888079327429877,0.5990453460620524,1.0
0,1,0,0,0,0,0,0,0,0,1,0,0,0,0,1,0,0.2938042367503049,0.12959509778424033,0.9188544152744629,1.0
0,0,0,0,0,0,0,0,0,0,1,0,0,0,0,1,0,0.20067739416117816,0.19550637495869705,0.8186157517899761,0.08113590263691685
0,0,0,0,0,0,0,0,0,0,1,0,0,0,0,1,0,0.2565131172940133,0.11553027134278318,0.8782816229116945,1.0
0,0,0,0,0,0,0,0,0,0,1,0,0,0,0,1,0,0.3750816449489343,0.11118199457192203,0.8186157517899761,1.0
0,1,0,0,0,0,0,0,0,0,0,0,1,0,0,1,0,0.329597753931837,0.12677786540927363,0.8878281622911692,1.0
0,0,0,0,0,0,0,0,0,0,1,0,0,0,0,1,0,0.5640854069716236,0.06669845354700704,0.7422434367541766,0.797160243407708
0,0,0,0,0,1,0,0,0,0,1,0,0,0,0,1,0,0.2406308038586496,0.11719395435902848,0.7899761336515512,0.5943204868154158
0,0,0,0,0,0,0,0,0,0,1,0,0,0,0,1,0,0.38617436612441886,0.10929150430642327,0.9188544152744629,1.0
0,0,0,0,0,0,0,0,0,0,1,0,0,0,0,1,0,0.4105034369869566,0.08696457912875052,0.8186157517899761,1.0
0,0,0,0,0,0,0,0,0,0,1,0,0,0,0,1,0,0.3872412594862922,0.10912709600907082,0.7613365155131264,0.5943204868154158
0,0,0,0,0,0,0,0,0,0,1,0,0,0,0,1,0,0.2782971629897651,0.099082032618065,0.8186157517899761,0.797160243407708
0,0,0,0,0,0,0,0,0,0,1,0,0,0,0,1,0,0.25222790241010073,0.13267496659099093,0.8186157517899761,1.0
0,0,0,0,0,0,0,0,0,0,1,0,0,0,0,1,0,0.37154899157639387,0.1110170898376874,0.6825775656324582,1.0
0,0,0,0,0,1,0,0,0,1,0,0,0,0,0,1,0,0.17035012496433738,0.20779344150639098,0.5704057279236276,1.0
0,1,0,0,0,0,0,0,0,0,1,0,0,0,0,1,0,0.11641034632723919,0.2801198067870923,0.6730310262529833,0.797160243407708
0,0,0,0,0,0,0,0,0,0,1,0,0,0,0,1,0,0.3132470191536672,0.09703846187167232,0.6420047732696896,1.0
0,0,0,0,0,0,0,0,0,0,1,0,0,0,0,1,0,0.30778372348931804,0.13228013171741632,0.7899761336515512,0.5943204868154158
0,0,0,0,0,0,0,0,0,0,1,0,0,0,0,1,0,0.26723705788773733,0.08076702611595955,0.8830548926014319,1.0
0,0,0,0,0,0,0,0,0,0,1,0,0,0,0,1,0,0.17986526972463826,0.1790101228273994,0.8186157517899761,1.0
0,0,0,0,0,0,0,0,0,0,1,0,0,0,0,1,0,0.3689861877783005,0.10373551654959642,0.8186157517899761,1.0
0,0,0,0,0,0,0,0,0,0,1,0,0,0,0,1,0,0.32485898931289703,0.11764303098255001,0.8186157517899761,1.0
0,1,1,0,0,0,0,0,0,0,1,0,0,0,0,1,0,0.18030063865595702,0.18592814782330405,0.8186157517899761,1.0
0,0,0,0,0,0,0,0,0,0,1,0,0,0,0,1,0,0.3111225218971391,0.0951844344830088,0.8186157517899761,1.0
0,1,0,0,0,0,0,0,0,0,0,0,1,0,0,1,0,0.26384696759792187,0.15635028162916514,0.7875894988066825,1.0
0,0,0,0,0,0,0,0,1,0,0,0,0,0,0,1,0,0.13078679619787806,0.2706081816957041,0.6992840095465394,0.797160243407708
1,0,1,0,0,0,0,0,0,0,1,0,0,0,0,1,0,0.14296181862076435,0.22588183690539707,0.5966587112171837,0.15010141987829617
0,0,0,0,0,0,0,0,0,0,1,0,0,0,0,1,0,0.40457930066000436,0.09610920177425969,0.8520286396181382,1.0
0,0,0,0,0,1,0,0,0,0,1,0,0,0,0,1,0,0.09773776157033112,0.3555490206214062,0.7947494033412885,0.14807302231237324
0,0,0,0,0,0,0,0,1,0,0,0,0,0,0,1,0,0.468754154936911,0.08952451793611363,0.7947494033412885,1.0
0,0,0,0,0,0,0,0,0,0,1,0,0,0,0,1,0,0.22324449835595125,0.09973011466306209,0.8520286396181382,0.797160243407708
0,0,1,0,0,0,0,0,0,0,1,0,0,0,0,1,0,0.37852185875403904,0.08741532690364802,0.8138424821002386,1.0
0,0,0,0,0,1,0,0,0,0,1,0,0,0,1,0,0,0.3971852237153895,0.09181848788566513,0.8138424821002386,1.0
0,0,0,0,0,0,0,0,0,0,1,0,0,0,0,1,0,0.2972546468186173,0.12814979627625794,0.8138424821002386,1.0
0,0,0,0,0,0,0,0,0,0,1,0,0,0,0,1,0,0.22378576832405694,0.0980685574102374,0.9045346062052504,0.5943204868154158
0,0,0,0,0,0,0,0,0,0,1,0,0,0,0,1,0,0.3494697689257388,0.09726013630780624,0.7971360381861574,1.0
0,0,0,0,0,0,0,0,0,0,1,0,0,0,0,1,0,0.2641210640492899,0.1308867307106478,0.9069212410501193,0.5943204868154158
0,0,0,0,0,0,0,0,0,0,1,0,0,0,1,0,0,0.4277269422914534,0.0951796976703018,0.8138424821002386,1.0
0,0,1,0,0,0,0,0,0,0,1,0,0,0,0,1,0,0.33855033773716064,0.09221552063527343,0.9069212410501193,1.0
0,0,0,0,0,0,0,0,0,0,1,0,0,0,0,1,0,0.3587281934544592,0.09961074200616969,0.8138424821002386,1.0
0,0,0,0,0,0,0,0,0,0,1,0,0,0,0,1,0,0.11602672006947358,0.28911445108489314,0.9069212410501193,1.0
1,0,1,0,0,0,0,0,0,0,1,0,0,0,0,1,0,0.0838028534244351,0.38744561243004005,0.9045346062052504,0.15010141987829617
0,0,0,0,0,0,0,0,0,0,1,0,0,0,0,1,0,0.31728990458410855,0.13136716444413557,0.7971360381861574,0.797160243407708
0,1,0,0,0,0,0,0,0,0,0,0,1,0,0,1,0,0.36619320563434526,0.11361054335015615,0.9045346062052504,1.0
0,0,0,0,0,0,0,0,0,0,1,0,0,0,0,1,0,0.08188811014228575,0.2967853393625298,0.9045346062052504,0.15010141987829617
0,0,0,0,0,0,0,0,0,0,1,0,0,0,0,1,0,0.3318119908580458,0.09029191435248145,0.9045346062052504,1.0
0,0,0,0,0,1,0,0,0,0,1,0,0,0,1,0,0,0.4116828524263476,0.07588597047507699,0.8138424821002386,1.0
0,0,0,0,0,0,0,0,0,0,1,0,0,0,0,1,0,0.3979201931190754,0.10030687427046456,0.8042959427207637,1.0
0,0,0,0,0,0,0,0,0,0,1,0,0,0,0,1,0,0.40004825746551936,0.10568194113091721,0.7804295942720763,1.0
0,0,0,0,0,0,0,0,1,0,0,0,0,0,0,1,0,0.259576441678299,0.08271239264477212,0.7136038186157518,1.0
0,0,0,0,0,0,0,0,0,0,1,0,0,0,0,1,0,0.3417512224413285,0.08112776297927773,0.7136038186157518,1.0
0,0,0,0,0,0,0,0,0,0,1,0,0,0,0,1,0,0.3811524450534517,0.11076378397493859,0.8042959427207637,1.0
0,0,0,0,0,0,0,0,0,0,1,0,0,0,0,1,0,0.29306065359835215,0.10863659079892098,0.8042959427207637,1.0
0,0,0,0,0,0,0,0,0,0,1,0,0,0,0,1,0,0.3373560490935453,0.108121791476797,0.8042959427207637,1.0
0,0,0,0,0,0,0,0,0,0,1,0,0,0,0,1,0,0.2855035130072681,0.1330777493816345,0.7589498806682577,1.0
0,0,0,0,0,0,0,0,0,0,1,0,0,0,0,1,0,0.31301407241225354,0.1165312918506266,0.8042959427207637,1.0
0,0,0,0,0,0,0,0,0,0,1,0,0,0,0,1,0,0.35842776155516587,0.11683977812314823,0.8138424821002386,1.0
1,0,1,0,0,0,0,0,0,0,1,0,0,0,0,1,0,0.15504955683652977,0.18703835969073557,0.19093078758949883,0.14807302231237324
0,1,0,0,0,1,0,0,0,0,1,0,0,0,0,1,0,0.16886589666929075,0.23219023025261534,0.8042959427207637,1.0
0,0,0,0,0,0,0,0,0,0,1,0,0,0,0,1,0,0.30141934060326747,0.09111766863043208,0.8377088305489258,1.0
0,0,0,0,0,0,0,0,0,0,1,0,0,0,0,1,0,0.5451009118424085,0.07783469705345206,0.7494033412887828,1.0
0,1,0,0,0,1,0,0,0,1,0,0,0,0,0,1,0,0.36674092987399,0.10714250107091,0.8424821002386635,1.0
0,1,0,0,0,0,0,0,0,0,1,0,0,0,0,1,0,0.31458326033434986,0.10833093786885457,0.8042959427207637,1.0
1,0,1,0,0,0,0,0,0,0,1,0,0,0,0,1,0,0.13225827986593247,0.16513758872136788,0.2649164677804296,0.14198782961460446
0,0,0,0,0,0,0,0,0,0,1,0,0,0,0,1,0,0.4812627484211203,0.08434420865440197,0.7684964200477327,1.0
0,1,0,0,0,0,0,0,0,0,0,0,1,0,0,1,0,0.40590015832910903,0.10102378970757488,0.8424821002386635,0.797160243407708
0,1,1,0,0,0,0,0,0,0,0,0,1,0,0,1,0,0.15561873869654158,0.24823741750142883,0.8042959427207637,1.0
0,0,0,0,0,0,0,0,0,0,1,0,0,0,0,1,0,0.21732537807601435,0.18040682287569965,0.8377088305489258,1.0
0,0,0,0,0,0,0,0,0,0,1,0,0,0,0,1,0,0.38678097127463584,0.10897256586730572,0.8496420047732696,1.0
0,0,0,0,0,0,0,0,0,0,1,0,0,0,0,1,0,0.35280269606056947,0.11889574467618447,0.8377088305489258,1.0
0,0,0,0,0,0,0,0,0,0,1,0,0,0,0,1,0,0.25916271782529504,0.07378025207238008,0.8042959427207637,1.0
0,1,1,0,0,1,0,0,0,0,1,0,0,0,0,1,0,0.17640277802873322,0.21817573506910334,0.5465393794749402,0.3914807302231238
0,1,0,0,0,0,0,0,0,0,1,0,0,0,0,1,0,0.3495418365071554,0.11234548440408076,0.8424821002386635,1.0
0,1,0,0,0,0,0,0,0,0,0,0,1,0,0,1,0,0.34939441027341,0.11961353387052046,,1.0
0,0,0,0,0,0,0,0,0,0,1,0,0,0,1,0,0,0.4105258792055003,0.1013981903959741,0.8782816229116945,1.0
0,0,0,0,0,0,0,0,0,0,1,0,0,0,0,1,0,0.34593071733934994,0.09359409612317265,0.8042959427207637,1.0
0,0,0,0,0,0,0,0,0,0,1,0,0,0,0,1,0,0.37293022205631277,0.1102537319014344,0.7494033412887828,1.0
0,0,0,0,0,0,0,0,0,0,1,0,0,0,0,1,0,0.5685105770784172,0.06707276862893871,0.8042959427207637,1.0
0,0,0,0,0,0,0,0,0,0,1,0,0,0,0,1,0,0.44721290877034753,0.09359870662593747,0.7494033412887828,1.0
0,1,0,0,0,1,0,0,1,0,0,0,0,0,0,1,0,0.13955947469824995,0.26326294763462244,0.8782816229116945,1.0
0,1,0,1,0,0,0,0,1,0,0,0,0,0,0,1,0,0.04170478325845219,0.6090733318742056,0.8233890214797135,0.797160243407708
0,0,0,0,0,0,0,0,0,0,1,0,0,0,0,1,0,0.1887240284378949,0.19937657685428908,0.8233890214797135,0.14198782961460446
0,0,0,0,0,0,0,0,0,0,1,0,0,0,0,1,0,0.5020854609633373,0.08272141314818737,0.5823389021479712,1.0
0,1,0,0,0,0,0,0,0,0,0,0,1,0,0,1,0,0.17106527653164744,0.22756092631616712,0.8233890214797135,1.0
0,0,0,0,0,0,0,0,0,0,1,0,0,0,0,1,0,0.3786189279857288,0.1009300414308483,0.8663484486873507,1.0
0,0,0,0,0,0,0,0,0,0,1,0,0,0,0,1,0,0.1960082361217447,0.1819998305424796,0.8233890214797135,0.14198782961460446
0,1,0,0,0,0,0,0,0,0,1,0,0,0,0,1,0,0.2705909835706179,0.11970668482454086,0.8042959427207637,1.0
0,0,0,0,0,0,0,0,0,0,1,0,0,0,0,1,0,0.33153986346662345,0.08487083934601383,0.7494033412887828,1.0
0,0,0,0,0,0,0,0,0,0,1,0,0,0,0,1,0,0.14602462357856727,0.25869732652431293,0.8233890214797135,0.14198782961460446
0,1,0,0,0,0,0,0,0,0,1,0,0,0,0,1,0,0.12109635198497994,0.30345836418527594,0.8782816229116945,1.0
0,1,0,0,0,0,0,0,0,0,1,0,0,0,0,1,0,0.3077985240640286,0.0971442737017001,0.8186157517899761,0.3914807302231238
0,0,1,0,0,0,0,0,0,0,1,0,0,0,0,1,0,0.301841839391058,0.10928406001766874,0.8782816229116945,1.0
0,1,0,0,0,0,0,0,1,0,0,0,0,0,0,1,0,0.10146413793639862,0.2366104126511177,0.7780429594272076,1.0
0,0,0,0,0,0,0,0,0,0,1,0,0,0,0,1,0,0.18912871586611904,0.20518065392953339,0.8186157517899761,1.0
0,0,0,0,0,0,0,0,0,0,1,0,0,0,1,0,0,0.41161010905520684,0.0987604638472232,0.5823389021479712,1.0
0,0,1,0,0,1,0,0,0,0,1,0,0,0,0,1,0,0.20253228815702037,0.163171165263772,0.5465393794749402,1.0
0,0,0,0,0,1,0,0,0,0,1,0,0,0,0,0,1,0.16332207969694162,0.23981719383883646,0.8591885441527445,1.0
0,0,0,0,0,0,0,0,1,0,0,0,0,0,0,1,0,0.26551733411499207,0.11824862141958531,0.8782816229116945,1.0
0,0,0,0,0,0,0,0,0,0,1,0,0,0,0,1,0,0.17209769061771385,0.21658759479763037,0.8042959427207637,1.0
0,0,0,0,0,0,0,0,0,0,1,0,0,0,0,1,0,0.36170346092874,0.1135459570697397,0.7684964200477327,0.797160243407708
0,0,1,0,0,0,0,0,0,0,1,0,0,0,0,1,0,0.2326177959457136,0.13322114102711183,0.6968973747016707,0.5943204868154158
1,0,1,1,0,0,0,0,0,0,1,0,0,0,0,1,0,0.0944984466578891,0.289771055995428,0.324582338902148,0.14807302231237324
0,0,1,0,0,0,0,0,0,0,0,0,1,0,0,1,0,0.3389385397786519,0.11538437392329357,0.7494033412887828,1.0
0,0,0,0,0,0,0,0,1,0,0,0,0,0,0,1,0,0.2690935695853885,0.10477465618250242,0.5465393794749402,1.0
0,0,0,0,0,0,0,0,0,0,1,0,0,0,0,1,0,0.3979288660288639,0.09533800076270364,0.8186157517899761,1.0
0,1,0,0,0,0,0,0,0,0,1,0,0,0,0,1,0,0.40270020814550456,0.10290592697372543,0.6443914081145585,1.0
1,0,1,0,0,0,0,0,0,0,1,0,0,0,0,1,0,0.11486900177803976,0.3005491509081245,0.8042959427207637,0.14198782961460446
1,0,1,0,0,0,0,0,0,0,1,0,0,0,0,1,0,0.136016708288072,0.2788858932725545,0.8591885441527445,0.17038539553752538
0,0,0,0,0,0,0,0,0,0,1,0,0,0,0,1,0,0.47402209937359213,0.08709294126988508,0.7494033412887828,1.0
0,0,0,0,0,0,0,0,0,0,1,0,0,0,0,1,0,0.494710291630897,0.08559896470420782,0.8591885441527445,1.0
0,0,0,0,0,0,0,0,0,0,1,0,0,0,0,1,0,0.3991066864396819,0.09059749475935687,0.8663484486873507,0.797160243407708
0,0,0,0,0,0,0,0,0,0,1,0,0,0,0,1,0,0.4304281920731255,0.09503962159562544,0.7494033412887828,1.0
0,0,0,0,0,0,0,0,0,0,1,0,0,0,0,1,0,0.3602299193784008,0.10712872726167853,0.8782816229116945,1.0
0,0,0,0,0,0,0,0,0,0,1,0,0,0,0,1,0,0.39753551055123293,0.09743369194804807,0.8663484486873507,0.797160243407708
0,1,0,0,0,1,0,0,0,0,1,0,0,0,0,1,0,0.08794498598641193,0.38936407527434846,0.8663484486873507,0.797160243407708
0,1,0,0,0,0,0,0,0,0,1,0,0,0,0,1,0,0.3459307173393499,0.12134091164212243,0.8663484486873507,1.0
0,0,0,0,0,0,0,0,0,0,1,0,0,0,0,1,0,0.4016729724508419,0.10525462945041662,0.8591885441527445,1.0
0,0,0,0,0,1,0,0,0,1,0,0,0,0,0,1,0,0.20194331995213077,0.19812800411149434,0.8782816229116945,1.0
0,0,0,0,0,0,0,0,0,0,1,0,0,0,1,0,0,0.45461093122019897,0.07210237506208858,0.935560859188544,1.0
0,1,0,1,0,0,0,0,0,0,1,0,0,0,0,1,0,0.056307273634042,0.5115806516328295,0.5990453460620524,0.3914807302231238
0,1,0,0,0,0,0,0,0,0,1,0,0,0,0,1,0,0.051715298179949735,0.5353609170430376,0.5990453460620524,1.0
0,1,0,0,0,0,0,0,0,0,0,0,1,0,0,1,0,0.29809126532917907,0.1236314444052343,0.8615751789976134,1.0
0,0,0,0,0,0,0,0,0,0,1,0,0,0,0,1,0,0.15077226921502968,0.25347654163726635,1.0,0.1237322515212982
0,1,0,0,0,0,0,0,1,0,0,0,0,0,0,1,0,0.15095270081572187,0.2496239853824155,0.8520286396181382,1.0
0,0,0,0,0,1,0,1,0,0,0,0,0,0,0,1,0,0.13467844353560546,0.271304283394293,0.8520286396181382,0.15618661257606492
0,0,0,0,0,0,0,0,0,0,1,0,0,0,0,1,0,0.5588199227114942,0.07035737685319673,0.5393794749403342,1.0
0,0,0,0,0,0,0,0,0,0,1,0,0,0,0,1,0,0.1847396860388186,0.213131977586107,0.8520286396181382,0.15618661257606492
0,1,0,0,0,0,0,0,0,0,1,0,0,0,0,1,0,0.14315120472706164,0.25538841950416824,0.8520286396181382,1.0
0,0,0,0,0,0,0,0,0,0,1,0,0,0,0,1,0,0.25635904074128907,0.16042340282350973,0.7470167064439142,1.0
0,0,1,0,0,0,0,0,0,0,1,0,0,0,0,1,0,0.30376236701054105,0.1293554502534773,1.0,0.797160243407708
1,0,1,0,0,0,0,0,0,0,1,0,0,0,0,1,0,0.11084691990962113,0.3243653093101128,0.5990453460620524,0.127789046653144
0,1,0,0,0,0,0,0,0,0,0,0,1,0,0,1,0,0.3283792144783266,0.12604768296829,,1.0
0,1,0,0,0,0,0,0,0,0,1,0,0,0,0,1,0,0.3371729954333422,0.12414594221846777,0.8257756563245822,1.0
0,0,0,0,0,1,0,0,0,0,1,0,0,0,0,1,0,0.07413791337318187,0.4233871075289693,1.0,0.1237322515212982
0,0,1,0,0,0,0,0,0,0,1,0,0,0,0,1,0,0.38066092210702507,0.0999139762637405,0.8257756563245822,1.0
0,0,0,0,0,0,0,0,0,0,1,0,0,0,0,1,0,0.36178269038466576,0.08781357872911992,0.935560859188544,1.0
0,0,0,0,0,0,0,0,0,0,1,0,0,0,0,1,0,0.3848479349312867,0.10879288315760188,0.5990453460620524,1.0
0,0,0,0,0,1,0,0,0,0,1,0,0,0,0,1,0,0.2553885434406793,0.15987587916268345,1.0,0.797160243407708
0,1,0,0,0,1,0,0,0,1,0,0,0,0,0,1,0,0.30664202913199345,0.13257508571310592,1.0,1.0
0,1,0,0,0,1,0,0,0,0,0,0,1,0,0,1,0,0.17695201613433667,0.15089069719272197,0.935560859188544,1.0
0,1,0,0,0,0,0,0,0,0,1,0,0,0,0,1,0,0.12658486315295014,0.2359368689561618,1.0,1.0
0,0,0,0,0,1,0,0,0,0,1,0,0,0,0,1,0,0.3096579852004914,0.1230942542179638,1.0,1.0
0,1,1,0,0,1,0,0,0,0,1,0,0,0,0,1,0,0.07740781950733633,0.4024451127969255,1.0,1.0
0,1,0,0,0,0,0,0,0,0,1,0,0,0,0,1,0,0.23040680544988953,0.09838825098997427,0.935560859188544,1.0
0,1,0,0,0,0,0,0,0,0,0,0,1,0,0,1,0,0.1317122943636726,0.28395690446102295,0.9140811455847255,0.797160243407708
0,0,0,0,0,0,0,0,0,0,1,0,0,0,0,1,0,0.2892565303355657,0.10568012843209479,0.7804295942720763,1.0
0,0,0,0,0,0,0,0,0,0,1,0,0,0,0,1,0,0.43344595257871665,0.0683654568270317,0.9140811455847255,1.0
0,0,0,0,0,0,0,0,0,0,1,0,0,0,0,1,0,0.287650424379085,0.12092565477144256,0.8520286396181382,1.0
0,0,0,0,0,0,0,0,1,0,0,0,0,0,0,1,0,0.19754417853488307,0.20184252510928993,0.8520286396181382,0.797160243407708
1,0,1,0,0,0,0,0,0,0,1,0,0,0,0,1,0,0.12114036848713743,0.24205484729209834,0.4797136038186158,0.13793103448275862
0,1,0,0,0,0,0,0,1,0,0,0,0,0,0,1,0,0.12315855632840837,0.3027882882906217,0.7875894988066825,1.0
1,0,1,0,0,0,0,0,0,0,1,0,0,0,0,1,0,0.1286762604587344,0.27277997424684686,0.8520286396181382,0.15618661257606492
0,0,0,0,0,0,0,0,0,0,1,0,0,0,0,1,0,0.5256807815157455,0.07733547347973833,0.8926014319809068,1.0
1,0,1,0,0,0,0,0,0,0,1,0,0,0,0,1,0,0.18509269114006882,0.20852088109418918,0.30787589498806683,0.16024340770791076
0,0,0,0,0,0,0,0,0,0,1,0,0,0,0,1,0,0.3762673508703128,0.08538185367793391,0.7971360381861574,1.0
0,0,0,0,0,0,0,0,0,0,1,0,0,0,1,0,0,0.3979895712881402,0.09645933904440164,0.8257756563245822,1.0
1,0,1,0,0,0,0,0,0,0,1,0,0,0,0,1,0,0.15522543422127266,0.1426390717140656,0.5393794749403342,0.15010141987829617
0,0,0,0,0,0,0,0,0,0,1,0,0,0,0,1,0,0.0859548242155484,0.36817798616550773,0.7875894988066825,0.1359026369168357
0,0,0,0,0,0,0,0,0,0,0,0,1,0,0,1,0,0.18881207257858065,0.10943516907776962,0.7875894988066825,1.0
0,0,0,0,0,0,0,0,0,0,1,0,0,0,0,1,0,0.21834200054245056,0.15623389025475778,0.8066825775656323,1.0
1,0,1,0,0,0,0,0,0,0,1,0,0,0,0,1,0,0.08865387357093178,0.3688386133279992,0.4797136038186158,0.13793103448275862
0,0,0,0,0,0,0,0,0,0,1,0,0,0,0,1,0,0.35723964242697037,0.11710091120568157,0.7971360381861574,1.0
0,1,0,0,0,0,0,0,0,0,1,0,0,0,0,1,0,0.324039259746171,0.10982713443627677,0.8019093078758948,1.0
0,0,0,0,0,0,1,0,0,0,0,0,0,0,0,1,0,0.10900431301667972,0.3290048077390647,0.7875894988066825,1.0
0,0,1,0,0,0,0,0,0,0,1,0,0,0,0,1,0,0.2860000114315905,0.1036018436534612,0.8926014319809068,0.5943204868154158
0,1,0,0,0,0,0,0,0,0,0,1,0,0,0,1,0,0.1777356894787549,0.20258894262284521,0.8257756563245822,1.0
0,0,1,0,0,0,0,0,0,0,1,0,0,0,0,1,0,0.2297190878914491,0.17753128765624807,0.6921241050119331,0.797160243407708
0,0,0,0,0,0,0,0,0,0,1,0,0,0,0,1,0,0.35783257500344806,0.09442262530628313,0.6945107398568018,1.0
0,0,0,0,0,0,0,0,1,0,0,0,0,0,0,1,0,0.2762206037317319,0.0822177946732153,0.7875894988066825,1.0
0,0,0,0,0,0,0,0,0,0,1,0,0,0,0,1,0,0.2847233433607171,0.11681183200447202,0.8066825775656323,1.0
0,0,0,0,0,0,0,0,0,0,1,0,0,0,0,1,0,0.1594959615974197,0.23099700118687488,0.5393794749403342,0.15010141987829617
1,0,1,0,0,0,0,0,0,0,1,0,0,0,0,1,0,0.10821864744561191,0.3026166720762947,0.1479713603818616,0.13184584178498987
0,0,0,0,0,0,0,0,0,0,1,0,0,0,0,1,0,0.259876544361803,0.1446541716366145,0.8186157517899761,1.0
0,0,0,0,0,0,0,0,0,0,1,0,0,0,0,1,0,0.43235337012007785,0.08174221832772764,0.6157517899761338,0.5943204868154158
0,0,0,0,0,0,0,0,0,0,1,0,0,0,0,1,0,0.44045230721620054,0.08940450363669054,0.8854415274463008,1.0
0,0,0,0,0,0,0,0,0,0,1,0,0,0,0,1,0,0.42761099802255126,0.0807744602485497,0.7684964200477327,1.0
0,0,0,0,0,0,0,0,0,0,1,0,0,0,0,1,0,0.3118431883606723,0.1101168235858772,0.8186157517899761,1.0
0,0,0,0,0,0,0,0,0,0,1,0,0,0,0,1,0,0.435106363043956,0.08337417021971295,0.7684964200477327,1.0
0,0,0,0,0,0,0,0,0,0,1,0,0,0,0,1,0,0.39297290910373894,0.06885276239982364,0.8424821002386635,1.0
0,0,0,0,0,0,0,0,1,0,0,0,0,0,0,1,0,0.34115828172747875,0.10280478304068824,0.8591885441527445,1.0
0,1,0,0,0,0,0,0,0,0,1,0,0,0,0,1,0,0.2337062865789179,0.17424369898054545,0.8591885441527445,1.0
0,1,1,0,0,0,0,0,0,0,0,1,0,0,0,1,0,0.19439817590816522,0.2023140452478793,0.8591885441527445,0.797160243407708
0,0,1,0,0,0,0,0,0,0,1,0,0,0,0,1,0,0.45314987289977576,0.08439187605205892,0.8424821002386635,1.0
1,0,1,0,0,0,0,0,0,0,1,0,0,0,0,1,0,0.0855496405696438,0.36728862209428,0.5465393794749402,0.16024340770791076
0,0,0,0,0,0,0,0,0,0,1,0,0,0,0,1,0,0.45605478258670534,0.09195736089583215,0.5465393794749402,1.0
0,0,0,0,0,0,0,0,1,0,0,0,0,0,0,1,0,0.2712595447014343,0.13464501394591422,0.7684964200477327,0.797160243407708
0,0,0,0,0,0,0,0,0,0,1,0,0,0,0,1,0,0.2909752294626657,0.06918993542913052,0.9164677804295942,1.0
0,1,0,0,0,0,0,0,1,0,0,0,0,0,0,1,0,0.20351948181610038,0.19560073596012298,0.8854415274463008,1.0
0,0,0,0,0,0,0,0,0,0,1,0,0,0,0,1,0,0.22739776764243694,0.1628630392181708,0.7804295942720763,1.0
0,1,0,0,0,0,0,0,1,0,0,0,0,0,0,1,0,0.10382928050452596,0.3253739415215996,0.7804295942720763,0.5943204868154158
0,0,0,0,0,0,0,0,0,0,1,0,0,0,0,1,0,0.3767156351886251,0.10231308281780316,0.8424821002386635,0.5943204868154158
0,1,0,0,0,0,0,0,0,0,1,0,0,0,0,1,0,0.29460776486993107,0.11299594622114802,0.9164677804295942,0.797160243407708
0,1,0,0,0,0,0,0,0,0,0,0,1,0,0,1,0,0.3313847584076527,0.11124660509423531,0.6157517899761338,1.0
0,1,0,0,0,0,0,0,0,0,0,0,1,0,0,1,0,0.21874638455852974,0.1836055050550381,0.5059665871121717,1.0
0,0,0,0,0,0,0,0,0,0,1,0,0,0,0,1,0,0.2581803391611989,0.1330627936801034,0.8186157517899761,1.0
1,0,1,0,0,0,0,0,0,0,1,0,0,0,0,1,0,0.19142428412202495,0.17593247625071207,0.5465393794749402,0.16024340770791076
0,1,0,0,0,0,0,0,0,0,1,0,0,0,0,1,0,0.21019687983667074,0.19082718998560239,0.8424821002386635,1.0
0,1,0,0,0,1,0,0,0,0,1,0,0,0,0,1,0,0.1494090504750993,0.25859214910705,0.8424821002386635,0.5943204868154158
0,1,1,0,0,0,0,0,0,0,0,0,1,0,0,1,0,0.21457147479120856,0.18858846363942908,0.8186157517899761,0.3914807302231238
0,1,0,0,0,0,0,0,0,0,1,0,0,0,0,1,0,0.3117664419089288,0.11918815692257799,0.9307875894988065,1.0
0,1,0,0,0,0,0,0,1,0,0,0,0,0,0,1,0,0.11255944266628,0.2719607763090604,0.7159904534606205,0.797160243407708
0,0,0,0,0,0,0,0,0,0,1,0,0,0,0,1,0,0.361903087194994,0.08822532757596334,0.7159904534606205,1.0
1,0,1,0,0,1,0,1,0,0,0,0,0,0,0,1,0,0.13797856599287672,0.23693127642090045,0.9331742243436754,0.17038539553752538
0,0,0,0,0,1,0,1,0,0,0,0,0,0,0,1,0,0.08610931498508785,0.3910175219092218,0.5131264916467779,0.13793103448275862
1,0,1,0,0,0,0,0,0,0,1,0,0,0,0,1,0,0.1629189738491928,0.23765997336599481,0.9331742243436754,0.17038539553752538
0,0,0,0,0,0,0,0,0,0,1,0,0,0,0,1,0,0.5292113094957588,0.08081704221441277,0.701670644391408,1.0
0,0,0,0,0,0,0,0,0,0,1,0,0,0,0,1,0,0.42948395389041993,0.08547119055748971,0.9331742243436754,1.0
0,1,0,0,0,0,0,0,0,0,1,0,0,0,0,1,0,0.18571341989838808,0.2100272715299827,0.6157517899761338,1.0
0,0,0,0,0,0,0,0,0,0,0,0,1,0,0,1,0,0.059155154125706565,0.4996546069933582,0.9331742243436754,0.797160243407708
0,0,0,0,0,0,0,0,0,0,1,0,0,0,0,1,0,0.4184165590414987,0.08667045963196518,0.8854415274463008,1.0
0,0,0,0,0,0,0,0,0,0,1,0,0,0,0,1,0,0.25025303142853794,0.11448966870828117,0.8186157517899761,1.0
0,1,0,0,0,0,0,0,0,0,1,0,0,0,0,1,0,0.23257434958059345,0.1719459985027142,0.8854415274463008,1.0
1,0,1,0,0,0,0,0,0,0,1,0,0,0,0,1,0,0.13173678514969592,0.2780000974871017,,
0,0,0,0,0,1,0,0,0,0,1,0,0,0,0,1,0,0.41110896126338314,0.09719747528276092,0.7684964200477327,1.0
0,0,0,0,0,0,0,0,0,0,1,0,0,0,0,1,0,0.33004104840667037,0.1115509789261107,1.0,1.0
0,0,0,0,0,0,0,0,0,0,1,0,0,0,0,1,0,0.15430886765387627,0.2292172239325425,0.5393794749403342,0.16024340770791076
1,0,1,0,0,0,0,0,0,0,1,0,0,0,0,1,0,0.12693136071998856,0.2907328758553687,0.477326968973747,0.15415821501014199
0,1,0,0,0,1,0,0,1,0,0,0,0,0,0,1,0,0.04581409803052753,0.57727288795645,0.8042959427207637,1.0
0,1,0,0,0,0,0,0,0,0,1,0,0,0,0,1,0,0.3289664587265778,0.08727789541978498,0.7708830548926013,1.0
0,0,0,0,0,0,0,0,0,0,1,0,0,0,0,1,0,0.3429308147284957,0.09515270829897153,1.0,1.0
0,1,1,0,0,0,1,0,0,0,0,0,0,0,0,1,0,0.09232892460848105,0.2964131886424473,1.0,1.0
0,1,0,0,0,0,0,0,0,0,1,0,0,0,0,1,0,0.08124132930995602,0.17712311425923155,1.0,0.797160243407708
0,1,0,0,0,0,0,0,0,0,1,0,0,0,0,1,0,0.20496475943572726,0.19331806176078845,1.0,0.797160243407708
0,0,0,0,0,1,0,0,0,0,1,0,0,0,0,1,0,0.3630165153955105,0.11501329339929993,0.935560859188544,1.0
0,0,0,0,0,0,0,0,0,0,1,0,0,0,0,1,0,0.26164439236688386,0.14610678788341208,0.935560859188544,1.0
0,0,0,0,0,0,0,0,0,0,1,0,0,0,0,1,0,0.3216638563487878,0.0998564120712026,0.7684964200477327,0.797160243407708
0,0,0,0,0,0,0,0,0,0,1,0,0,0,0,1,0,0.4281446287405117,0.07616606265702054,0.9188544152744629,1.0
0,0,0,0,0,0,0,0,1,0,0,0,0,0,0,1,0,0.18066779787342518,0.2194985307650428,0.9188544152744629,1.0
1,0,1,0,0,0,0,0,0,0,1,0,0,0,0,1,0,0.15103202831336338,0.2082603535121149,0.5393794749403342,0.16024340770791076
0,0,0,0,0,0,0,0,0,0,1,0,0,0,0,1,0,0.15805655111231834,0.20978338954996684,0.9188544152744629,1.0
0,1,0,0,0,0,0,0,0,0,1,0,0,0,0,1,0,0.3703797200854763,0.11123902356904956,0.9188544152744629,0.797160243407708
0,1,0,0,0,0,0,0,0,0,1,0,0,0,0,1,0,0.273947222108087,0.10049381570091215,0.8042959427207637,1.0
0,0,0,0,0,0,0,0,0,0,1,0,0,0,0,1,0,0.513007906581404,0.07700375777173074,0.7923627684964201,1.0
0,0,0,0,0,0,0,0,0,0,1,0,0,0,0,1,0,0.5014827861042535,0.08389966770206485,0.5393794749403342,1.0
0,0,0,0,0,0,0,0,0,0,1,0,0,0,0,1,0,0.2491288724828542,0.10407798287713937,0.9188544152744629,1.0
0,0,0,0,0,0,0,0,0,0,1,0,0,0,0,1,0,0.20679445638184588,0.15349710809949083,0.9188544152744629,0.797160243407708
0,0,0,0,0,0,0,0,0,0,1,0,0,0,0,1,0,0.06451239057442962,0.47691580626827235,0.9140811455847255,0.15618661257606492
0,0,0,0,0,0,0,0,0,0,1,0,0,0,0,1,0,0.30184183939105785,0.13579893491638986,,1.0
1,0,1,0,0,0,0,0,0,0,1,0,0,0,0,1,0,0.16645522461500853,0.2252790870235898,0.9140811455847255,0.15618661257606492
0,1,0,0,0,0,0,0,0,0,0,0,1,0,0,1,0,0.32357398092799894,0.12512048197163841,0.935560859188544,1.0
0,1,0,0,0,0,0,0,0,0,1,0,0,0,0,1,0,0.31070108941371943,0.11814175580422906,0.9188544152744629,1.0
0,0,1,0,0,0,0,0,0,0,1,0,0,0,0,1,0,0.32889354223197476,0.12727351047306915,0.935560859188544,1.0
1,0,1,0,0,0,0,0,0,0,1,0,0,0,0,1,0,0.08043922564881263,0.26760094557612074,0.5393794749403342,0.16024340770791076
0,0,0,0,0,0,0,0,1,0,0,0,0,0,0,1,0,0.5425429945805011,0.07191693083912319,0.8782816229116945,1.0
1,0,1,0,0,0,0,0,0,0,1,0,0,0,0,1,0,0.1417137426849964,0.2701914356274622,0.9140811455847255,0.15618661257606492
0,0,0,0,0,0,0,0,0,0,1,0,0,0,0,1,0,0.46293644247167276,0.07548070064695708,0.7112171837708829,1.0
0,0,0,0,0,0,0,0,0,0,1,0,0,0,0,1,0,0.38313644583878653,0.0916764257755771,0.9188544152744629,1.0
0,1,1,0,0,0,0,0,0,0,1,0,0,0,0,1,0,0.1024588437879213,0.3284093223043848,0.9188544152744629,0.3914807302231238
1,0,1,0,0,0,0,0,0,0,1,0,0,0,0,1,0,0.11358899382136713,0.23307745141023767,0.34128878281622904,0.16024340770791076
0,1,1,0,0,0,0,0,1,0,0,0,0,0,0,1,0,0.32140835174739923,0.1046343393771299,0.7899761336515512,1.0
0,1,0,0,0,0,0,0,0,0,1,0,0,0,0,1,0,0.17615260054778611,0.2158215832569732,0.9188544152744629,1.0
0,1,0,0,0,0,0,0,0,0,1,0,0,0,0,1,0,0.16463922269626324,0.1144862009423391,0.8878281622911692,1.0
1,0,1,0,0,0,0,0,0,0,1,0,0,0,0,1,0,0.12594030963044442,0.20649483859005516,0.2458233890214797,0.12981744421906694
0,0,0,0,0,0,0,0,0,0,1,0,0,0,0,1,0,0.14638111378584598,0.2629848372447084,0.809069212410501,0.13995943204868155
0,1,0,0,0,0,0,0,0,0,1,0,0,0,0,1,0,0.29575149994022487,0.12673911945128208,0.701670644391408,1.0
0,0,0,0,0,0,0,0,0,0,1,0,0,0,0,1,0,0.40827575671732186,0.07561338594663941,0.7708830548926013,1.0
1,0,1,0,0,0,0,0,0,0,1,0,0,0,0,1,0,0.2183368772509153,0.1344279991368756,0.34128878281622904,0.16024340770791076
0,0,0,1,0,1,0,0,0,0,1,0,0,0,0,1,0,0.02448387991786688,0.7255468117753162,0.7899761336515512,0.12981744421906694
0,0,0,0,0,1,0,0,1,0,0,0,0,0,0,1,0,0.1561720353561921,0.21766523413331718,0.9069212410501193,1.0
1,0,1,0,0,0,0,0,0,0,1,0,0,0,0,1,0,0.11643770510593697,0.27205101689752653,0.29594272076372313,0.11561866125760652
0,0,0,0,0,0,0,0,0,0,1,0,0,0,0,1,0,0.4856511895614311,0.08499781980822387,0.8186157517899761,1.0
0,0,0,0,0,0,0,0,0,0,1,0,0,0,0,1,0,0.37200583728560516,0.11331954229413875,0.7708830548926013,1.0
0,0,0,0,0,0,0,0,0,0,1,0,0,0,0,1,0,0.5863911303290972,0.07000755934724583,0.4295942720763723,1.0
0,1,0,0,0,0,0,0,0,0,1,0,0,0,0,1,0,0.24579139120616544,0.11744681144812427,0.9069212410501193,0.797160243407708
0,0,0,0,0,0,0,0,0,0,1,0,0,0,0,1,0,0.3105286943630913,0.10608516205580647,0.8186157517899761,1.0
0,0,0,0,0,0,0,0,0,0,1,0,0,0,1,0,0,0.5703723673633991,0.07501567161458234,0.7708830548926013,1.0
0,0,0,0,0,0,0,0,0,0,1,0,0,0,0,1,0,0.2563942659728063,0.14569874905268532,0.8186157517899761,1.0
0,0,0,0,0,0,0,0,0,0,1,0,0,0,0,1,0,0.474141664032962,0.08897043241026335,0.9069212410501193,1.0
0,1,1,0,0,0,0,0,1,0,0,0,0,0,0,1,0,0.17133515570465363,0.17429131376360318,0.9069212410501193,1.0
0,0,0,0,0,0,0,0,0,0,1,0,0,0,0,1,0,0.40900554340294304,0.09560598990142001,0.9069212410501193,1.0
0,0,0,0,0,0,0,0,0,0,1,0,0,0,0,1,0,0.3643596370718972,0.08847837090592159,0.6801909307875893,1.0
0,0,0,0,0,0,0,0,0,0,1,0,0,0,0,1,0,0.2457822262423247,0.09290904735944501,0.9307875894988065,1.0
0,1,0,0,0,0,0,0,0,0,1,0,0,0,0,1,0,0.2728245343214436,0.14516910042715533,0.6372315035799523,1.0
0,0,0,0,0,0,0,0,0,0,1,0,0,0,0,1,0,0.2808763521517203,0.09659816563795488,0.6372315035799523,1.0
0,0,0,0,0,0,0,0,0,0,1,0,0,0,0,1,0,0.29784318795047154,0.12704517793304657,0.6372315035799523,0.5943204868154158
0,0,0,0,0,0,0,0,0,0,1,0,0,0,0,1,0,0.1729653557105379,0.227935048346892,0.6801909307875893,0.3914807302231238
0,0,0,0,0,0,0,0,0,0,1,0,0,0,0,1,0,0.2685884568082659,0.11493580723710858,0.6801909307875893,1.0
0,0,0,0,0,0,0,0,0,0,1,0,0,0,0,1,0,0.4917329495735511,0.0837717198530288,0.7613365155131264,1.0
1,0,1,0,0,0,0,0,0,0,1,0,0,0,0,1,0,0.08775823259053665,0.3902164706321654,0.5465393794749402,0.16024340770791076
0,1,0,0,0,0,0,0,0,0,0,0,1,0,0,1,0,0.1931666305310527,0.15493806395634507,0.8186157517899761,1.0
0,0,0,0,0,0,0,0,0,0,1,0,0,0,0,1,0,0.4451866155663299,0.09255790672226341,0.737470167064439,1.0
0,0,0,0,0,0,0,0,0,0,1,0,0,0,0,1,0,0.49553138816683723,0.07848693886580749,0.7804295942720763,1.0
0,0,0,0,0,0,0,0,0,0,1,0,0,0,0,1,0,0.3461027086899151,0.10455486122459455,0.9307875894988065,0.797160243407708
0,0,1,0,0,0,0,0,0,0,1,0,0,0,0,1,0,0.2287647819715644,0.04520296613441173,0.6801909307875893,1.0
0,0,0,0,0,0,0,0,0,0,1,0,0,0,0,1,0,0.3381448013815689,0.10401027239577633,0.6801909307875893,1.0
0,0,0,0,0,0,0,0,0,0,1,0,0,0,0,1,0,0.3582646598731796,0.10172483094666386,0.8186157517899761,1.0
0,0,0,0,0,0,0,0,0,0,1,0,0,0,0,1,0,0.270503118383959,0.13532916892095337,0.8186157517899761,1.0
0,1,1,0,0,0,0,0,1,0,0,0,0,0,0,1,0,0.13078679619787806,0.1623165169068717,0.5059665871121717,0.5943204868154158
0,1,0,0,0,0,0,0,0,0,1,0,0,0,0,1,0,0.2529022773133606,0.1626273905489571,0.809069212410501,1.0
0,1,1,0,0,0,0,0,0,0,1,0,0,0,0,1,0,0.2346560077252798,0.09718129648144641,0.809069212410501,0.5943204868154158
0,1,0,0,0,0,0,0,0,0,1,0,0,0,0,1,0,0.3946781949290528,0.09488009660823296,0.7350835322195703,1.0
0,1,0,0,0,0,0,0,0,0,0,1,0,0,0,1,0,0.24059807544308548,0.17018380532289767,0.8186157517899761,1.0
0,0,0,0,0,0,0,0,0,0,1,0,0,0,0,1,0,0.37524994139268286,0.08582461403396949,0.7684964200477327,1.0
0,0,0,0,0,0,0,0,0,0,1,0,0,0,0,1,0,0.062411333299869566,0.4821924545002253,0.7804295942720763,0.14198782961460446
0,0,1,0,0,0,0,0,0,0,1,0,0,0,0,1,0,0.23902213761012558,0.12672025837013068,0.8186157517899761,1.0
0,1,0,0,0,0,0,0,0,0,0,0,1,0,0,1,0,0.21937460172372952,0.13559215139157174,0.9164677804295942,1.0
1,0,1,0,0,0,0,0,0,0,1,0,0,0,0,1,0,0.11250304478833843,0.22260780158530385,0.5059665871121717,0.14198782961460446
0,1,0,0,0,0,0,0,0,0,1,0,0,0,0,1,0,0.4310708428804358,0.09804019727838431,0.7804295942720763,1.0
0,1,0,0,0,0,0,0,1,0,0,0,0,0,0,1,0,0.14323446245455354,0.22730641533528448,0.09546539379474944,1.0
0,0,0,1,0,1,0,0,0,0,1,0,0,0,0,1,0,0.0426971409592145,0.607969522572202,0.8019093078758948,0.14604462474645033
0,0,0,0,0,0,0,0,0,0,1,0,0,0,0,1,0,0.3657230992810778,0.10547592739898017,0.7350835322195703,1.0
0,1,0,0,0,0,0,0,0,0,1,0,0,0,0,1,0,0.5551151549930176,0.07433973347554736,0.6157517899761338,1.0
0,0,0,0,0,0,0,0,0,0,1,0,0,0,0,1,0,0.2284409360850617,0.1125098900386878,0.7613365155131264,1.0
0,0,0,0,0,0,0,0,0,0,1,0,0,0,0,1,0,0.14353684745273543,0.09167642577557733,0.737470167064439,1.0
1,0,1,0,0,0,0,0,0,0,1,0,0,0,0,1,0,0.08974825515569954,0.3764359258088687,0.8758949880668256,0.15010141987829617
1,0,1,0,0,1,0,0,0,0,1,0,0,0,0,1,0,0.023327909183449375,0.7368394318123112,0.8305489260143197,0.077079107505071
0,0,0,0,0,0,0,0,0,0,1,0,0,0,0,1,0,0.28192426954977806,0.14657636245953407,0.8758949880668256,1.0
0,0,1,0,0,1,0,0,0,0,1,0,0,0,0,1,0,0.1889059442677834,0.15379057097978174,0.8305489260143197,1.0
0,0,0,0,0,0,0,0,0,0,1,0,0,0,0,1,0,0.2534547982123541,0.13238026614464038,0.8305489260143197,1.0
0,0,0,0,0,0,0,0,0,0,1,0,0,0,0,1,0,0.2474540693714704,0.15779387951057464,0.7804295942720763,1.0
0,1,0,0,0,0,1,0,0,0,0,0,0,0,0,1,0,0.17314349389008193,0.1845951674283698,0.9045346062052504,1.0
0,0,0,0,0,0,0,0,0,0,1,0,0,0,0,1,0,0.10943863720433991,0.3157878978960852,0.7971360381861574,0.12981744421906694
0,0,0,0,0,0,0,0,0,0,1,0,0,0,0,1,0,0.47740012090567346,0.0829322632966409,0.5178997613365155,1.0
0,0,1,0,0,0,0,0,0,0,1,0,0,0,0,1,0,0.30603617387677434,0.1263893439656771,0.8305489260143197,1.0
0,0,0,0,0,0,0,0,0,0,1,0,0,0,0,1,0,0.2430179952802543,0.1363153560368686,0.9045346062052504,0.5943204868154158
0,0,0,0,0,0,0,0,0,0,1,0,0,0,0,1,0,0.28761489923506994,0.12234632651627277,0.7303102625298328,1.0
0,1,0,0,0,1,0,0,0,0,1,0,0,0,0,1,0,0.20871604496501248,0.14972345938151418,0.8305489260143197,0.797160243407708
0,0,0,0,0,0,0,0,0,0,1,0,0,0,0,1,0,0.25649991416823287,0.1472491318446909,0.8758949880668256,1.0
0,0,0,0,0,0,0,0,0,0,1,0,0,0,0,1,0,0.19739221202656027,0.06080406455903781,0.8758949880668256,1.0
0,1,0,0,0,0,0,0,0,0,1,0,0,0,0,1,0,0.278134189332552,0.14733573502003255,0.9045346062052504,1.0
0,0,0,0,0,0,0,0,0,0,1,0,0,0,0,1,0,0.3665688728614524,0.10988399624582058,0.9045346062052504,1.0
1,0,1,0,0,0,0,0,0,0,1,0,0,0,0,1,0,0.11285980867318572,0.2766333707737339,0.35083532219570407,0.15212981744421905
0,1,0,0,0,0,0,0,0,0,1,0,0,0,0,1,0,0.25383288449470565,0.16159026227440906,0.9045346062052504,1.0
0,0,0,0,0,0,0,0,1,0,0,0,0,0,0,1,0,0.21319249643464155,0.13306044378900492,0.7947494033412885,1.0
0,0,0,0,0,0,0,0,0,0,1,0,0,0,0,1,0,0.30826069973999215,0.12351620327693402,0.7303102625298328,1.0
0,0,0,0,0,0,0,0,0,0,1,0,0,0,0,1,0,0.45289231492933196,0.09377306042610202,0.7804295942720763,1.0
0,1,0,0,0,0,0,0,1,0,0,0,0,0,0,1,0,0.3436340401799766,0.11694048072444375,0.4272076372315035,1.0
0,1,1,0,0,0,0,0,0,0,0,0,1,0,0,1,0,0.13294803336088484,0.28027805802494,0.5202863961813842,1.0
0,1,1,0,0,0,0,0,1,0,0,0,0,0,0,1,0,0.36703793637720444,0.11443449678375506,0.7875894988066825,0.3914807302231238
0,0,1,0,0,0,0,0,1,0,0,0,0,0,0,1,0,0.19508239930134294,0.20115165746664812,0.7947494033412885,1.0
0,1,0,0,0,0,0,0,1,0,0,0,0,0,0,1,0,0.2680106812566528,0.13528615288592638,0.7661097852028638,1.0
0,1,0,1,0,1,0,0,0,0,1,0,0,0,0,1,0,0.029266525110052857,0.7999526646598705,0.4797136038186158,1.0
0,1,1,0,0,0,0,0,0,0,1,0,0,0,0,1,0,0.3680023929963743,0.09223081107579867,0.5990453460620524,1.0
0,0,0,0,0,0,0,0,0,0,1,0,0,0,0,1,0,0.3618682394502986,0.10849203543108628,0.8186157517899761,1.0
0,1,0,0,0,1,0,0,1,0,0,0,0,0,0,1,0,0.22825428316758828,0.12710668161473518,0.7875894988066825,1.0
0,1,0,0,0,0,0,0,0,0,1,0,0,0,0,1,0,0.4339912450863341,0.09744455287347313,0.6443914081145585,1.0
0,1,0,0,0,0,0,0,0,0,1,0,0,0,0,1,0,0.22752101689705292,0.11223866370593376,0.8400954653937946,1.0
0,1,0,0,0,0,0,0,1,0,0,0,0,0,0,1,0,0.18444603555421993,0.16055983091864628,0.7875894988066825,1.0
0,0,0,0,0,0,0,0,0,0,1,0,0,0,0,1,0,0.18135131763042445,0.05091749652656953,0.6420047732696896,1.0
0,0,1,0,0,0,0,0,1,0,0,0,0,0,0,1,0,0.26406541005605766,0.12276606970568903,0.7708830548926013,1.0
1,0,1,0,0,0,0,0,0,0,1,0,0,0,0,1,0,0.21743855643216903,0.14366846304075218,0.7875894988066825,0.12170385395537527
0,0,0,0,0,0,0,0,0,0,1,0,0,0,0,1,0,0.23042141673524905,0.16797721703395718,0.7875894988066825,1.0
0,0,0,0,0,0,0,0,1,0,0,0,0,0,0,1,0,0.2455713428410593,0.12147836282527545,0.7684964200477327,1.0
0,0,0,0,0,0,0,0,0,0,1,0,0,0,0,1,0,0.40766616614135565,0.09253981853030567,0.6992840095465394,1.0
0,1,0,0,0,0,0,0,1,0,0,0,0,0,0,1,0,0.3550359004121415,0.08859766264992852,0.675417661097852,1.0
0,1,0,0,0,0,0,0,1,0,0,0,0,0,0,1,0,0.32088253606816763,0.12146942502547191,0.7684964200477327,1.0
0,0,0,0,0,0,0,0,0,0,1,0,0,0,0,1,0,0.2019874104482596,0.17156020753816573,0.8782816229116945,0.15821501014198783
0,0,0,0,0,1,0,0,0,0,1,0,0,0,0,1,0,0.10962156123354853,0.3289042456000106,0.7875894988066825,0.1359026369168357
0,0,0,0,0,0,0,0,0,0,1,0,0,0,0,1,0,0.3851463931114561,0.1005782820743251,0.675417661097852,0.797160243407708
0,1,0,0,0,0,0,0,1,0,0,0,0,0,0,1,0,0.35306880228612747,0.10789332174999325,0.9069212410501193,0.5943204868154158
0,1,0,0,0,0,0,0,0,0,1,0,0,0,0,1,0,0.3642179831914121,0.10718934380163793,0.9069212410501193,1.0
1,0,1,0,0,0,0,0,0,0,1,0,0,0,0,1,0,0.1597632413994262,0.12825971512790252,0.9307875894988065,0.10141987829614604
0,0,0,0,0,0,0,0,0,0,1,0,0,0,0,1,0,0.32604811646362675,0.12284528676031835,0.8186157517899761,1.0
0,0,0,0,0,0,0,0,0,0,1,0,0,0,0,1,0,0.1584019998519814,0.15928915422128118,0.8878281622911692,0.11764705882352942
0,0,1,0,0,0,0,0,0,0,1,0,0,0,0,1,0,0.42944098622535104,0.09611203834219284,0.8042959427207637,1.0
0,0,0,0,0,0,0,0,0,0,1,0,0,0,0,1,0,0.4352548364169901,0.0975523304084279,0.8878281622911692,1.0
0,0,0,0,0,0,0,0,0,0,1,0,0,0,0,1,0,0.37239126619860047,0.11140251950642545,0.8878281622911692,1.0
0,0,0,0,0,0,0,0,0,0,1,0,0,0,0,1,0,0.22692390515409455,0.061934387049697406,0.809069212410501,1.0
0,0,0,0,0,0,0,0,0,0,1,0,0,0,0,1,0,0.36111981762980494,0.11523524110925969,0.9069212410501193,1.0
0,1,1,0,0,0,0,0,1,0,0,0,0,0,0,1,0,0.16372427243520507,0.17939429468191834,0.8878281622911692,1.0
0,1,0,0,0,0,0,0,0,0,0,0,1,0,0,1,0,0.22140600502027483,0.10254435405001243,0.9307875894988065,0.797160243407708
0,0,0,0,0,0,0,0,0,0,1,0,0,0,0,1,0,0.3344464143743404,0.1244647758249511,0.8186157517899761,1.0
0,0,0,0,0,0,0,0,1,0,0,0,0,0,0,1,0,0.3713543592275867,0.10639600125117359,0.9069212410501193,1.0
0,0,0,0,0,0,0,0,0,0,1,0,0,0,0,1,0,0.35472923264353184,0.09551197384846968,0.7804295942720763,1.0
0,0,0,0,0,0,0,0,0,0,1,0,0,0,0,1,0,0.36569173817503603,0.08419161655881725,0.7112171837708829,0.5943204868154158
0,1,0,0,0,0,0,0,0,0,1,0,0,0,0,1,0,0.34711974827917025,0.08843524260064957,0.7708830548926013,1.0
1,0,1,0,0,0,0,0,0,0,1,0,0,0,0,1,0,0.12474514916867595,0.2495673031500556,0.7446300715990453,0.14604462474645033
0,0,0,0,0,0,0,0,0,0,1,0,0,0,0,1,0,0.09824739504110265,0.30541765474737803,0.7804295942720763,0.12981744421906694
0,0,0,0,0,0,0,0,0,0,1,0,0,0,0,1,0,0.4249358314745236,0.09062318561307885,0.7446300715990453,1.0
0,0,0,0,0,0,0,0,1,0,0,0,0,0,0,1,0,0.29400531515594724,0.13335465415019643,0.7112171837708829,0.5943204868154158
0,0,0,0,0,0,0,0,0,0,1,0,0,0,0,1,0,0.2701220555058432,0.14776870951186563,0.9069212410501193,1.0
0,0,0,0,0,0,0,0,0,0,1,0,0,0,0,1,0,0.25533550673625954,0.1029848423558347,0.8210023866348448,0.797160243407708
0,0,0,0,0,0,0,0,0,0,1,0,0,0,0,1,0,0.43353377621746664,0.09699301750894132,0.7326968973747017,0.5943204868154158
0,0,0,0,0,0,0,0,0,0,1,0,0,0,0,1,0,0.5146415746568754,0.07819025396489658,0.7159904534606205,1.0
0,1,0,0,0,0,0,0,0,0,0,0,1,0,0,1,0,0.2910415904000093,0.08159958718748414,0.6491646778042959,0.5943204868154158
0,0,1,0,0,0,0,0,0,0,1,0,0,0,0,1,0,0.14250635832715022,0.09612145691485507,0.9069212410501193,1.0
0,1,0,0,0,0,0,0,0,0,0,0,1,0,0,1,0,0.1908557059156526,0.20214971916440128,0.7112171837708829,0.5943204868154158
0,0,0,0,0,0,0,0,0,0,1,0,0,0,0,1,0,0.6008188132650344,0.06537692516660426,0.8591885441527445,1.0
0,1,0,0,0,0,0,0,0,0,1,0,0,0,0,1,0,0.35207153358068083,0.10989667087890898,0.8210023866348448,1.0
1,0,1,0,0,0,0,0,0,0,1,0,0,0,0,1,0,0.10773114241356375,0.3359916297227158,0.7446300715990453,0.14604462474645033
0,0,0,0,0,0,0,0,0,0,1,0,0,0,0,1,0,0.14756374177001097,0.25471404697956135,0.7708830548926013,0.11764705882352942
0,0,0,0,0,0,0,0,0,0,1,0,0,0,0,1,0,0.2683355618213622,0.09870598907313126,0.7159904534606205,0.797160243407708
0,0,0,0,0,0,0,0,0,0,1,0,0,0,0,1,0,0.3662527109931171,0.10251719034433598,0.7708830548926013,1.0
0,1,0,0,0,0,0,0,0,0,0,0,1,0,0,1,0,0.18459591141919518,0.1971777513598912,0.39618138424821,0.5943204868154158
0,1,0,0,0,0,0,0,1,0,0,0,0,0,0,1,0,0.2997350452908133,0.13628242530314308,0.7780429594272076,1.0
0,0,0,0,0,0,0,0,0,0,1,0,0,0,0,1,0,0.4006632970105664,0.08916688116358781,0.7708830548926013,1.0
0,1,1,0,0,0,0,0,0,0,1,0,0,0,0,1,0,0.29894086798418723,0.13756041421224616,0.7780429594272076,1.0
0,1,0,0,0,0,0,0,0,0,1,0,0,0,0,1,0,0.25409500762547543,0.15224782771563586,0.8186157517899761,1.0
1,0,1,0,0,1,0,0,0,0,1,0,0,0,0,1,0,0.10796538755139824,0.3351079831209215,0.2673031026252984,0.15415821501014199
0,1,0,0,0,0,0,0,1,0,0,0,0,0,0,1,0,0.37823050700814115,0.1111206433279896,0.9069212410501193,1.0
0,1,0,1,0,1,0,0,0,0,1,0,0,0,0,1,0,0.023894651349956053,0.8363652471178794,0.9069212410501193,0.797160243407708
0,0,1,0,0,0,0,0,0,0,1,0,0,0,0,1,0,0.21168910506316635,0.15320256408541455,0.7159904534606205,0.797160243407708
0,1,0,0,0,0,0,0,0,0,0,0,1,0,0,1,0,0.2859206268739493,0.1449547893275367,0.7708830548926013,1.0
0,1,0,0,0,0,0,0,0,0,1,0,0,0,0,1,0,0.3299372024923881,0.12284950981661802,0.7780429594272076,0.5943204868154158
0,0,0,0,0,0,0,0,0,0,1,0,0,0,0,1,0,0.3456659547669242,0.12151164036996709,0.7279236276849643,0.797160243407708
0,0,1,0,0,0,0,0,0,0,1,0,0,0,0,1,0,0.2089670920381227,0.16878863479366438,0.8210023866348448,1.0
0,0,0,0,0,1,0,0,0,0,1,0,0,0,0,1,0,0.06759925639855377,0.4419591313513748,0.7875894988066825,1.0
0,0,0,0,0,0,0,0,0,0,1,0,0,0,0,1,0,0.1457269415087892,0.1177086061120482,0.7255369928400954,1.0
0,0,1,0,0,0,0,0,0,0,1,0,0,0,0,1,0,0.15839509765178383,0.07484672742638208,0.7875894988066825,1.0
0,1,0,0,0,0,0,0,0,0,1,0,0,0,0,1,0,0.10026324678713906,0.03628879623225973,0.7875894988066825,0.5943204868154158
0,1,0,0,0,0,0,0,1,0,0,0,0,0,0,1,0,0.11022617513391518,0.31521153361412896,0.7255369928400954,0.797160243407708
0,1,1,0,0,0,0,0,0,0,1,0,0,0,0,1,0,0.16985886935163924,0.2241810627674984,0.8400954653937946,1.0
0,0,0,0,0,0,0,0,0,0,1,0,0,0,0,1,0,0.5014827861042535,0.08216968207708797,0.5178997613365155,1.0
0,0,1,0,0,0,0,0,0,0,1,0,0,0,0,1,0,0.2140083542903648,0.10164252243589307,0.8377088305489258,1.0
0,1,0,0,0,0,0,0,0,0,1,0,0,0,0,1,0,0.3052874945668852,0.13484827151570147,0.6443914081145585,1.0
0,0,0,0,0,0,0,0,0,0,1,0,0,0,0,1,0,0.4463263705750566,0.089649199712593,0.7613365155131264,0.797160243407708
0,1,0,0,0,0,0,0,1,0,0,0,0,0,0,1,0,0.24665602747280957,0.1551996441069331,0.8377088305489258,1.0
1,0,1,0,0,0,0,0,0,0,1,0,0,0,0,1,0,0.16031705325465725,0.20122395799500173,0.8496420047732696,0.1359026369168357
0,0,0,0,0,0,0,0,0,0,1,0,0,0,0,1,0,0.3694057107347745,0.0964611706617494,0.8615751789976134,1.0
0,0,0,0,0,0,0,0,0,0,1,0,0,0,0,1,0,0.5115572872539287,0.07814158954997451,0.6324582338902147,1.0
0,0,0,0,0,0,0,0,0,0,1,0,0,0,0,1,0,0.38021712155735843,0.06514509580000304,0.8042959427207637,1.0
0,0,1,0,0,0,0,0,1,0,0,0,0,0,0,1,0,0.3969013015848076,0.09387688748035224,0.7613365155131264,0.797160243407708
0,1,0,0,0,0,0,0,0,0,0,0,1,0,0,1,0,0.3911311380118173,0.09413291837406854,0.7613365155131264,0.797160243407708
0,1,0,0,0,0,0,0,0,0,1,0,0,0,0,1,0,0.2743438793346992,0.12814301919690557,0.7613365155131264,1.0
0,0,0,0,0,0,0,0,0,0,1,0,0,0,0,1,0,0.4499214096519867,0.09374209515487907,0.6587112171837708,1.0
0,0,0,0,0,0,0,0,0,0,1,0,0,0,0,1,0,0.22382080816778896,0.1548407820184802,0.7875894988066825,0.5943204868154158
0,0,0,0,0,0,0,0,0,0,1,0,0,0,0,1,0,0.2349000465005915,0.16244064497782945,0.9188544152744629,1.0
0,0,0,0,0,0,0,0,0,0,1,0,0,0,0,1,0,0.24186207919946562,0.1459879247310553,0.7875894988066825,1.0
0,1,0,0,0,0,0,0,1,0,0,0,0,0,0,1,0,0.08352290867563367,0.39871814114691534,0.9188544152744629,1.0
0,0,0,0,0,0,0,0,0,0,1,0,0,0,0,1,0,0.41813279968954403,0.0881892411838013,0.7183770883054892,1.0
0,0,0,0,0,0,0,0,0,0,1,0,0,0,0,1,0,0.26672860748635296,0.09730997704195134,0.6587112171837708,0.08519269776876269
0,0,0,0,0,0,0,0,1,0,0,0,0,0,0,1,0,0.20129746590015754,0.09067649705808016,0.8066825775656323,1.0
0,1,0,0,0,0,0,0,0,0,1,0,0,0,0,1,0,0.4105258792055003,0.1013981903959741,0.8615751789976134,1.0
0,0,0,0,0,0,0,0,0,0,1,0,0,0,0,1,0,0.10807259997055255,0.33470404863211706,0.7613365155131264,0.14604462474645033
0,0,0,0,0,0,0,0,0,0,1,0,0,0,0,1,0,0.19159223569304798,0.19702987389676035,0.7875894988066825,1.0
0,1,0,0,0,0,0,0,0,0,1,0,0,0,0,1,0,0.2470393917943402,0.11538587945632292,0.6324582338902147,1.0
0,1,0,0,0,0,0,0,0,0,1,0,0,0,0,1,0,0.39549328053229,0.09799807634193985,0.9069212410501193,1.0
0,0,0,0,0,0,0,0,0,0,1,0,0,0,0,1,0,0.4092588427994418,0.10306399789068786,0.7708830548926013,1.0
0,0,0,0,0,0,0,0,0,0,1,0,0,0,0,1,0,0.27555937636678557,0.11954922597032981,0.9188544152744629,1.0
0,1,0,0,0,0,0,0,0,0,1,0,0,0,0,1,0,0.24294387574386034,0.1673586764308833,0.8066825775656323,0.797160243407708
0,0,0,0,0,0,0,0,0,0,1,0,0,0,0,1,0,0.17035012496433738,0.13717627693114431,0.8042959427207637,1.0
0,1,0,0,0,0,0,0,0,0,1,0,0,0,0,1,0,0.41785712688670995,0.09599472750238175,0.7326968973747017,0.5943204868154158
0,0,0,0,0,1,0,0,0,0,1,0,0,0,0,1,0,0.1708915750184243,0.21448622277807783,0.7279236276849643,0.797160243407708
0,1,0,0,0,0,0,0,0,0,1,0,0,0,0,1,0,0.448600034904023,0.08970347149646456,0.7112171837708829,1.0
0,0,0,0,0,0,0,0,0,0,1,0,0,0,0,1,0,0.2684156697154608,0.10279899074750859,0.7326968973747017,1.0
0,1,0,0,0,0,0,0,0,0,0,0,1,0,0,1,0,0.22200193236276547,0.1830954250411864,0.8042959427207637,1.0
0,1,0,0,0,0,0,0,0,0,1,0,0,0,0,1,0,0.37110706536094773,0.10523058358624045,0.8066825775656323,1.0
0,0,0,0,0,1,0,0,0,0,1,0,0,0,0,1,0,0.25432581929015274,0.14698230451049546,0.8210023866348448,0.797160243407708
0,0,0,0,0,0,0,0,0,0,1,0,0,0,0,1,0,0.35627611316440266,0.11768589412212092,0.9069212410501193,0.797160243407708
0,0,0,0,0,0,0,0,0,0,1,0,0,0,0,1,0,0.33722385323594345,0.11647230399715393,0.7708830548926013,1.0
0,0,0,0,0,0,0,0,0,0,1,0,0,0,0,1,0,0.27738333739897364,0.11203070242875014,0.8042959427207637,1.0
0,0,0,0,0,1,0,0,1,0,0,0,0,0,0,1,0,0.2598591560767892,0.14304634144500736,0.9188544152744629,1.0
1,0,1,0,0,1,0,0,0,0,1,0,0,0,0,1,0,0.06487471505322116,0.4714716037356977,0.8042959427207637,0.16024340770791076
0,0,1,0,0,0,0,0,0,0,1,0,0,0,0,1,0,0.3012494272868313,0.13689698075743376,0.9188544152744629,0.797160243407708
0,0,0,0,0,0,0,0,0,0,1,0,0,0,0,1,0,0.2963735803256277,0.13971113623853285,0.8210023866348448,1.0
0,0,0,0,0,1,0,0,0,0,1,0,0,0,0,1,0,0.1908557059156526,0.19958408899276067,0.9069212410501193,1.0
0,1,1,0,0,1,0,0,0,0,1,0,0,0,0,1,0,0.2024223223075751,0.12019686482872237,0.8210023866348448,0.797160243407708
0,0,0,0,0,0,0,0,0,0,1,0,0,0,0,1,0,0.2860754073241512,0.14077939149991398,0.9188544152744629,1.0
1,0,1,0,0,0,0,0,0,0,1,0,0,0,0,1,0,0.11711982259313337,0.290170745697535,0.4295942720763723,0.14198782961460446
0,0,0,0,0,1,0,0,0,0,1,0,0,0,0,1,0,0.09102385939083393,0.3800082270224169,0.8210023866348448,0.13387423935091278
0,1,0,0,0,0,0,0,0,0,1,0,0,0,0,1,0,0.16586074724253722,0.1951841673532118,0.8424821002386635,1.0
0,0,0,0,0,0,0,0,0,0,1,0,0,0,0,1,0,0.35015383546931206,0.11913638674149751,0.5178997613365155,0.5943204868154158
0,0,0,0,0,0,0,0,0,0,1,0,0,0,0,1,0,0.26860952118375625,0.10183198445443267,0.8615751789976134,1.0
0,0,0,0,0,0,0,0,0,1,0,0,0,0,0,1,0,0.2381927197673242,0.13746144774710314,0.6587112171837708,1.0
0,1,0,0,0,0,0,0,0,0,1,0,0,0,0,1,0,0.33062891792372767,0.11172046418788151,,1.0
0,0,0,0,0,0,0,0,0,0,1,0,0,0,0,1,0,0.34632749666499685,0.1009369061940591,0.9188544152744629,1.0
0,0,0,0,0,0,0,0,0,0,1,0,0,0,0,1,0,0.3312744191143876,0.09939024606121229,0.6324582338902147,0.3914807302231238
0,0,1,0,0,0,0,0,1,0,0,0,0,0,0,1,0,0.36478428106272387,0.10419153122874182,0.8329355608591884,0.797160243407708
0,1,0,0,0,0,0,0,0,0,1,0,0,0,0,1,0,0.34642001569653763,0.1195776027375965,0.7303102625298328,1.0
0,0,0,0,0,0,0,0,0,0,1,0,0,0,0,1,0,0.5104615813611648,0.0753374009853398,0.6730310262529833,1.0
0,0,0,0,0,0,0,0,0,0,1,0,0,0,0,1,0,0.34875158876132106,0.11330173215710237,0.7326968973747017,1.0
0,1,0,1,0,0,0,0,0,0,1,0,0,0,0,1,0,0.057728744112032014,0.42743131970832826,0.7875894988066825,1.0
1,0,1,0,0,0,0,0,0,0,1,0,0,0,0,1,0,0.08013667913034361,0.41076762131943906,0.20047732696897375,0.13793103448275862
0,0,0,0,0,0,0,0,0,0,1,0,0,0,0,1,0,0.3766577226082885,0.08996686902487612,0.8305489260143197,1.0
1,0,1,0,0,0,0,0,0,0,1,0,0,0,0,1,0,0.09705461991430357,0.3487217378582747,0.7708830548926013,0.13995943204868155
0,1,0,0,0,0,0,0,0,0,1,0,0,0,0,1,0,0.213050992966072,0.17562362572360482,0.5823389021479712,1.0
0,0,0,0,0,0,0,0,0,0,1,0,0,0,0,1,0,0.3427439440702639,0.10950927093922062,0.5823389021479712,1.0
0,0,1,0,0,0,0,0,0,0,1,0,0,0,0,1,0,0.37585215285249235,0.08903570698437634,0.8758949880668256,1.0
1,0,1,0,0,0,0,0,0,0,1,0,0,0,0,1,0,0.1837069936282756,0.18298743419017408,0.47016706443914075,0.15415821501014199
0,1,0,0,0,0,0,0,0,0,1,0,0,0,0,1,0,0.1277897114963234,0.29398912640539054,0.60381861575179,0.5943204868154158
0,1,0,0,0,1,0,0,0,0,1,0,0,0,0,1,0,0.32723659204729305,0.12471378847329265,0.5823389021479712,1.0
0,0,0,0,0,0,0,0,0,0,1,0,0,0,0,1,0,0.4293416075585303,0.0825071638248068,0.7303102625298328,1.0
0,0,1,0,0,0,1,0,0,0,0,0,0,0,0,1,0,0.15060609771068284,0.22507000957170167,0.8758949880668256,0.5943204868154158
0,0,1,0,0,0,0,0,0,0,1,0,0,0,0,1,0,0.42104419766013224,0.08876489437236423,0.6610978520286397,1.0
0,0,1,0,0,0,0,0,0,0,1,0,0,0,0,1,0,0.232168480760322,0.10911656051667568,0.8758949880668256,1.0
0,0,0,0,0,0,0,0,0,0,1,0,0,0,0,1,0,0.27726890777272634,0.12044384241454031,0.8305489260143197,1.0
0,0,0,0,0,0,0,0,0,0,1,0,0,0,0,1,0,0.5389704717126297,0.07932728110237684,0.60381861575179,1.0
0,1,0,0,0,0,0,0,0,0,1,0,0,0,0,1,0,0.42557838012489646,0.09843264619346523,0.8186157517899761,1.0
0,1,0,0,0,1,0,0,0,0,1,0,0,0,0,1,0,0.3287372403990909,0.12420488228795289,0.7326968973747017,1.0
0,0,0,0,0,0,0,0,0,0,1,0,0,0,0,1,0,0.1518160433571698,0.24748762759152412,0.7804295942720763,0.15415821501014199
0,0,0,0,0,1,0,0,0,0,0,0,1,0,0,1,0,0.14756374177001114,0.17884938949610962,0.3866348448687352,1.0
0,1,0,0,0,0,0,0,0,0,1,0,0,0,0,1,0,0.35472923264353184,0.09551197384846968,0.532219570405728,1.0
0,0,1,0,0,0,0,0,0,0,1,0,0,0,0,1,0,0.21458188987895838,0.15419596729660473,0.8758949880668256,1.0
0,0,0,0,0,0,0,0,0,0,1,0,0,0,0,1,0,0.42757324215966275,0.09657386080222838,0.7613365155131264,1.0
0,0,0,0,0,0,0,0,0,0,1,0,0,0,0,1,0,0.34880410665269684,0.11133571275447947,0.6730310262529833,1.0
0,1,1,0,0,1,0,0,0,0,1,0,0,0,0,1,0,0.09897597383905712,0.3572721633173406,0.8758949880668256,0.5943204868154158
0,0,0,0,0,0,0,0,0,0,1,0,0,0,0,1,0,0.37554352107384953,0.09608034165889501,0.8305489260143197,1.0
0,0,0,0,0,1,0,0,0,0,1,0,0,0,0,1,0,0.15077226921502968,0.25347654163726635,0.7613365155131264,0.050709939148073035
0,0,0,0,0,0,0,0,0,0,1,0,0,0,0,1,0,0.35384654422686257,0.11311183052235294,0.8305489260143197,1.0
0,0,0,0,0,0,0,0,0,0,1,0,0,0,0,1,0,0.37590102261270075,0.08423432140820862,0.7159904534606205,1.0
0,0,0,0,0,0,0,0,0,0,1,0,0,0,0,1,0,0.24996454769772475,0.12215509815413106,0.6968973747016707,0.5943204868154158
0,0,0,0,0,0,0,0,0,0,1,0,0,0,0,1,0,0.47214671561426963,0.0824787217638522,0.7088305489260143,1.0
0,0,0,0,0,0,0,0,0,0,1,0,0,0,0,1,0,0.43404440884235124,0.07584450077065523,0.8591885441527445,1.0
0,1,0,0,0,0,0,0,0,0,0,0,1,0,0,1,0,0.34985287362807027,0.11264065750237964,0.6491646778042959,0.5943204868154158
0,0,1,0,0,0,0,0,0,0,1,0,0,0,0,1,0,0.41233977782532866,0.08477777478230866,0.7159904534606205,1.0
0,1,0,0,0,0,0,0,0,0,1,0,0,0,0,1,0,0.2843165301485903,0.14302607932139674,0.7923627684964201,1.0
0,1,0,0,0,0,0,0,1,0,0,0,0,0,0,1,0,0.21571948812777386,0.18055948611339973,0.6968973747016707,0.5943204868154158
0,1,0,0,0,0,0,0,0,0,1,0,0,0,0,1,0,0.3907870799752905,0.0994431035986279,0.8591885441527445,1.0
0,0,0,0,0,0,0,0,1,0,0,0,0,0,0,1,0,0.4196293914943723,0.09901717646305769,0.8591885441527445,1.0
0,0,0,0,0,0,0,0,0,0,1,0,0,0,0,1,0,0.1756512567390914,0.11627967407532898,0.6968973747016707,1.0
0,0,0,0,0,0,0,0,0,0,1,0,0,0,0,1,0,0.330238269395981,0.11088698085925858,0.8186157517899761,1.0
0,0,0,0,0,0,0,0,0,0,1,0,0,0,0,1,0,0.2125891837415626,0.08147412502593461,0.6968973747016707,0.5943204868154158
0,1,0,0,0,0,0,0,1,0,0,0,0,0,0,1,0,0.30516813990630653,0.13434096857445657,0.8186157517899761,1.0
0,0,1,0,0,0,0,0,0,0,1,0,0,0,0,1,0,0.3320563785836904,0.10922216984112106,0.7088305489260143,0.3914807302231238
0,0,0,0,0,0,0,0,0,0,1,0,0,0,0,1,0,0.3000536707986933,0.11635842529881227,0.7088305489260143,0.3914807302231238
0,0,0,0,0,0,0,0,1,0,0,0,0,0,0,1,0,0.4097368843187618,0.10248104212625497,0.8186157517899761,1.0
0,1,0,0,0,0,1,0,0,0,0,0,0,0,0,1,0,0.16744169748685722,0.16683035624331047,0.7780429594272076,1.0
0,1,0,0,0,0,0,0,1,0,0,0,0,0,0,1,0,0.3019021502669034,0.13697657134995195,0.8591885441527445,1.0
0,1,0,0,0,0,0,0,0,0,1,0,0,0,0,1,0,0.3300272040946622,0.10613063462766291,0.8186157517899761,1.0
0,1,0,0,0,0,0,0,0,0,0,0,1,0,0,1,0,0.38756463025132015,0.1073754664115132,0.7088305489260143,1.0
0,1,0,0,0,0,0,0,1,0,0,0,0,0,0,1,0,0.3747907796035189,0.10542809765466185,0.8591885441527445,1.0
0,0,0,0,0,1,0,0,0,0,1,0,0,0,0,1,0,0.07206410109532435,0.43262437196761233,0.7159904534606205,0.08924949290060853
0,0,0,0,0,0,0,0,0,0,1,0,0,0,0,1,0,0.428575375686826,0.08413672769280735,0.7159904534606205,1.0
0,0,0,0,0,1,0,0,0,0,1,0,0,0,0,0,1,0.1679329306804293,0.2341856459872897,0.8591885441527445,1.0
0,0,0,0,0,0,0,0,0,0,1,0,0,0,0,1,0,0.21739740706474822,0.10994630045760276,0.6706443914081146,1.0
0,0,0,0,0,0,0,0,0,0,1,0,0,0,0,1,0,0.3250802928103139,0.1136264989786734,0.8830548926014319,1.0
0,0,0,0,0,1,0,0,0,0,1,0,0,0,0,1,0,0.1913837235341517,0.19867456212835044,0.8424821002386635,0.11561866125760652
0,0,0,0,0,0,0,0,0,0,1,0,0,0,0,1,0,0.31216459628883153,0.0958215702398408,0.5990453460620524,1.0
0,0,0,0,0,0,0,0,0,0,1,0,0,0,0,1,0,0.4278886741787689,0.09544393669995806,0.441527446300716,1.0
0,1,0,0,0,0,0,0,1,0,0,0,0,0,0,1,0,0.2748719090703131,0.1254279059279882,0.7875894988066825,1.0
0,1,1,0,0,0,0,0,1,0,0,0,0,0,0,1,0,0.21953776359593025,0.15803787302071845,0.7875894988066825,1.0
1,0,1,0,0,0,0,0,0,0,1,0,0,0,0,1,0,0.17463826833099125,0.16848280581070774,0.441527446300716,0.11764705882352942
0,0,0,0,0,1,0,0,0,0,1,0,0,0,0,1,0,0.3016419773655894,0.13225688124576032,0.8186157517899761,0.797160243407708
0,1,0,0,0,0,0,0,0,0,1,0,0,0,0,1,0,0.3012796407863242,0.10181858065217911,0.8186157517899761,0.797160243407708
0,1,0,0,0,0,0,0,1,0,0,0,0,0,0,1,0,0.35149858315046256,0.11309153343155216,0.8878281622911692,0.797160243407708
0,0,0,0,0,0,0,0,0,0,1,0,0,0,0,1,0,0.6234634671930938,0.06872489198408825,0.8830548926014319,1.0
0,0,0,0,0,0,0,0,0,0,1,0,0,0,0,1,0,0.32118107315041317,0.09018018123037076,0.701670644391408,0.5943204868154158
0,0,0,0,0,0,0,0,0,0,1,0,0,0,0,1,0,0.2264540603230953,0.1770306648667406,0.8424821002386635,1.0
0,0,0,0,0,0,0,0,0,0,1,0,0,0,0,1,0,0.4191155210397064,0.10062007737472903,0.7875894988066825,1.0
0,0,0,0,0,0,0,0,0,1,0,0,0,0,0,1,0,0.763096894004123,0.055009477956094906,0.809069212410501,1.0
0,0,0,0,0,1,0,0,0,0,1,0,0,0,0,1,0,0.2394734044636868,0.16977609675087668,0.8186157517899761,1.0
0,0,0,0,0,0,0,0,0,0,1,0,0,0,0,1,0,0.2892565303355658,0.10283666841179977,0.6420047732696896,1.0
0,0,0,0,0,0,0,0,0,0,1,0,0,0,0,1,0,0.26624047759247493,0.12172935577847538,0.9164677804295942,0.797160243407708
0,0,0,0,0,0,0,0,0,0,1,0,0,0,0,1,0,0.29064711634408774,0.10823771365577994,0.675417661097852,0.797160243407708
0,0,0,0,0,1,0,0,0,0,1,0,0,0,0,1,0,0.23281079845859545,0.14932112716239046,0.8782816229116945,1.0
0,0,0,0,0,0,0,0,0,0,1,0,0,0,0,1,0,0.2994730750972806,0.13712022267903173,0.809069212410501,1.0
1,0,1,0,0,0,0,0,0,0,1,0,0,0,0,1,0,0.18300747378925297,0.21637003038460553,0.9331742243436754,0.17038539553752538
0,0,0,0,0,0,0,0,0,0,1,0,0,0,0,1,0,0.2588007406987522,0.11275370571968506,0.8186157517899761,1.0
0,0,0,0,0,0,0,0,0,0,1,0,0,0,0,1,0,0.30124565039594103,0.13566792604413194,0.809069212410501,1.0
0,0,0,0,0,0,0,0,0,0,1,0,0,0,0,1,0,0.3224256674054815,0.12758515712012405,0.7828162291169449,1.0
1,0,1,0,0,0,0,0,0,0,1,0,0,0,0,1,0,0.1329480333608849,0.2683228498193905,0.29594272076372313,0.13793103448275862
0,1,0,0,0,0,0,0,0,0,1,0,0,0,0,1,0,0.41368680271295327,0.07262133699700012,0.7422434367541766,1.0
1,0,1,1,0,0,0,0,0,0,1,0,0,0,0,1,0,0.03816315926361953,0.6456074574504809,0.7899761336515512,0.13387423935091278
0,1,0,0,0,0,0,0,0,0,1,0,0,0,0,1,0,0.2529914708576268,0.0916764257755771,0.7804295942720763,1.0
0,1,0,0,0,0,0,0,0,0,1,0,0,0,0,1,0,0.19925332447633434,0.16002339066193833,0.9069212410501193,1.0
0,0,0,0,0,1,0,0,0,0,1,0,0,0,0,0,1,0.1694765941047743,0.23235050004409918,0.9069212410501193,1.0
0,0,0,0,0,0,0,0,0,0,1,0,0,0,0,1,0,0.0678028541744181,0.4567719869705239,0.5966587112171837,0.15010141987829617
0,0,0,0,0,0,0,0,0,0,1,0,0,0,0,1,0,0.061220557237576835,0.4805689584880845,0.7804295942720763,0.10750507099391482
0,0,0,0,0,0,0,0,0,0,1,0,0,0,0,1,0,0.09931227863980312,0.30063155248452883,0.5966587112171837,0.15010141987829617
0,1,0,0,0,0,0,0,0,0,1,0,0,0,0,1,0,0.21198426203816784,0.17826037757681892,0.7899761336515512,1.0
0,0,0,0,0,1,0,0,0,0,1,0,0,0,0,1,0,0.2713555217016899,0.08922901141831022,0.9069212410501193,1.0
1,0,1,0,0,0,0,0,0,0,1,0,0,0,0,1,0,0.171482780490762,0.21175626082449767,0.7899761336515512,0.13387423935091278
0,0,0,0,0,0,0,0,0,0,1,0,0,0,0,1,0,0.4216132083497879,0.06929841647310343,0.7804295942720763,1.0
0,0,0,0,0,0,0,0,0,0,1,0,0,0,0,1,0,0.16669246863643014,0.15476973649801548,0.7804295942720763,1.0
0,1,0,0,0,0,0,0,0,0,1,0,0,0,0,1,0,0.18222663442605905,0.19432824443180272,0.8830548926014319,0.3914807302231238
0,1,0,0,0,0,0,0,0,0,0,1,0,0,0,1,0,0.1750919517331221,0.22360968824382452,0.8830548926014319,1.0
0,0,0,0,0,0,0,0,0,0,1,0,0,0,0,1,0,0.47756247702867016,0.06665694108883867,0.7422434367541766,1.0
0,0,0,0,0,0,0,0,0,0,1,0,0,0,0,1,0,0.24603872323901482,0.13697547545406893,0.9069212410501193,1.0
0,1,0,0,0,0,0,0,0,0,1,0,0,0,0,1,0,0.2977248046443918,0.12970332699993922,0.8830548926014319,1.0
1,0,1,0,0,0,0,0,0,0,1,0,0,0,0,1,0,0.1686314724330514,0.22974202896829313,0.7422434367541766,0.09330628803245437
0,0,0,0,0,1,0,0,0,0,1,0,0,0,0,1,0,0.4127641444990157,0.08316128870880149,0.6062052505966586,1.0
0,1,0,0,0,0,0,0,0,0,0,0,1,0,0,1,0,0.22219352142172302,0.1437182570618539,0.7899761336515512,1.0
0,1,1,0,0,0,0,0,0,0,0,0,1,0,0,1,0,0.13293993740589205,0.278362269312558,0.8329355608591884,0.5943204868154158
0,0,0,0,0,0,0,0,1,0,0,0,0,0,0,1,0,0.4398334314232308,0.09658803876220637,0.7040572792362769,1.0
0,1,0,0,0,0,0,0,0,0,1,0,0,0,0,1,0,0.1978196914388593,0.20256996580196165,0.8257756563245822,1.0
0,0,0,0,0,0,0,0,1,0,0,0,0,0,0,1,0,0.18907597623189043,0.09231939559021785,0.7565632458233891,1.0
0,0,0,0,0,0,0,0,0,0,1,0,0,0,0,1,0,0.30226377417494477,0.13790244283521666,0.8902147971360381,1.0
0,0,0,0,0,0,0,0,0,0,1,0,0,0,0,1,0,0.45132605980158363,0.08595387303444925,0.7804295942720763,1.0
0,0,1,0,0,0,0,0,1,0,0,0,0,0,0,1,0,0.14593537705007634,0.2443314464563584,0.5393794749403342,1.0
0,0,0,0,0,1,0,0,0,0,1,0,0,0,0,1,0,0.15858136029534212,0.19741894938816962,0.8782816229116945,0.17038539553752538
0,0,0,0,0,0,0,0,0,0,1,0,0,0,0,1,0,0.1724809810754352,0.13589798730667602,0.8902147971360381,0.13793103448275862
0,0,0,0,0,0,0,0,0,0,1,0,0,0,0,1,0,0.13377954493341038,0.2758882919168401,0.8400954653937946,0.13995943204868155
0,0,0,0,0,0,0,0,0,0,1,0,0,0,0,1,0,0.16537711481674414,0.23677056787835865,0.5393794749403342,0.797160243407708
0,0,1,0,0,0,0,0,0,0,1,0,0,0,0,1,0,0.31374874756980714,0.12367133556195005,0.7828162291169449,0.5943204868154158
0,1,0,0,0,0,0,0,0,0,0,0,1,0,0,1,0,0.21457668239434363,0.15767829316197743,0.7804295942720763,1.0
0,0,0,0,0,0,0,0,0,0,1,0,0,0,0,1,0,0.10004449499115767,0.31340792885718993,0.4200477326968974,0.13793103448275862
0,0,0,0,0,1,0,0,0,0,1,0,0,0,0,1,0,0.12346176189171092,0.2914674957214344,0.8257756563245822,0.13184584178498987
0,0,0,0,0,0,0,0,0,0,1,0,0,0,0,1,0,0.4645592880634609,0.08478470169091394,0.6587112171837708,1.0
0,1,0,0,0,0,0,0,0,0,1,0,0,0,0,1,0,0.3504414795962508,0.11658489839148725,0.5155131264916468,1.0
0,0,0,0,0,0,0,0,0,0,1,0,0,0,0,1,0,0.11903800036258404,0.30189821460165694,0.27207637231503584,0.14198782961460446
0,0,0,0,0,0,0,0,0,0,1,0,0,0,0,1,0,0.4033627043547804,0.08652397933376643,0.7804295942720763,1.0
0,1,0,0,0,0,0,0,0,0,0,0,1,0,0,1,0,0.16816172007300884,0.14450415911133038,0.8902147971360381,0.797160243407708
0,0,1,0,0,0,0,0,1,0,0,0,0,0,0,1,0,0.2291077839240815,0.10965140747879702,0.8782816229116945,1.0
1,0,1,0,0,1,0,0,0,0,1,0,0,0,0,1,0,0.09511040388345249,0.36441978961911903,0.8162291169451072,0.13793103448275862
0,0,0,0,0,0,0,0,0,0,1,0,0,0,0,1,0,0.5132496651030467,0.08286007018089638,0.8162291169451072,1.0
0,0,0,0,0,0,0,0,0,0,1,0,0,0,0,1,0,0.19996097997275927,0.19548191780747445,0.7828162291169449,1.0
0,0,0,0,0,0,0,0,0,0,1,0,0,0,0,1,0,0.25686935863046034,0.15665850414420196,0.7828162291169449,0.5943204868154158
0,0,0,0,0,1,0,1,0,0,0,0,0,0,0,1,0,0.11493359168842958,0.30267964624669436,0.8281622911694511,0.16227180527383367
0,0,0,0,0,0,0,0,0,0,1,0,0,0,0,1,0,0.5136741689282465,0.07609887895426903,0.7422434367541766,0.797160243407708
0,0,0,0,0,0,0,0,0,0,1,0,0,0,0,1,0,0.4562472989927355,0.08091520714423658,0.7923627684964201,1.0
0,1,0,0,0,0,0,0,0,0,1,0,0,0,0,1,0,0.25642508428969824,0.06012406575943779,0.6825775656324582,1.0
0,0,0,0,0,0,0,0,0,0,1,0,0,0,0,1,0,0.4889724590408156,0.08467707738004134,0.7040572792362769,1.0
0,0,0,0,0,0,0,0,0,0,1,0,0,0,0,1,0,0.4955337255838422,0.08305412728273591,0.7613365155131264,1.0
0,1,0,0,0,0,0,0,1,0,0,0,0,0,0,1,0,0.13862692327025095,0.2751376350581126,0.5704057279236276,1.0
0,1,1,0,0,1,0,0,1,0,0,0,0,0,0,1,0,0.18658159013258563,0.1853019680340545,0.5704057279236276,1.0
0,0,0,0,0,0,0,0,0,0,1,0,0,0,1,0,0,0.4114785798788132,0.0963166244012473,0.7422434367541766,1.0
0,0,0,0,0,0,0,0,0,0,1,0,0,0,0,1,0,0.3933940532017971,0.08955944132424597,0.7422434367541766,0.797160243407708
0,0,0,0,0,0,0,0,0,0,1,0,0,0,0,1,0,0.3575442394370071,0.11737320632217725,0.7040572792362769,1.0
0,0,0,0,0,0,0,0,0,0,1,0,0,0,0,1,0,0.4333980415132302,0.07139420208095386,0.7040572792362769,1.0
0,1,0,0,0,0,0,0,0,0,1,0,0,0,0,1,0,0.20994720994323726,0.19229537325179885,0.7899761336515512,1.0
0,0,0,0,0,0,0,0,0,0,1,0,0,0,0,1,0,0.14667758564702116,0.2622127604364177,0.7613365155131264,0.07302231237322516
0,0,1,0,0,0,0,0,0,0,1,0,0,0,0,1,0,0.29098694126473257,0.11355752707185439,0.7804295942720763,1.0
0,0,1,0,0,0,0,0,0,0,1,0,0,0,0,1,0,0.40630552348453075,0.06453601811327495,0.8424821002386635,1.0
0,0,1,0,0,0,0,0,0,0,1,0,0,0,0,1,0,0.23361976783940952,0.15822203145607852,0.7040572792362769,1.0
0,1,0,0,0,0,0,0,1,0,0,0,0,0,0,1,0,0.26130297395846197,0.14883711874552982,0.7589498806682577,1.0
0,0,0,0,0,0,0,0,0,0,1,0,0,0,0,1,0,0.4382904383077486,0.09691436711737228,0.8114558472553699,0.5943204868154158
0,0,0,0,0,0,0,0,0,0,1,0,0,0,0,1,0,0.3265764510321223,0.12139876832241224,0.7661097852028638,0.797160243407708
0,1,0,0,0,0,0,0,0,0,1,0,0,0,0,1,0,0.3469053517475522,0.10558737706055157,0.7804295942720763,1.0
0,1,0,0,0,0,0,0,0,0,0,1,0,0,0,1,0,0.06898535305891396,0.4273526119390902,0.7899761336515512,1.0
1,0,1,0,0,0,0,0,0,0,1,0,0,0,0,1,0,0.14034001172647173,0.27037421407764956,0.7899761336515512,0.13387423935091278
0,0,1,0,0,0,0,0,1,0,0,0,0,0,0,1,0,0.14693655115812257,0.17545295933144167,0.8114558472553699,0.5943204868154158
0,1,0,0,0,0,0,0,0,0,0,0,1,0,0,1,0,0.10717299884026604,0.28668626150064996,0.8353221957040573,1.0
1,0,1,0,0,0,0,0,0,0,1,0,0,0,0,1,0,0.14932165073726714,0.2262526407723655,0.7899761336515512,0.13387423935091278
0,0,1,0,0,0,0,0,0,0,1,0,0,0,0,1,0,0.35582560762096366,0.11703993881904509,0.7804295942720763,1.0
0,0,0,0,0,0,0,0,0,0,1,0,0,0,0,1,0,0.17833063327021648,0.157269786183871,0.7899761336515512,0.13387423935091278
0,0,0,0,0,0,0,0,0,0,1,0,0,0,0,1,0,0.717732726841251,0.05537052548281841,0.7923627684964201,1.0
0,0,0,0,0,1,0,0,0,0,1,0,0,0,0,1,0,0.10490428015213242,0.3157878978960852,0.7470167064439142,0.06288032454361056
0,0,0,0,0,1,0,0,0,0,1,0,0,0,0,1,0,0.38265038226286163,0.11036308618042533,0.9188544152744629,0.797160243407708
1,0,1,0,0,0,0,0,0,0,1,0,0,0,0,1,0,0.1937632653421271,0.19208614292897458,0.8042959427207637,0.16024340770791076
0,0,0,0,0,0,0,0,0,0,1,0,0,0,0,1,0,0.5159489300534663,0.07898548263157505,,1.0
0,0,0,0,0,0,0,0,0,0,1,0,0,0,0,1,0,0.20007776873803898,0.19290797504274193,0.7780429594272076,0.11967545638945236
1,0,1,0,0,1,0,0,0,0,1,0,0,0,0,1,0,0.21486811924794802,0.18815301234781173,0.9140811455847255,0.15618661257606492
0,0,0,0,0,0,0,1,0,0,0,0,0,0,0,1,0,0.20535036899364933,0.18465618041427456,0.9140811455847255,0.15618661257606492
0,0,0,0,0,0,0,0,0,0,1,0,0,0,0,1,0,0.4066029206175334,0.09740849611196319,0.935560859188544,1.0
0,0,0,0,0,0,0,0,0,0,1,0,0,0,0,1,0,0.44509323772067316,0.09536618475329968,0.9188544152744629,1.0
0,1,0,0,0,0,0,0,1,0,0,0,0,0,0,1,0,0.1839055437440119,0.198412170451388,0.8042959427207637,1.0
0,0,0,0,0,0,0,0,0,0,1,0,0,0,0,1,0,0.30729121643865887,0.133261436987542,0.8615751789976134,1.0
0,1,0,0,0,0,0,0,0,0,1,0,0,0,0,1,0,0.2228226561642984,0.09524899150121212,0.8377088305489258,0.5943204868154158
0,0,0,0,0,0,0,0,0,0,1,0,0,0,0,1,0,0.1756512567390915,0.2050737092046041,0.5393794749403342,0.16024340770791076
0,0,0,0,0,0,0,0,0,0,1,0,0,0,0,1,0,0.16043306243026717,0.22387309636538708,0.8042959427207637,0.16024340770791076
0,0,0,0,0,0,0,0,0,0,1,0,0,0,0,1,0,0.26591316740073273,0.12444219383165085,0.9140811455847255,1.0
0,0,0,0,0,0,0,0,0,0,1,0,0,0,0,1,0,0.2251684310714459,0.14571514710901035,0.8615751789976134,1.0
0,0,0,0,0,0,0,0,0,0,1,0,0,0,0,1,0,0.350692982218779,0.11166120863662818,0.7470167064439142,1.0
0,0,0,0,0,1,0,0,0,0,1,0,0,0,0,1,0,0.16640905765006092,0.23600580037868846,0.935560859188544,1.0
0,0,0,0,0,0,0,0,0,0,1,0,0,0,0,1,0,0.4443455304502293,0.08071640613037939,0.6181384248210025,1.0
0,1,0,0,0,0,0,0,0,0,1,0,0,0,0,1,0,0.13579449316112924,0.23161526617004438,0.8377088305489258,0.5943204868154158
0,1,0,0,0,1,0,0,0,0,1,0,0,0,0,1,0,0.14247594724059182,0.10529262624447201,0.8377088305489258,0.5943204868154158
0,0,0,0,0,0,0,0,0,0,1,0,0,0,0,0,1,0.16638267122894881,0.23606326937697766,0.9140811455847255,1.0
0,0,0,0,0,0,0,0,0,0,1,0,0,0,0,1,0,0.1438763393097281,0.2643632416959127,0.35083532219570407,0.13793103448275862
0,0,0,0,0,0,0,0,0,0,1,0,0,0,0,1,0,0.32491169372006967,0.11206819306393336,0.8615751789976134,1.0
0,0,1,0,0,0,0,0,0,0,1,0,0,0,0,1,0,0.35493263024841293,0.10114927966266818,0.935560859188544,1.0
0,0,0,0,0,0,0,0,1,0,0,0,0,0,0,1,0,0.14054800337747028,0.22783055915272232,0.9140811455847255,1.0
0,0,0,0,0,0,0,0,0,0,1,0,0,0,0,1,0,0.22300856003767697,0.09751887927907521,0.9140811455847255,1.0
1,0,1,0,0,0,0,0,0,0,1,0,0,0,0,1,0,0.09418018264110974,0.36131304353806215,0.35083532219570407,0.13793103448275862
0,1,0,0,0,0,0,0,0,0,1,0,0,0,0,1,0,0.23423435760444639,0.1726457178357495,0.7804295942720763,1.0
0,1,0,0,0,0,0,0,1,0,0,0,0,0,0,1,0,0.1663826712289487,0.22231010215219474,0.8782816229116945,1.0
0,0,0,0,0,0,0,0,0,0,1,0,0,0,0,1,0,0.09179084599252772,0.3292162016339126,0.7040572792362769,0.13387423935091278
0,0,0,0,0,0,0,0,1,0,0,0,0,0,0,1,0,0.21924194874312605,0.17877058984403474,0.7828162291169449,1.0
0,0,0,0,0,0,0,0,0,0,1,0,0,0,0,1,0,0.5228618345496546,0.05751666106911708,0.7971360381861574,1.0
0,0,0,0,0,0,0,0,0,0,1,0,0,0,0,1,0,0.12942469604980095,0.26831119524477637,0.27207637231503584,0.5943204868154158
0,0,0,0,0,0,0,0,0,0,1,0,0,0,0,1,0,0.06295353914551263,0.43458677007603225,0.7828162291169449,0.09330628803245437
0,0,0,0,0,0,0,0,0,0,1,0,0,0,0,1,0,0.6034594842226862,0.06849515412887515,0.5823389021479712,1.0
0,0,0,0,0,0,0,0,0,0,1,0,0,0,1,0,0,0.47735164599910473,0.08485296420126295,0.7804295942720763,1.0
0,1,0,0,0,0,0,0,0,0,1,0,0,0,0,1,0,0.4096581851533295,0.10323336511906449,0.6491646778042959,1.0
0,0,0,0,0,0,0,1,0,0,0,0,0,0,0,1,0,0.15733578975149065,0.2222118358052098,0.8782816229116945,0.17038539553752538
0,1,0,0,0,1,0,0,1,0,0,0,0,0,0,1,0,0.023073260216773583,0.7512281135643796,0.44630071599045346,1.0
0,0,0,0,0,0,0,0,1,0,0,0,0,0,0,1,0,0.19880635051350143,0.16859369356352996,0.7040572792362769,1.0
1,0,1,0,0,0,0,0,0,0,1,0,0,0,0,1,0,0.11477667438147902,0.30786028024401946,0.8782816229116945,0.17038539553752538
0,1,0,0,0,0,0,0,1,0,0,0,0,0,0,1,0,0.2461485731750645,0.15311787580888553,0.7828162291169449,1.0
0,0,0,0,0,0,0,0,0,0,1,0,0,0,0,1,0,0.3716169353001061,0.06628439551088036,0.8305489260143197,1.0
0,1,0,0,0,0,0,0,0,0,0,0,1,0,0,1,0,0.3255540292370614,0.12210038811140352,0.8305489260143197,1.0
1,0,1,0,0,0,0,0,0,0,1,0,0,0,0,1,0,0.19290793857289057,0.09853967390598938,0.44630071599045346,0.15212981744421905
0,0,0,0,0,0,0,0,1,0,0,0,0,0,0,1,0,0.20550225431271882,0.13841595281142258,0.6610978520286397,1.0
1,0,1,0,0,0,0,0,0,0,1,0,0,0,0,1,0,0.11236194017033259,0.32533297162044994,0.5894988066825775,0.1359026369168357
0,0,0,0,0,0,0,0,0,0,1,0,0,0,0,1,0,0.1251218755434542,0.2535036062957848,0.7207637231503581,1.0
0,0,0,0,0,0,0,0,0,0,1,0,0,0,0,1,0,0.2418062405929034,0.13660795488482633,0.7207637231503581,0.5943204868154158
0,0,0,0,0,0,0,0,0,0,1,0,0,0,0,1,0,0.1321036550877771,0.2197639975289928,0.486873508353222,0.11156186612576068
0,0,1,0,0,0,0,0,0,0,1,0,0,0,0,1,0,0.32506273431401855,0.12786421935142558,0.7207637231503581,1.0
0,1,0,1,0,1,0,0,1,0,0,0,0,0,0,1,0,0.04471260171153926,0.5869003069839348,0.36515513126491655,0.5943204868154158
0,1,0,0,0,0,0,0,1,0,0,0,0,0,0,1,0,0.18621931878613762,0.12417227969384201,0.532219570405728,0.5943204868154158
0,1,0,0,0,0,0,0,0,0,1,0,0,0,0,1,0,0.35356480280281594,0.1188892681476202,0.7875894988066825,1.0
0,0,0,0,0,0,0,0,0,0,1,0,0,0,0,1,0,0.48913581686995194,0.08720908645284693,0.6491646778042959,1.0
0,0,1,0,0,0,0,0,1,0,0,0,0,0,0,1,0,0.2804925298366489,0.146525063629082,0.36515513126491655,0.5943204868154158
1,0,1,0,0,0,0,0,0,0,1,0,0,0,0,1,0,0.07067213109203775,0.42529466521810944,0.5894988066825775,0.1359026369168357
0,0,0,0,0,0,0,0,0,0,1,0,0,0,0,1,0,0.218659424504498,0.1221629291830623,0.8162291169451072,0.13793103448275862
0,0,1,0,0,0,0,0,0,0,1,0,0,0,0,1,0,0.4636051938170067,0.07235229722075248,0.7207637231503581,1.0
0,0,0,0,0,0,0,0,0,0,1,0,0,0,0,1,0,0.1435595029674547,0.1573428905861897,0.6420047732696896,0.11764705882352942
0,0,0,0,0,0,0,0,0,0,1,0,0,0,0,1,0,0.4580193091830824,0.07794007857129348,0.8400954653937946,1.0
0,0,0,0,0,0,0,0,0,0,1,0,0,0,0,1,0,0.25384621897426424,0.12584477592341745,0.8400954653937946,1.0
0,0,0,0,0,1,0,0,0,0,1,0,0,0,0,1,0,0.166666123554535,0.12238451009151685,0.6801909307875893,0.797160243407708
0,0,0,0,0,0,0,0,0,0,1,0,0,0,0,1,0,0.1453391246040341,0.2604918487669101,0.47016706443914075,0.15415821501014199
0,0,1,0,0,0,0,0,0,0,1,0,0,0,0,1,0,0.3253751398116067,0.1254809458355727,0.8305489260143197,1.0
0,0,0,0,0,0,0,0,0,0,1,0,0,0,0,1,0,0.1431739157474131,0.24771681394381617,0.7708830548926013,0.13995943204868155
0,0,0,0,0,0,0,0,0,0,1,0,0,0,0,1,0,0.260566837579589,0.142348894190089,0.5823389021479712,1.0
0,0,0,0,0,0,0,0,0,0,1,0,0,0,0,1,0,0.40389593512106386,0.06218679514381667,0.8400954653937946,1.0
0,0,0,0,0,0,0,0,0,0,1,0,0,0,1,0,0,0.5278304344845022,0.06813117969511033,0.8400954653937946,1.0
0,1,0,0,0,0,0,0,0,0,1,0,0,0,0,1,0,0.2867768721692129,0.13131943610152214,0.8400954653937946,1.0
1,0,1,0,0,0,0,0,0,0,1,0,0,0,0,1,0,0.2106053143228525,0.16650105266183812,0.7780429594272076,0.15618661257606492
0,0,0,0,0,0,0,0,0,0,1,0,0,0,0,1,0,0.3643344580337348,0.11468630064568879,0.8400954653937946,1.0
0,1,0,0,0,0,0,0,0,0,1,0,0,0,0,1,0,0.3976743847893954,0.10610919067014689,0.844868735083532,1.0
0,1,0,0,0,0,0,0,0,0,1,0,0,0,0,1,0,0.2122948149596543,0.1855168297331408,0.7708830548926013,1.0
0,0,0,0,0,0,0,0,0,0,1,0,0,0,0,1,0,0.5107771430825544,0.08362832246445186,0.4295942720763723,0.5943204868154158
0,1,0,0,0,1,0,0,0,0,1,0,0,0,0,1,0,0.19771290241679573,0.1931034052697902,0.8544152744630071,1.0
0,0,0,0,0,0,0,0,0,0,1,0,0,0,0,1,0,0.426268683188155,0.07475001065856565,0.701670644391408,0.797160243407708
0,1,0,0,0,0,0,0,1,0,0,0,0,0,0,1,0,0.14383865399882959,0.1620308635073694,0.7112171837708829,0.5943204868154158
1,0,1,0,0,0,0,0,0,0,1,0,0,0,0,1,0,0.07563536835300058,0.43127573743700665,0.29594272076372313,0.11561866125760652
0,1,0,0,0,0,0,0,0,0,1,0,0,0,0,1,0,0.6027685124893855,0.06987078051533714,0.8377088305489258,1.0
0,0,1,0,0,0,0,0,0,0,1,0,0,0,0,1,0,0.35312394652598333,0.1083373555141395,0.844868735083532,0.5943204868154158
0,1,0,0,0,0,0,0,0,0,1,0,0,0,0,1,0,0.28988406041508896,0.1433972586741272,0.7088305489260143,1.0
0,0,0,0,0,0,0,1,0,0,0,0,0,0,0,1,0,0.1221138755775089,0.18838655460593848,0.6992840095465394,0.15415821501014199
0,0,0,0,0,1,0,0,0,0,1,0,0,0,0,1,0,0.0500130173224955,0.5459389157933896,0.3842482100238663,0.14198782961460446
1,0,1,0,0,1,0,0,0,0,1,0,0,0,0,1,0,0.12661870531721492,0.29371694383516805,0.9069212410501193,0.14807302231237324
0,1,0,0,0,0,0,0,1,0,0,0,0,0,0,1,0,0.14881819308887595,0.09913663317148753,0.3102625298329356,1.0
0,0,0,0,0,0,0,0,0,0,1,0,0,0,0,1,0,0.3648974391329991,0.08638863155240421,0.8544152744630071,1.0
0,0,0,0,0,0,0,0,0,0,1,0,0,0,1,0,0,0.3585843998807137,0.1158365765178842,0.7708830548926013,1.0
0,0,0,0,0,1,0,0,0,0,1,0,0,0,0,1,0,0.1754503481923591,0.1963103458036151,0.8210023866348448,1.0
0,0,0,1,0,1,0,0,0,0,1,0,0,0,0,1,0,0.04683724403209338,0.5745526206992565,0.9069212410501193,0.797160243407708
0,0,1,0,0,0,0,0,0,0,1,0,0,0,0,1,0,0.1856299725493057,0.2140907416879917,0.9212410501193318,1.0
0,0,0,0,0,0,0,0,0,0,1,0,0,0,0,1,0,0.4670761393525846,0.08476606002620274,0.7494033412887828,1.0
0,0,0,0,0,0,0,0,0,0,1,0,0,0,0,1,0,0.31681513985587667,0.12491942389776339,0.7708830548926013,1.0
1,0,1,0,0,0,0,0,0,0,1,0,0,0,0,1,0,0.2188895421698393,0.18545391337058265,0.8544152744630071,0.12170385395537527
0,0,1,0,0,0,0,0,0,1,0,0,0,0,0,1,0,0.19001737254343226,0.17958681757631687,0.8138424821002386,1.0
0,0,1,0,0,0,0,0,0,0,1,0,0,0,0,1,0,0.3326648772469174,0.07426609800440029,0.9069212410501193,1.0
0,0,0,0,0,0,0,0,0,0,1,0,0,0,0,1,0,0.20524181512636985,0.19627512878276687,0.5966587112171837,0.15010141987829617
0,1,0,0,0,0,0,0,0,0,0,0,1,0,0,1,0,0.2731895779441996,0.15065108993574286,0.9069212410501193,1.0
0,0,0,0,0,0,0,0,1,0,0,0,0,0,0,1,0,0.16560915567646556,0.14868480789721583,0.6873508353221955,1.0
0,0,0,0,0,0,0,0,0,0,1,0,0,0,1,0,0,0.3377692642873401,0.12273546112644608,0.8544152744630071,1.0
0,1,0,0,0,0,0,0,0,0,1,0,0,0,0,1,0,0.2666777118296696,0.135729549288186,0.8400954653937946,1.0
0,0,0,0,0,0,0,0,0,0,1,0,0,0,0,1,0,0.28935074254106014,0.12237227385189083,0.8544152744630071,1.0
0,1,0,0,0,0,0,0,1,0,0,0,0,0,0,1,0,0.2484221287014023,0.1652280726879988,0.8544152744630071,1.0
0,0,1,0,0,0,0,0,0,0,1,0,0,0,0,1,0,0.33337858776396034,0.10894702958755778,0.8400954653937946,1.0
0,0,1,0,0,0,0,0,0,0,1,0,0,0,0,1,0,0.3623621424232519,0.08333459288196375,0.5966587112171837,1.0
0,0,0,0,0,0,0,0,0,0,1,0,0,0,0,1,0,0.42715771451557555,0.0990750495288519,0.8400954653937946,0.3914807302231238
0,0,0,0,0,0,0,0,0,0,1,0,0,0,0,1,0,0.22690908194699916,0.14689012378376845,0.7899761336515512,1.0
0,1,0,0,0,0,0,0,0,0,0,1,0,0,0,1,0,0.16272381018058646,0.23963369321504813,0.9785202863961813,1.0
0,0,0,0,0,0,0,0,0,0,1,0,0,0,1,0,0,0.4069878086008178,0.08951150772371355,0.9785202863961813,1.0
0,0,1,0,0,0,0,0,1,0,0,0,0,0,0,1,0,0.26538952642640495,0.07132122502019844,0.8138424821002386,1.0
0,0,0,0,0,0,0,0,0,0,1,0,0,0,0,1,0,0.15258208882905036,0.25067116043612303,0.9069212410501193,0.15010141987829617
0,1,0,0,0,0,0,0,0,0,1,0,0,0,0,1,0,0.35106828059863227,0.10904335617741248,0.8138424821002386,1.0
0,1,0,0,0,0,0,0,0,0,1,0,0,0,0,1,0,0.15338018055063854,0.17997057583828457,0.4797136038186158,0.5943204868154158
0,0,0,0,0,1,0,0,0,0,1,0,0,0,0,1,0,0.18672394409927148,0.1555168490100845,0.8257756563245822,1.0
0,0,0,0,0,0,0,0,0,0,1,0,0,0,0,1,0,0.4885199888054352,0.08690090443517796,0.7422434367541766,1.0
0,1,0,0,0,1,0,0,0,0,0,0,1,0,0,1,0,0.06259766351072027,0.4793815702081247,0.8329355608591884,1.0
1,0,1,0,0,1,0,0,0,0,1,0,0,0,0,1,0,0.15567485072946183,0.2415343469118679,0.8257756563245822,0.13184584178498987
0,0,0,0,0,0,0,0,1,0,0,0,0,0,0,1,0,0.3583797978833385,0.10306227165648195,0.7661097852028638,1.0
0,0,0,0,0,0,0,0,0,0,1,0,0,0,0,1,0,0.28306469692477687,0.14003078738280403,0.7040572792362769,0.5943204868154158
0,0,0,0,0,0,0,0,0,0,1,0,0,0,0,1,0,0.29607037593237406,0.11529544032497864,0.7971360381861574,1.0
0,0,0,0,0,1,0,0,0,0,1,0,0,0,0,1,0,0.218398349302448,0.13317963477663355,0.7971360381861574,1.0
0,1,0,0,0,1,0,0,0,0,0,0,1,0,0,1,0,0.19426106177567362,0.1547915360671986,0.7040572792362769,1.0
0,1,0,0,0,0,0,0,1,0,0,0,0,0,0,1,0,0.23028988373581752,0.17200991040775807,0.8257756563245822,0.3914807302231238
0,0,0,0,0,0,0,0,0,0,1,0,0,0,0,1,0,0.2200926811463576,0.16060822042286327,0.7971360381861574,0.797160243407708
0,1,0,0,0,0,0,0,0,0,1,0,0,0,0,1,0,0.28595238321621747,0.10581459143780624,0.7971360381861574,1.0
1,0,1,0,0,0,0,0,0,0,1,0,0,0,0,1,0,0.10697654987797793,0.2715865459606104,0.29594272076372313,0.13793103448275862
0,0,1,0,0,0,0,0,0,0,1,0,0,0,0,1,0,0.447318765869411,0.07937994610721882,0.6825775656324582,0.797160243407708
0,0,0,0,0,0,0,0,0,0,1,0,0,0,1,0,0,0.36627776309706445,0.041169471688374794,0.7040572792362769,1.0
0,0,0,0,0,0,0,0,0,0,1,0,0,0,0,1,0,0.41193456052275096,0.07689912155019638,0.7040572792362769,0.5943204868154158
0,0,1,0,0,1,0,0,1,0,0,0,0,0,0,1,0,0.2246402707925576,0.17649173242882754,0.8520286396181382,0.797160243407708
0,0,0,0,0,1,0,0,0,0,1,0,0,0,0,1,0,0.06071351789445865,0.48194044815289333,0.8257756563245822,0.13184584178498987
0,0,1,0,0,0,0,0,0,0,1,0,0,0,0,1,0,0.3821186313741977,0.07054399299684214,0.7040572792362769,1.0
0,0,0,0,0,0,0,0,0,0,1,0,0,0,0,1,0,0.12225362834285423,0.24686173436164607,0.8329355608591884,0.14604462474645033
0,0,0,0,0,0,0,0,0,0,1,0,0,0,0,1,0,0.09511040388345235,0.3441164257666731,0.5704057279236276,0.1237322515212982
0,1,0,0,0,0,0,0,1,0,0,0,0,0,0,1,0,0.1615143819806424,0.18564226323079497,0.7661097852028638,1.0
0,0,0,0,0,0,0,0,0,0,1,0,0,0,0,1,0,0.3218057194051256,0.12913267299613426,0.6825775656324582,0.797160243407708
0,0,0,0,0,0,0,0,0,0,1,0,0,0,0,1,0,0.3945149827643928,0.09573426460122467,0.7422434367541766,0.797160243407708
0,0,0,0,0,0,0,0,0,0,1,0,0,0,0,1,0,0.4568547290323254,0.0884162677602032,0.7661097852028638,1.0
0,0,0,0,0,1,0,0,0,0,1,0,0,0,0,1,0,0.3843759155288453,0.10055058384035742,0.8257756563245822,1.0
0,0,0,0,0,0,0,0,0,0,1,0,0,0,0,1,0,0.37754680235208665,0.11149473708065887,0.8329355608591884,1.0
0,0,0,0,0,0,0,0,0,0,1,0,0,0,0,1,0,0.2957822492588463,0.1395793174386299,0.7899761336515512,0.3914807302231238
0,1,0,0,0,0,0,0,1,0,0,0,0,0,0,1,0,0.4097368843187617,0.09383459888933265,0.7326968973747017,1.0
0,0,0,0,0,0,0,0,0,0,1,0,0,0,0,1,0,0.22565569568316413,0.1568050934177815,0.48210023866348445,1.0
0,0,0,0,0,0,0,0,0,0,1,0,0,0,0,1,0,0.26590040731535136,0.06398232797184762,0.486873508353222,1.0
0,1,0,0,0,0,0,0,0,0,1,0,0,0,0,1,0,0.217741807591265,0.0880949308107464,0.486873508353222,1.0
0,0,0,0,0,0,0,0,0,0,1,0,0,0,0,1,0,0.3233199221667392,0.10688914896764368,0.5823389021479712,0.5943204868154158
0,0,0,0,0,0,0,0,0,0,1,0,0,0,1,0,0,0.3989827116741685,0.08988246814909256,0.8305489260143197,1.0
0,1,0,0,0,0,0,0,0,0,1,0,0,0,0,1,0,0.3790857386031011,0.1110664360045343,0.5059665871121717,1.0
0,1,1,0,0,0,0,0,0,0,1,0,0,0,0,1,0,0.13503010118769973,0.2779962387802431,0.7780429594272076,1.0
1,0,1,0,0,0,0,0,0,0,1,0,0,0,0,1,0,0.14260515363393245,0.2677739861275892,0.4391408114558472,0.16835699797160245
0,1,0,0,0,1,0,0,0,0,1,0,0,0,0,1,0,0.12346176189171092,0.2914674957214344,0.9164677804295942,1.0
0,0,0,0,0,0,0,0,0,0,1,0,0,0,1,0,0,0.41591416042269275,0.04505844989339572,0.7684964200477327,1.0
0,1,0,0,0,0,0,0,0,0,1,0,0,0,0,1,0,0.3250205902151541,0.12573133309116932,0.532219570405728,1.0
0,0,0,0,0,0,0,0,0,0,1,0,0,0,0,1,0,0.3300202817298741,0.07769891610764965,0.5823389021479712,1.0
0,0,0,0,0,0,0,0,0,0,1,0,0,0,0,1,0,0.28628562220629633,0.1004933545628303,0.8186157517899761,1.0
0,0,0,0,0,0,0,0,0,0,1,0,0,0,0,1,0,0.13746888156402354,0.24909744680481422,0.9164677804295942,0.15212981744421905
1,0,1,0,0,0,0,0,0,0,1,0,0,0,0,1,0,0.11213584505820752,0.3081001089714022,0.44630071599045346,0.15212981744421905
0,1,0,0,0,0,0,0,0,0,1,0,0,0,0,1,0,0.10834508116826033,0.218102041235511,0.44630071599045346,1.0
1,0,1,0,0,0,0,0,0,0,1,0,0,0,0,1,0,0.2037765130481762,0.19404562831329522,0.7780429594272076,0.15618661257606492
0,0,0,0,0,0,0,0,0,0,1,0,0,0,0,1,0,0.4972861097113405,0.0829981680526155,0.8186157517899761,1.0
0,1,0,0,0,0,0,0,0,0,1,0,0,0,0,1,0,0.1858623464636128,0.09019159693465825,0.8854415274463008,1.0
0,0,0,0,0,0,0,0,0,0,1,0,0,0,0,1,0,0.3146702179277215,0.1327869403502471,0.9188544152744629,1.0
0,0,0,0,0,0,0,0,0,0,1,0,0,0,0,1,0,0.524434653047498,0.07220356857352607,0.9188544152744629,1.0
0,0,0,0,0,0,0,0,0,0,1,0,0,0,0,1,0,0.42218966791671564,0.09550669221113847,0.9069212410501193,1.0
0,0,0,0,0,0,0,0,0,0,1,0,0,0,0,1,0,0.4724185678343274,0.0898635944921731,0.8878281622911692,1.0
0,0,0,0,0,0,0,0,0,0,1,0,0,0,0,1,0,0.5101321958931353,0.0684067234615566,0.8424821002386635,0.797160243407708
0,0,0,0,0,0,0,0,0,0,1,0,0,0,0,1,0,0.1931379029166963,0.1931291175353824,0.9188544152744629,1.0
0,1,0,0,0,0,0,0,0,0,0,0,1,0,0,1,0,0.2339992647174667,0.17014713904669748,0.9069212410501193,1.0
0,1,0,0,0,0,0,0,0,0,1,0,0,0,0,1,0,0.28815127865333456,0.06750946882163604,0.9069212410501193,1.0
0,0,0,0,0,0,0,0,0,0,1,0,0,0,0,1,0,0.3921996781938236,0.09916199662764101,0.8878281622911692,1.0
0,0,0,0,0,0,0,0,0,0,1,0,0,0,0,1,0,0.26807821967867146,0.11938407148625804,0.9188544152744629,0.797160243407708
0,1,0,0,0,0,0,0,1,0,0,0,0,0,0,1,0,0.3831514383429385,0.1064542595405569,0.8424821002386635,0.797160243407708
0,0,0,0,0,0,0,0,0,0,1,0,0,0,0,1,0,0.20632494955123235,0.12002599515998581,0.8424821002386635,0.797160243407708
0,0,0,0,0,0,0,0,0,0,1,0,0,0,0,1,0,0.32575385308984184,0.08777871486713418,0.9188544152744629,1.0
0,0,0,0,0,0,0,0,0,0,1,0,0,0,0,1,0,0.44408562456289796,0.09546667430083065,0.7470167064439142,0.5943204868154158
0,0,0,0,0,0,0,0,0,0,1,0,0,0,0,1,0,0.33205637858369036,0.09840329113914571,0.8424821002386635,1.0
0,1,0,0,0,0,0,0,0,0,0,0,1,0,0,1,0,0.12484799392583538,0.2973383952792548,0.8520286396181382,1.0
0,0,0,0,0,0,0,0,0,0,1,0,0,0,0,1,0,0.43732833776661806,0.09254123484424698,0.8496420047732696,1.0
0,0,0,0,0,0,0,0,1,0,0,0,0,0,0,1,0,0.47740012090567346,0.0829322632966409,0.5178997613365155,1.0
0,1,0,0,0,0,0,0,0,0,0,0,1,0,0,1,0,0.12668636526377935,0.22747504955106923,0.9069212410501193,1.0
0,0,0,0,0,0,0,0,0,0,1,0,0,0,0,1,0,0.31301407241225354,0.1165312918506266,0.8520286396181382,1.0
0,0,0,0,0,0,0,0,0,0,1,0,0,0,0,1,0,0.0981202033961669,0.35627147975997797,0.6515513126491648,0.15415821501014199
0,0,0,0,0,0,0,0,0,0,1,0,0,0,0,1,0,0.31995323702215656,0.11702478907990436,0.8042959427207637,1.0
0,1,0,0,0,0,0,0,0,0,1,0,0,0,0,1,0,0.3063894188788581,0.1339724212944015,0.7470167064439142,0.5943204868154158
0,0,0,0,0,1,0,0,0,1,0,0,0,0,0,1,0,0.1650052246104643,0.2268402609972616,0.7470167064439142,1.0
0,1,0,0,0,0,0,0,0,0,1,0,0,0,0,1,0,0.24454197636953096,0.13943044780807168,0.7613365155131264,1.0
0,0,0,0,0,0,0,0,0,0,1,0,0,0,0,1,0,0.2094789936457208,0.10725743319305082,0.9069212410501193,1.0
1,0,1,0,0,0,0,0,0,0,1,0,0,0,0,1,0,0.12733593878688235,0.27257057980412425,0.8830548926014319,0.12981744421906694
0,0,0,0,0,0,0,0,0,0,1,0,0,0,0,1,0,0.4089661276485311,0.10320227832536852,0.8520286396181382,1.0
0,0,1,0,0,0,0,0,0,0,1,0,0,0,0,1,0,0.19563384949099896,0.15981934926713803,0.8520286396181382,1.0
1,0,1,0,0,0,0,0,0,0,1,0,0,0,0,1,0,0.07611142214763526,0.406971766464031,0.8424821002386635,0.11359026369168358
0,1,1,0,0,1,0,0,0,0,1,0,0,0,0,1,0,0.2666607445614643,0.11812319743864827,0.7828162291169449,1.0
0,0,0,0,0,1,0,0,1,0,0,0,0,0,0,1,0,0.39611805095907626,0.10384367576589038,0.7350835322195703,1.0
1,0,1,0,0,0,0,0,0,0,1,0,0,0,0,1,0,0.18413993766955697,0.11657973453103551,0.8496420047732696,0.1359026369168357
0,0,0,0,0,0,0,0,0,0,1,0,0,0,1,0,0,0.5265187524391963,0.009099088649120136,0.7947494033412885,1.0
0,0,0,0,0,0,0,0,1,0,0,0,0,0,0,1,0,0.2847950764759269,0.07137711358022401,0.7828162291169449,1.0
0,0,0,0,0,0,0,0,0,0,1,0,0,0,0,1,0,0.461475907003808,0.09135938559803056,0.8377088305489258,1.0
1,0,1,0,0,0,0,0,0,0,1,0,0,0,0,1,0,0.1866705731822173,0.194898269706598,0.6801909307875893,0.11967545638945236
0,1,1,0,0,0,0,0,0,0,1,0,0,0,0,1,0,0.48595381788874664,0.07113654038894082,0.4677804295942721,1.0
0,0,1,0,0,0,0,0,0,0,1,0,0,0,0,1,0,0.23683907195000242,0.1258407115296345,0.9188544152744629,1.0
0,0,0,0,0,0,0,0,0,0,1,0,0,0,0,1,0,0.3859957778726441,0.10819079440750105,0.7517899761336515,1.0
0,1,0,0,0,0,0,0,0,0,1,0,0,0,0,1,0,0.42896806697643586,0.0700954100562475,0.7350835322195703,1.0
0,1,0,0,0,0,0,0,0,0,1,0,0,0,0,1,0,0.2650142864166557,0.14824333460540678,0.8377088305489258,1.0
0,1,0,0,0,0,0,0,1,0,0,0,0,0,0,1,0,0.3749347085772466,0.11252153031917848,0.7613365155131264,1.0
0,0,0,0,0,0,0,0,1,0,0,0,0,0,0,1,0,0.46330586870439155,0.09124759685915293,0.8377088305489258,1.0
1,0,1,0,0,0,0,0,0,0,1,0,0,0,0,1,0,0.062208963031574034,0.4601176035012185,0.3699284009546539,0.15212981744421905
0,0,1,0,0,0,0,0,0,0,1,0,0,0,0,1,0,0.4500061165097223,0.08031746101251336,0.6801909307875893,1.0
0,1,0,0,0,0,0,0,0,0,1,0,0,0,0,1,0,0.4777780612663819,0.08171809894846105,0.7350835322195703,1.0
0,0,0,0,0,0,0,0,0,0,1,0,0,0,0,1,0,0.42179907001651706,0.06853188929116198,0.6801909307875893,1.0
0,0,0,0,0,0,0,0,0,0,1,0,0,0,0,1,0,0.32334816036003233,0.11307813595565137,0.6706443914081146,1.0
0,1,0,0,0,0,0,0,0,0,0,0,1,0,0,1,0,0.2633365999877146,0.11924031523880062,0.6801909307875893,1.0
0,1,0,0,0,0,0,0,0,0,1,0,0,0,0,1,0,0.4462642748587789,0.09458792714323605,0.8424821002386635,1.0
0,0,0,0,0,0,0,0,0,0,1,0,0,0,0,1,0,0.29168882887026004,0.10751358113975197,0.6801909307875893,1.0
0,0,0,0,0,0,0,0,0,0,1,0,0,0,0,1,0,0.3590603044497177,0.07085473549140799,0.8019093078758948,1.0
0,0,0,0,0,0,0,0,0,0,1,0,0,0,0,1,0,0.39386148135912036,0.09564368904103492,0.5131264916467779,1.0
0,1,0,0,0,0,0,0,1,0,0,0,0,0,0,1,0,0.21191050890998775,0.15411157929353358,0.8758949880668256,0.5943204868154158
0,1,0,0,0,0,0,0,1,0,0,0,0,0,0,1,0,0.23775334541224435,0.16090267454490473,0.8830548926014319,1.0
0,0,0,0,0,0,0,0,0,0,1,0,0,0,0,1,0,0.36255193271352654,0.08090333807242438,0.6610978520286397,1.0
0,0,0,0,0,0,0,0,0,0,1,0,0,0,0,1,0,0.2730817724193401,0.1500319960588793,0.8758949880668256,0.5943204868154158
0,0,0,0,0,1,0,0,0,0,1,0,0,0,0,1,0,0.2267558554174248,0.0825867738072799,0.8758949880668256,1.0
0,0,0,0,0,0,0,0,0,0,1,0,0,0,0,1,0,0.4217116155735909,0.10047686468306583,0.8305489260143197,1.0
0,1,0,0,0,0,0,0,0,0,1,0,0,0,0,1,0,0.15420278902301288,0.08962219099407762,0.8353221957040573,0.5943204868154158
0,0,0,0,0,0,0,0,0,0,1,0,0,0,0,1,0,0.3586994391751787,0.07921631937146625,0.8830548926014319,1.0
0,0,1,0,0,0,0,0,0,0,1,0,0,0,0,1,0,0.3416440972786746,0.10201753825203008,0.8758949880668256,0.5943204868154158
1,0,1,0,0,0,0,0,0,0,1,0,0,0,0,1,0,0.06514537307959334,0.47171840860450037,0.8758949880668256,0.11561866125760652
0,0,0,0,0,1,0,0,0,0,1,0,0,0,0,1,0,0.2056323582179156,0.15378750024764945,0.8353221957040573,0.5943204868154158
0,0,0,0,0,0,0,0,0,0,1,0,0,0,0,1,0,0.2430689400761305,0.16808304457734374,0.8830548926014319,1.0
0,1,0,1,0,1,0,0,0,0,1,0,0,0,0,1,0,0.08827098570447874,0.3533578857844242,0.9140811455847255,1.0
0,0,0,0,0,0,0,0,0,0,1,0,0,0,0,1,0,0.39472190141268154,0.07228888830517578,0.8830548926014319,1.0
0,0,1,0,0,0,0,0,0,0,1,0,0,0,0,1,0,0.34889271337092775,0.09657257546791863,0.8353221957040573,1.0
0,0,0,0,0,0,0,0,0,0,1,0,0,0,0,1,0,0.3798242284188763,0.10241028924673279,0.8305489260143197,1.0
0,0,0,0,0,0,0,0,0,0,1,0,0,0,0,1,0,0.1365154946729221,0.24317492736782007,0.9140811455847255,1.0
0,0,0,0,0,0,0,0,0,0,1,0,0,0,0,1,0,0.2399519976661097,0.1346575541028356,0.9140811455847255,1.0
0,0,1,0,0,0,0,0,0,0,1,0,0,0,0,1,0,0.19084989597255778,0.2084735064517456,0.8353221957040573,1.0
0,0,0,0,0,0,0,0,0,0,1,0,0,0,0,1,0,0.16177859675618228,0.10248028886910025,0.9140811455847255,0.11764705882352942
0,0,0,0,0,0,0,0,0,0,1,0,0,0,0,1,0,0.35454834059499607,0.09800697341819184,0.6610978520286397,1.0
0,0,0,0,0,1,0,0,0,0,1,0,0,0,0,1,0,0.07255974546006652,0.4430162593934829,0.9140811455847255,0.11764705882352942
0,1,0,0,0,0,0,0,0,0,1,0,0,0,0,1,0,0.2617307604025251,0.15391260973330584,0.8353221957040573,1.0
0,0,0,0,0,0,0,0,0,0,1,0,0,0,0,1,0,0.3898327749248849,0.0854732300156548,0.8353221957040573,1.0
0,0,0,0,0,0,0,0,0,0,1,0,0,0,0,1,0,0.21796770318896874,0.16227069072107336,0.8520286396181382,1.0
0,1,0,0,0,0,0,0,1,0,0,0,0,0,0,1,0,0.26470689640168765,0.15163531706553737,0.7661097852028638,1.0
0,0,0,0,0,0,0,0,0,0,1,0,0,0,0,1,0,0.24085044304048786,0.1375963277859101,0.8353221957040573,1.0
0,0,0,0,0,0,0,0,0,0,1,0,0,0,0,1,0,0.4709300914304019,0.08707240242335647,,1.0
0,0,0,0,0,0,0,0,0,0,1,0,0,0,0,1,0,0.47644671149101064,0.08625052386405403,0.8830548926014319,1.0
0,0,0,0,0,0,0,0,0,0,1,0,0,0,0,1,0,0.27925686547083506,0.13565378191870914,0.8758949880668256,1.0
0,0,0,0,0,0,0,0,0,0,1,0,0,0,0,1,0,0.3753355916537433,0.09960989868143436,0.8758949880668256,1.0
0,0,0,0,0,0,0,0,0,0,1,0,0,0,0,1,0,0.20312514238907162,0.19160162186676677,0.8353221957040573,1.0
0,1,0,0,0,0,0,0,0,0,1,0,0,0,0,1,0,0.2769212566316148,0.12596369221674822,0.8520286396181382,0.3914807302231238
0,0,0,0,0,1,0,0,0,0,1,0,0,0,0,1,0,0.4429924065019074,0.08937170523091173,0.9140811455847255,1.0
0,0,0,0,0,0,0,0,0,0,1,0,0,0,0,1,0,0.1719633525523683,0.16078500693068848,0.8758949880668256,0.5943204868154158
0,0,0,0,0,0,0,0,0,0,1,0,0,0,0,1,0,0.26412106404929,0.08788254770982243,0.8305489260143197,1.0
1,0,1,0,0,0,0,0,0,0,1,0,0,0,0,1,0,0.10487427217706137,0.27334513451834413,0.20047732696897375,0.13793103448275862
0,1,0,0,0,0,0,0,1,0,0,0,0,0,0,1,0,0.24474909714707155,0.11741444901170271,0.8305489260143197,0.797160243407708
0,1,0,0,0,0,0,0,0,0,0,0,1,0,0,1,0,0.10318158606754041,0.3254369393536185,0.8520286396181382,1.0
0,0,0,0,0,1,0,0,0,0,1,0,0,0,0,1,0,0.23807940608508277,0.10507767411598898,0.8758949880668256,1.0
0,0,0,0,0,0,0,0,0,0,1,0,0,0,0,1,0,0.24716705496018798,0.11431933233246198,0.8520286396181382,1.0
0,1,0,0,0,1,0,0,0,0,1,0,0,0,0,1,0,0.17127093437169583,0.2212582229982921,0.928400954653938,1.0
0,0,1,0,0,0,0,0,1,0,0,0,0,0,0,1,0,0.2995642199702754,0.12825423512559733,0.8114558472553699,1.0
0,1,0,0,0,1,0,0,0,0,0,0,1,0,0,1,0,0.12193023239543603,0.30479308623381385,0.8400954653937946,0.3914807302231238
0,0,0,0,0,0,0,0,0,0,1,0,0,0,0,1,0,0.2537573099112944,0.10142754419110174,0.7875894988066825,1.0
0,1,0,0,0,0,0,0,0,0,0,0,1,0,0,1,0,0.22801338685155303,0.09691539654229776,0.6420047732696896,1.0
0,1,0,0,0,0,0,0,1,0,0,0,0,0,0,1,0,0.3223017691686378,0.12492243330514552,0.6443914081145585,1.0
0,0,0,0,0,0,0,0,0,0,1,0,0,0,0,1,0,0.47176194426286716,0.07334782381832318,0.8400954653937946,1.0
0,0,0,0,0,0,0,0,0,0,1,0,0,0,0,1,0,0.26329796258123134,0.1420914066749249,0.6945107398568018,0.5943204868154158
0,0,0,0,0,0,0,0,0,0,1,0,0,0,0,1,0,0.4448778775394945,0.09175247719156407,0.9116945107398566,1.0
0,0,0,0,0,0,0,0,0,0,1,0,0,0,0,1,0,0.3044772446126672,0.113236662655191,0.5560859188544152,0.5943204868154158
0,0,0,0,0,0,0,0,0,0,1,0,0,0,0,1,0,0.4371594293809642,0.07872666898713947,0.8400954653937946,1.0
0,1,0,0,0,0,0,0,1,0,0,0,0,0,0,1,0,0.27331806247718504,0.14396715927912634,0.8615751789976134,1.0
0,1,0,0,0,0,0,0,1,0,0,0,0,0,0,1,0,0.056929521278952656,0.5113714650061176,0.7875894988066825,1.0
0,0,0,0,0,0,0,0,0,0,1,0,0,0,0,1,0,0.45086002240415207,0.09367356065548037,0.7326968973747017,1.0
0,0,0,0,0,0,0,0,0,0,1,0,0,0,0,1,0,0.27494196548852967,0.117749021559839,0.8400954653937946,0.3914807302231238
0,1,1,0,0,0,0,0,0,0,1,0,0,0,0,1,0,0.16396515235818826,0.19005393151441008,0.6443914081145585,0.5943204868154158
0,0,0,0,0,0,0,0,0,0,1,0,0,0,0,1,0,0.27538251982430817,0.11432738318824014,0.7255369928400954,1.0
0,1,1,0,0,0,0,0,1,0,0,0,0,0,0,1,0,0.2610953230936131,0.15063442442476538,0.8615751789976134,1.0
0,1,0,0,0,0,0,0,0,1,0,0,0,0,0,1,0,0.31355978065348206,0.13306682858285046,0.6945107398568018,1.0
0,0,0,0,0,1,0,0,0,0,1,0,0,0,0,0,1,0.1694765941047743,0.23235050004409918,0.8615751789976134,1.0
0,1,1,0,0,0,0,0,0,0,0,0,1,0,0,1,0,0.1260507721680828,0.2809941482177611,0.35083532219570407,1.0
0,0,0,0,0,0,0,0,0,0,1,0,0,0,0,1,0,0.2360214642316978,0.13877330556944192,0.6945107398568018,0.5943204868154158
0,1,0,0,0,0,0,0,0,0,1,0,0,0,0,1,0,0.11906481982567936,0.0953361676666427,0.9116945107398566,1.0
0,1,0,0,0,0,0,0,0,0,0,0,1,0,0,1,0,0.15563978288094296,0.24979899402736025,0.7875894988066825,1.0
0,0,0,0,0,1,0,0,0,0,1,0,0,1,0,0,0,0.5878257079617316,0.0,0.6372315035799523,1.0
0,1,0,0,0,0,0,0,0,0,0,0,1,0,0,1,0,0.11693827143115675,0.2955823551435969,0.7923627684964201,0.5943204868154158
0,0,0,0,0,0,0,0,0,0,1,0,0,0,0,1,0,0.18848905711887184,0.20110583233066123,0.3460620525059666,0.1237322515212982
0,1,1,0,0,0,0,0,0,0,0,0,1,0,0,1,0,0.14395921539251658,0.2437062399708926,0.3460620525059666,1.0
0,0,0,0,0,0,0,0,0,0,1,0,0,0,1,0,0,0.4690205187067385,0.08746826605936482,0.6372315035799523,1.0
0,0,0,0,0,0,0,0,0,0,1,0,0,0,0,1,0,0.2692155034563473,0.15312085308577247,0.8424821002386635,1.0
0,0,1,0,0,0,0,0,0,0,0,0,1,0,0,1,0,0.21940010327743723,0.12378255560589013,0.8400954653937946,1.0
0,0,0,0,0,1,0,0,0,0,1,0,0,0,0,1,0,0.07235357177640314,0.44208067974450127,0.7923627684964201,1.0
0,0,0,0,0,0,0,0,0,0,1,0,0,0,0,1,0,0.37929471437530154,0.09975553597539774,0.6372315035799523,1.0
0,1,0,0,0,0,0,0,0,0,1,0,0,0,0,1,0,0.12246298959386474,0.2837369784570111,0.6801909307875893,0.3914807302231238
0,0,0,0,0,0,0,0,0,0,1,0,0,0,0,1,0,0.32907406905628067,0.12024325072992507,0.7350835322195703,1.0
1,0,1,0,0,0,0,0,0,0,1,0,0,0,0,1,0,0.26070555501290593,0.1581100448210729,0.7350835322195703,0.06288032454361056
0,0,0,0,0,0,0,0,0,0,1,0,0,0,0,1,0,0.28334912088149594,0.07749513685783332,0.42482100238663484,1.0
0,1,0,0,0,1,0,0,0,0,1,0,0,0,0,1,0,0.11114188500730578,0.32547229910136766,0.6801909307875893,1.0
0,1,1,0,0,0,0,0,0,0,1,0,0,0,0,1,0,0.2033059700267503,0.1936378249736743,0.7923627684964201,1.0
0,1,1,0,0,0,0,0,0,0,1,0,0,0,0,1,0,0.25699239495504206,0.1282023872210905,0.7923627684964201,1.0
0,1,0,0,0,0,0,0,0,0,1,0,0,0,0,1,0,0.13090998963069936,0.27233205927007426,0.7923627684964201,0.5943204868154158
0,0,0,0,0,0,0,0,0,0,1,0,0,0,0,1,0,0.13649178036927115,0.2475827197902918,0.8019093078758948,0.5943204868154158
0,1,0,0,0,0,0,0,1,0,0,0,0,0,0,1,0,0.08124132930995602,0.4075678910424971,0.8019093078758948,0.5943204868154158
0,1,0,0,0,0,0,0,0,0,1,0,0,0,0,1,0,0.27169327114354785,0.15212136418481534,0.7088305489260143,1.0
0,0,1,0,0,0,0,0,0,0,1,0,0,0,0,1,0,0.22919590630814685,0.17535046647904085,0.8424821002386635,0.797160243407708
0,0,0,0,0,0,0,0,0,0,1,0,0,0,0,1,0,0.36414241277112075,0.10498595327649692,0.7613365155131264,1.0
0,1,0,0,0,0,0,0,0,0,1,0,0,0,0,1,0,0.474863310594826,0.08762034345202556,0.6443914081145585,1.0
0,0,0,0,0,0,0,0,1,0,0,0,0,0,0,1,0,0.37706293067566854,0.10424193395321533,0.7947494033412885,1.0
0,0,0,0,0,0,0,0,0,0,1,0,0,0,0,1,0,0.3781910364964408,0.08412304870179653,0.7947494033412885,0.797160243407708
0,1,0,0,0,0,0,0,0,0,1,0,0,0,0,1,0,0.392384332783519,0.10492443988579178,0.5823389021479712,1.0
0,1,0,0,0,0,0,0,1,0,0,0,0,0,0,1,0,0.14943089311684576,0.22207093391571334,0.7923627684964201,0.797160243407708
0,0,0,0,0,0,0,0,0,0,1,0,0,0,0,1,0,0.28685603097047846,0.14477866250913532,0.8019093078758948,0.797160243407708
1,0,1,0,0,0,0,0,0,0,1,0,0,0,0,1,0,0.11397991425012945,0.32165412349140754,0.32935560859188545,0.15618661257606492
0,1,1,0,0,0,0,0,0,0,1,0,0,0,0,1,0,0.09023983805381523,0.3741763635541777,0.8400954653937946,0.797160243407708
0,1,0,0,0,0,0,0,0,0,0,0,1,0,0,1,0,0.17112314086267277,0.22888844486433446,0.4272076372315035,0.3914807302231238
0,1,0,0,0,0,0,0,1,0,0,0,0,0,0,1,0,0.12092895854740233,0.30193154339028916,0.4272076372315035,1.0
0,0,0,0,0,0,0,0,0,0,1,0,0,0,1,0,0,0.3826834054161235,0.10547650768533542,0.8663484486873507,1.0
0,1,1,0,0,0,0,0,1,0,0,0,0,0,0,1,0,0.18898804642605427,0.15215767794879587,0.6443914081145585,1.0
1,0,1,0,0,0,0,0,0,0,1,0,0,0,0,1,0,0.20996315462659393,0.18006892723402138,0.8591885441527445,0.17038539553752538
1,0,1,0,0,0,0,0,0,0,1,0,0,0,0,1,0,0.18683656951300523,0.2079850793382728,0.8591885441527445,0.17038539553752538
0,0,0,0,0,0,0,0,0,0,1,0,0,0,0,1,0,0.123236587346584,0.30253475755326376,0.7947494033412885,0.13793103448275862
0,0,0,0,0,0,0,0,1,0,0,0,0,0,0,1,0,0.19799942517606542,0.18894267416753177,0.7947494033412885,1.0
0,1,0,0,0,0,0,0,0,0,1,0,0,0,0,1,0,0.24865338859686897,0.12980627636833925,0.8400954653937946,1.0
1,0,1,0,0,0,0,0,0,0,1,0,0,0,0,1,0,0.08486664542843357,0.3991423989949156,0.8591885441527445,0.17038539553752538
1,0,1,0,0,0,0,0,0,0,1,0,0,0,0,1,0,0.15423108318906886,0.23118488539953916,0.6443914081145585,0.14807302231237324
0,0,0,0,0,0,0,0,0,0,1,0,0,0,1,0,0,0.47069426321928165,0.09048963486055803,0.8400954653937946,1.0
0,1,0,0,0,0,0,0,0,0,0,0,1,0,0,1,0,0.3025460056140769,0.11266609654700464,0.8210023866348448,1.0
1,0,1,0,0,0,0,0,0,0,1,0,0,0,0,1,0,0.10796538755139824,0.3351079831209215,0.8591885441527445,0.17038539553752538
0,0,1,0,0,0,0,0,0,0,1,0,0,0,0,1,0,0.3522894100174156,0.11874664173271518,0.7684964200477327,1.0
0,1,0,0,0,0,0,0,0,0,1,0,0,0,0,1,0,0.3569829458270856,0.07800590053898679,0.5823389021479712,1.0
0,1,0,0,0,0,0,0,0,0,1,0,0,0,0,1,0,0.22724485120280688,0.15279035326631082,0.8281622911694511,0.5943204868154158
0,0,0,0,0,0,0,0,1,0,0,0,0,0,0,1,0,0.32805910770654806,0.08660308877799143,0.8210023866348448,0.5943204868154158
0,1,0,0,0,0,0,0,1,0,0,0,0,0,0,1,0,0.39079884746836496,0.10806159903411765,0.8926014319809068,1.0
0,0,0,0,0,0,0,0,0,0,1,0,0,0,0,1,0,0.2549816616888406,0.16032195234337399,0.8281622911694511,0.5943204868154158
0,0,0,0,0,0,0,0,0,0,1,0,0,0,0,1,0,0.3088734471109676,0.12246332072705716,0.7947494033412885,1.0
0,0,0,0,0,0,0,0,0,0,1,0,0,0,0,1,0,0.29801113880540786,0.1281969601088719,0.8663484486873507,1.0
0,0,0,0,0,0,0,0,0,0,1,0,0,0,0,1,0,0.112934789322182,0.3211247362102534,0.7995226730310263,0.14807302231237324
0,0,0,0,0,0,0,0,0,0,1,0,0,0,0,1,0,0.37084414161834706,0.10969050977363888,0.8663484486873507,0.797160243407708
0,0,0,0,0,0,0,0,0,0,1,0,0,0,1,0,0,0.5946759839120801,0.07100361952487473,0.6443914081145585,1.0
0,1,0,0,0,0,0,0,0,0,1,0,0,0,0,1,0,0.2595329212421983,0.1554244184002709,0.8281622911694511,1.0
0,0,0,0,0,0,0,0,0,0,1,0,0,0,0,1,0,0.6333220639797803,0.06777917433466012,0.7995226730310263,1.0
0,0,0,0,0,0,0,0,0,0,1,0,0,0,0,1,0,0.05475300749217831,0.5113284015808012,0.6443914081145585,0.14807302231237324
1,0,1,0,0,0,0,0,0,0,1,0,0,0,0,1,0,0.3105286943630913,0.10608516205580647,0.9140811455847255,0.11764705882352942
0,1,0,0,0,1,1,0,0,0,0,0,0,0,0,1,0,0.08403351059933299,0.3449881965931416,0.9140811455847255,1.0
0,1,0,0,0,1,0,0,0,0,1,0,0,0,0,1,0,0.2086679398656772,0.19205917830490032,0.8520286396181382,1.0
0,0,1,0,0,1,0,0,0,0,1,0,0,0,0,1,0,0.2543036344815891,0.1602557297671739,0.9140811455847255,1.0
0,0,0,0,0,0,0,0,1,0,0,0,0,0,0,1,0,0.4702616133644924,0.08953630630431812,0.8830548926014319,1.0
0,1,0,0,0,0,0,0,0,0,0,0,1,0,0,1,0,0.11471200586920492,0.29131193196713095,0.8758949880668256,1.0
0,0,0,0,0,0,0,0,0,0,1,0,0,0,0,1,0,0.3733516244900147,0.08268576478512753,0.8353221957040573,1.0
0,0,0,0,0,0,0,0,1,0,0,0,0,0,0,1,0,0.14785805055728854,0.26086592708325496,0.8424821002386635,0.797160243407708
0,0,0,0,0,0,0,0,0,0,1,0,0,0,0,1,0,0.3789554511488682,0.11031413392865075,0.7899761336515512,1.0
0,0,0,0,0,0,0,0,0,0,1,0,0,0,1,0,0,0.3916686952606547,0.10528332404449622,0.8520286396181382,1.0
0,1,0,0,0,0,0,0,1,0,0,0,0,0,0,1,0,0.3646679444970733,0.112282287161028,0.8520286396181382,1.0
0,0,1,0,0,0,0,0,0,0,1,0,0,0,0,1,0,0.3377117142125819,0.12074822660303666,0.9785202863961813,1.0
0,0,1,0,0,0,0,0,0,0,1,0,0,0,0,1,0,0.1310494825701037,0.2820477233681373,0.9116945107398566,1.0
0,1,0,0,0,0,0,0,0,0,1,0,0,0,0,1,0,0.3294729743471609,0.12369722720246117,0.8544152744630071,1.0
0,1,0,0,0,0,0,0,0,0,1,0,0,0,0,1,0,0.24369797174601338,0.1673340418054935,0.8520286396181382,1.0
0,0,0,0,0,0,0,0,0,0,1,0,0,0,0,1,0,0.441739804994969,0.08480443381739874,0.8544152744630071,1.0
0,1,0,0,0,0,0,0,0,0,1,0,0,0,0,1,0,0.36704418665903377,0.08906648465047709,0.701670644391408,1.0
0,1,0,0,0,0,0,0,0,0,1,0,0,0,0,1,0,0.2193746017237296,0.18374323033836235,0.928400954653938,0.5943204868154158
0,0,0,0,0,0,0,0,0,0,1,0,0,0,0,1,0,0.4153792055166338,0.09848194524254658,0.9785202863961813,1.0
0,1,0,0,0,0,0,0,0,1,0,0,0,0,0,1,0,0.21937460172372963,0.09690724519179907,0.7661097852028638,1.0
0,1,0,0,0,0,0,0,0,0,0,1,0,0,0,1,0,0.057728744112032014,0.504107110953071,0.5393794749403342,1.0
0,0,0,0,0,0,0,0,1,0,0,0,0,0,0,1,0,0.2576768638987504,0.11980463786774122,0.8066825775656323,1.0
1,0,1,0,0,0,0,0,0,0,1,0,0,0,0,1,0,0.21834200054245056,0.15623389025475778,0.8520286396181382,0.15618661257606492
0,0,0,0,0,0,0,0,1,0,0,0,0,0,0,1,0,0.4303799558163281,0.09800988603609756,0.6181384248210025,1.0
0,1,1,0,0,0,0,0,0,0,1,0,0,0,0,1,0,0.359350659379265,0.104391915240326,0.8257756563245822,0.3914807302231238
0,0,0,0,0,0,0,0,1,0,0,0,0,0,0,1,0,0.2604150351638054,0.157638111196045,0.5894988066825775,1.0
0,0,0,0,0,0,0,0,0,0,1,0,0,0,0,1,0,0.11217355566047273,0.30308878943907347,0.8520286396181382,1.0
0,0,0,0,0,0,0,0,0,0,1,0,0,0,0,1,0,0.34615230632576416,0.08992607362190042,0.8066825775656323,0.3914807302231238
0,0,0,0,0,0,0,0,0,0,1,0,0,0,0,1,0,0.4034996413576301,0.10104707625856181,0.8066825775656323,0.3914807302231238
1,0,1,0,0,0,0,0,0,0,1,0,0,0,0,1,0,0.1231672286299255,0.30276010249072327,0.8042959427207637,0.16024340770791076
0,1,0,0,0,0,0,0,0,0,0,0,1,0,0,1,0,0.18486540366282894,0.1520593239823665,0.5894988066825775,0.5943204868154158
0,1,1,0,0,0,0,0,1,0,0,0,0,0,0,1,0,0.13095103087850138,0.22820683876197181,0.8520286396181382,1.0
0,1,0,0,0,0,0,0,1,0,0,0,0,0,0,1,0,0.18900563543060905,0.14138905725245157,0.7971360381861574,0.797160243407708
0,0,0,0,0,0,0,0,0,0,1,0,0,0,1,0,0,0.35226665286683695,0.10066119202195953,0.8257756563245822,1.0
0,0,0,0,0,0,0,0,0,0,1,0,0,0,0,1,0,0.3006256273025939,0.062140541390508744,0.7971360381861574,1.0
0,0,0,0,0,1,0,0,0,0,1,0,0,0,0,0,1,0.16949605102256282,0.23230924978771858,0.8066825775656323,1.0
0,0,0,0,0,0,0,0,0,0,1,0,0,0,0,1,0,0.31334524387646706,0.10853097978663549,0.9188544152744629,1.0
0,0,0,0,0,0,0,0,0,0,1,0,0,0,0,1,0,0.1814548574699899,0.19571784266683184,0.8520286396181382,1.0
0,0,1,0,0,0,0,0,0,0,1,0,0,0,0,1,0,0.38039530554702017,0.1107654180896833,0.7971360381861574,1.0
0,0,0,0,0,0,0,0,0,0,1,0,0,0,0,1,0,0.41371464662637897,0.08963105054449075,0.8042959427207637,1.0
0,1,0,0,0,0,0,0,0,0,0,0,1,0,0,1,0,0.26978663287558713,0.10752436048051166,,1.0
0,0,0,1,0,1,0,0,1,0,0,0,0,0,0,1,0,0.017442072824182628,0.8420349867770529,0.5178997613365155,1.0
0,1,0,0,0,0,0,0,0,0,1,0,0,0,0,1,0,0.2722261867930046,0.08950298016691134,0.8257756563245822,1.0
0,1,0,0,0,0,0,0,1,0,0,0,0,0,0,1,0,0.2684198852914999,0.0919522430496149,0.7971360381861574,0.797160243407708
0,0,0,0,0,0,0,0,0,0,1,0,0,0,0,1,0,0.40689444898576715,0.09360880035645497,0.8066825775656323,1.0
0,0,1,0,0,0,0,0,1,0,0,0,0,0,0,1,0,0.3103158253048633,0.12261518224935661,0.5155131264916468,1.0
0,0,0,0,0,0,0,0,0,0,1,0,0,0,0,1,0,0.44047327129609354,0.08844637709025181,0.3484486873508353,1.0
1,0,1,0,0,0,0,0,0,0,1,0,0,0,0,1,0,0.09121612904821146,0.3721500122600504,0.8520286396181382,0.15618661257606492
0,0,0,0,0,0,0,0,0,0,1,0,0,0,0,1,0,0.3332002975847462,0.1117122680477832,0.7494033412887828,1.0
0,1,0,0,0,0,0,0,0,0,1,0,0,0,0,1,0,0.387668409714483,0.09370950458871913,0.7494033412887828,1.0
0,1,0,0,0,1,0,0,0,0,0,0,1,0,0,1,0,0.174865246091871,0.16294605006716972,0.8042959427207637,1.0
1,0,1,0,0,0,0,0,0,0,1,0,0,0,0,1,0,0.08208624586496033,0.39862335558430295,0.928400954653938,0.16024340770791076
0,0,0,0,0,0,0,0,0,0,1,0,0,0,0,1,0,0.11367286306578415,0.30721665574811313,0.5202863961813842,0.14198782961460446
0,0,0,0,0,0,0,0,0,0,1,0,0,0,0,1,0,0.13381174243765312,0.27965195743786353,0.5202863961813842,0.14198782961460446
0,0,0,0,0,0,0,0,0,0,1,0,0,0,0,1,0,0.3636287637698299,0.11064944140174295,0.3102625298329356,1.0
0,1,0,0,0,0,0,0,0,0,0,0,1,0,0,1,0,0.17833063327021656,0.21858693756000605,0.3031026252983294,1.0
0,1,0,0,0,0,0,0,0,0,1,0,0,0,0,1,0,0.3985066489526687,0.08156064837951625,0.9140811455847255,1.0
0,0,0,0,0,1,0,0,0,0,1,0,0,0,0,1,0,0.0554233683569804,0.5191147920839785,0.928400954653938,0.16024340770791076
0,0,0,0,0,1,0,0,0,0,1,0,0,0,0,1,0,0.042529454228899366,0.595972286746848,0.3556085918854415,0.15618661257606492
0,0,1,0,0,0,0,0,0,0,1,0,0,0,0,1,0,0.27181826232709966,0.1483402472251751,0.7661097852028638,1.0
0,0,0,0,0,1,0,0,0,0,1,0,0,0,0,1,0,0.35958979336135544,0.1014850232043769,0.7708830548926013,1.0
0,1,1,0,0,0,0,0,0,0,1,0,0,0,0,1,0,0.20519837854280737,0.14405096663738146,0.9140811455847255,0.5943204868154158
0,0,0,0,0,0,0,0,0,0,1,0,0,0,0,1,0,0.4681246568327485,0.08609752892987001,0.7326968973747017,1.0
0,1,0,0,0,0,0,0,0,0,0,0,1,0,0,1,0,0.49685965100191337,0.08363755659215359,0.5560859188544152,1.0
0,0,0,0,0,0,0,0,0,0,0,0,1,0,0,1,0,0.18704387241051817,0.15040093802618837,0.928400954653938,1.0
0,1,0,0,0,0,0,0,1,0,0,0,0,0,0,1,0,0.403328463087223,0.1007576144430707,0.8520286396181382,1.0
0,1,0,0,0,0,0,0,0,0,0,0,1,0,0,1,0,0.23896096672523548,0.11465743972695848,0.7661097852028638,1.0
0,1,0,0,0,0,0,0,0,0,1,0,0,0,0,1,0,0.5001595119778287,0.08009618061150331,0.5155131264916468,1.0
0,1,0,0,0,0,0,0,0,0,1,0,0,0,0,1,0,0.31150683189676664,0.12883553888196012,0.7708830548926013,1.0
0,0,0,0,0,0,0,0,0,0,1,0,0,0,0,1,0,0.30395715248398725,0.1142308885950525,0.928400954653938,1.0
0,0,0,0,0,0,0,1,0,0,0,0,0,0,0,1,0,0.11965348881262801,0.14194495098868268,0.3102625298329356,0.10953346855983774
0,0,1,0,0,0,0,0,0,0,1,0,0,0,0,1,0,0.34157712767371606,0.11273156209385748,0.8615751789976134,1.0
1,0,1,0,0,0,0,0,0,0,1,0,0,0,0,1,0,0.09112569291719387,0.3772769437263578,0.9069212410501193,0.14807302231237324
0,0,0,0,0,0,0,0,0,0,1,0,0,0,0,1,0,0.14584608076509994,0.2626588780239096,0.928400954653938,0.16024340770791076
0,1,0,0,0,0,0,0,0,0,1,0,0,0,0,1,0,0.28027818000708626,0.13972630638767827,0.7350835322195703,1.0
0,0,0,0,0,0,0,0,0,0,1,0,0,0,0,1,0,0.14205719473616366,0.26203518868302683,0.7350835322195703,0.127789046653144
0,0,0,0,0,0,0,0,0,0,1,0,0,0,0,1,0,0.2279297545868039,0.1701791898069987,0.7279236276849643,1.0
0,0,0,0,0,0,0,0,0,0,1,0,0,0,0,1,0,0.2958860056997219,0.11007257944377963,0.9140811455847255,1.0
0,0,0,0,0,0,0,0,0,0,1,0,0,0,0,1,0,0.34258035196175923,0.07864348571754542,0.8615751789976134,1.0
0,0,0,0,0,0,0,0,0,0,1,0,0,0,0,1,0,0.3424233665767756,0.12067610544673053,0.8520286396181382,1.0
0,0,1,0,0,0,0,0,0,0,1,0,0,0,0,1,0,0.18448201607110792,0.16514693501747843,0.928400954653938,1.0
0,1,1,0,0,0,0,0,1,0,0,0,0,0,0,1,0,0.25584334679279813,0.15857212853853295,0.8544152744630071,1.0
0,1,0,0,0,0,0,0,0,0,1,0,0,0,0,1,0,0.26951381002682884,0.1261255227869124,0.7613365155131264,1.0
0,0,0,0,0,0,0,0,0,0,1,0,0,0,0,1,0,0.4469287818700433,0.07105592988743839,0.7923627684964201,1.0
0,0,0,0,0,0,0,0,0,0,1,0,0,0,0,1,0,0.3917538165944164,0.10133616420484023,0.7661097852028638,1.0
0,1,0,0,0,0,0,0,0,0,1,0,0,0,0,1,0,0.37439240056300976,0.10776095283136573,0.7613365155131264,1.0
0,0,1,0,0,0,0,0,1,0,0,0,0,0,0,1,0,0.25897088606858915,0.060840897070048784,0.7040572792362769,1.0
0,0,0,0,0,0,0,0,0,0,1,0,0,0,0,1,0,0.3231080603718481,0.09207132372646958,0.6730310262529833,1.0
0,1,0,0,0,0,0,0,1,0,0,0,0,0,0,1,0,0.14470315546150814,0.24176757328422516,0.7040572792362769,1.0
0,0,0,0,0,0,0,0,0,0,1,0,0,0,0,1,0,0.5133964736710772,0.07665394408990434,0.7923627684964201,1.0
1,0,1,0,0,0,0,0,0,0,1,0,0,0,0,1,0,0.06918556786407391,0.4011957035845081,0.3842482100238663,0.14198782961460446
0,1,0,0,0,0,0,0,1,0,0,0,0,0,0,1,0,0.3796457860834203,0.10911924787455748,0.7661097852028638,1.0
0,1,0,0,0,0,0,0,0,0,1,0,0,0,0,1,0,0.13958271604362368,0.06106459572617537,0.8329355608591884,0.5943204868154158
0,0,0,0,0,0,0,0,0,0,1,0,0,0,0,1,0,0.13335226486556967,0.24315632016448813,0.8377088305489258,0.16024340770791076
1,0,1,0,0,1,0,0,0,0,1,0,0,0,0,1,0,0.0667650392654699,0.4663094345083857,0.8377088305489258,0.16024340770791076
0,1,0,0,0,0,0,0,0,0,1,0,0,0,0,1,0,0.26440771989071016,0.14651566414895054,0.7613365155131264,1.0
0,0,0,0,0,0,0,0,0,0,1,0,0,0,0,1,0,0.44666774747284205,0.09259033122387357,0.5704057279236276,1.0
0,0,0,0,0,0,0,0,0,0,1,0,0,0,0,1,0,0.37719080396875304,0.09528842852572321,0.7923627684964201,0.3914807302231238
0,1,0,0,0,0,0,0,0,0,1,0,0,0,0,1,0,0.388370441059409,0.08812412969576604,0.5704057279236276,1.0
1,0,1,0,0,0,0,0,0,0,1,0,0,0,0,1,0,0.14652941805946018,0.2126916560300082,0.11933174224343679,0.13387423935091278
1,0,1,0,0,0,0,0,0,0,1,0,0,0,0,1,0,0.05084226227747673,0.5430037825290822,0.5704057279236276,0.1237322515212982
0,1,0,0,0,0,0,0,0,0,0,0,1,0,0,1,0,0.3487909778921338,0.1180842498087334,0.7040572792362769,1.0
0,0,0,0,0,0,0,0,0,0,1,0,0,0,0,1,0,0.4635179100314005,0.0900257436905204,0.7613365155131264,1.0
1,0,1,0,0,0,0,0,0,0,1,0,0,0,0,1,0,0.24645042181646754,0.1589240045892478,0.8329355608591884,0.14604462474645033
0,0,0,0,0,0,0,0,0,0,1,0,0,0,0,1,0,0.3530623141841935,0.11027120179342269,0.9140811455847255,0.797160243407708
0,0,1,0,0,0,0,0,0,0,1,0,0,0,0,1,0,0.30735421051136186,0.1344024703420093,0.9188544152744629,0.797160243407708
0,1,0,0,0,0,0,0,0,0,0,0,1,0,0,1,0,0.21592666134736857,0.16719896595614414,0.7613365155131264,1.0
0,0,0,0,0,0,0,0,0,0,1,0,0,0,0,1,0,0.07907004086209862,0.3501770940179388,0.29594272076372313,0.13793103448275862
1,0,1,0,0,0,0,0,0,0,1,0,0,0,0,1,0,0.1496637001668718,0.25794707301982067,0.5393794749403342,0.16024340770791076
0,0,0,0,0,0,0,0,0,0,1,0,0,0,0,1,0,0.2626101752894984,0.1490946510815883,0.9140811455847255,1.0
0,0,1,0,0,0,0,0,0,0,1,0,0,0,0,1,0,0.28837580199276286,0.11337147014512101,0.9188544152744629,0.797160243407708
0,0,0,0,0,0,0,0,0,0,1,0,0,0,0,1,0,0.3271807565481167,0.11282305120446189,0.9140811455847255,1.0
0,1,1,0,0,0,0,0,0,0,1,0,0,0,0,1,0,0.2673217103522701,0.14367143745607808,0.6730310262529833,1.0
0,0,0,0,0,0,0,0,0,0,1,0,0,0,1,0,0,0.4372729216678361,0.09638748495142063,0.9188544152744629,1.0
1,0,1,0,0,0,0,0,0,0,1,0,0,0,0,1,0,0.0938389329290144,0.3721902524364453,0.9140811455847255,0.15618661257606492
0,0,1,0,0,0,0,0,0,0,1,0,0,0,0,1,0,0.27475236186612134,0.12325186959553722,0.7804295942720763,1.0
0,0,0,0,0,0,0,1,0,0,0,0,0,0,0,1,0,0.1370835230094135,0.27767571062532703,0.5369928400954653,0.15618661257606492
0,0,0,0,0,0,0,0,0,0,1,0,0,0,0,1,0,0.21233689105851344,0.09787069561318287,0.935560859188544,1.0
0,0,0,0,0,0,0,0,0,0,1,0,0,0,0,1,0,0.38216372267294846,0.11021946662041769,0.9188544152744629,1.0
0,0,0,0,0,0,0,0,0,0,1,0,0,0,0,1,0,0.21119807985884648,0.19148190554226818,0.9140811455847255,0.15618661257606492
0,0,0,0,0,1,0,0,0,0,1,0,0,0,0,1,0,0.16874872209243047,0.2126273857647979,0.5393794749403342,0.16024340770791076
1,0,1,0,0,0,0,0,0,0,1,0,0,0,0,1,0,0.11393343862799497,0.32181930308039547,0.9140811455847255,0.15618661257606492
0,1,0,0,0,0,0,0,0,0,1,0,0,0,0,1,0,0.27099230830048654,0.13640925734502946,0.9140811455847255,1.0
1,0,1,0,0,0,0,0,0,0,1,0,0,0,0,1,0,0.14890586254950333,0.2349326449258448,0.9140811455847255,0.15618661257606492
0,1,0,0,0,1,0,0,1,0,0,0,0,0,0,1,0,0.017592189556826496,0.948074182466467,0.7899761336515512,1.0
0,1,0,0,0,0,0,0,0,0,1,0,0,0,0,1,0,0.24081307100551186,0.16903717740807025,0.7470167064439142,1.0
0,0,0,0,0,1,0,0,0,0,1,0,0,0,0,0,1,0.16947010800755888,0.23236425291082893,0.9188544152744629,1.0
0,0,1,0,0,0,0,0,0,0,1,0,0,0,0,1,0,0.3233622785709322,0.12745756770909666,0.9140811455847255,1.0
0,0,0,0,0,0,0,0,1,0,0,0,0,0,0,1,0,0.379666961434437,0.10415136910669912,0.6587112171837708,1.0
0,0,0,0,0,0,0,0,0,0,1,0,0,0,0,0,1,0.1679329306804293,0.2341856459872897,0.7923627684964201,1.0
0,0,0,0,0,0,0,0,0,0,1,0,0,0,0,1,0,0.43131159795216817,0.09565326194978808,0.8615751789976134,1.0
0,0,1,0,0,0,0,0,0,0,1,0,0,0,0,1,0,0.23007050469783263,0.11981911494040644,0.8615751789976134,1.0
0,1,0,0,0,0,0,0,0,0,1,0,0,0,0,1,0,0.3178716427743441,0.11787037641045785,0.9188544152744629,1.0
0,0,0,0,0,1,1,0,0,0,0,0,0,0,0,1,0,0.14085562642505892,0.2577964407761694,0.8615751789976134,0.3914807302231238
0,0,1,0,0,0,0,0,0,0,1,0,0,0,0,1,0,0.4194288621146064,0.0869719425591446,0.7708830548926013,0.5943204868154158
0,0,1,0,0,0,0,0,0,0,1,0,0,0,0,1,0,0.32217428337631177,0.12446030015051719,0.9140811455847255,1.0
0,1,1,0,0,0,0,0,0,0,1,0,0,0,0,1,0,0.17204652563537018,0.22697230129614424,0.9140811455847255,1.0
0,1,0,0,0,1,0,0,0,0,1,0,0,0,0,1,0,0.313068684179988,0.1334449664216093,0.9188544152744629,1.0
0,0,0,0,0,0,0,0,0,0,1,0,0,0,1,0,0,0.50449834643841,0.08392042261172829,0.9212410501193318,1.0
0,1,0,0,0,0,0,0,0,0,1,0,0,0,0,1,0,0.28370926805972757,0.14083511766638643,0.9140811455847255,0.797160243407708
0,0,0,0,0,0,0,0,0,0,1,0,0,0,0,1,0,0.2243457882706704,0.16052669224236785,0.7470167064439142,1.0
0,0,1,0,0,0,0,0,0,0,1,0,0,0,0,1,0,0.18834794350763853,0.1149426398706509,0.7923627684964201,1.0
0,0,0,0,0,0,0,0,0,0,1,0,0,0,0,1,0,0.34279400830157675,0.08641360108585877,0.7708830548926013,1.0
0,0,0,0,0,0,0,0,0,0,1,0,0,0,0,1,0,0.16962571118784855,0.1059006987427092,0.7470167064439142,1.0
0,0,0,0,0,0,0,0,0,0,1,0,0,0,1,0,0,0.44579828981739084,0.09538785279139902,0.9212410501193318,1.0
0,0,0,0,0,1,0,0,0,0,1,0,0,0,0,1,0,0.14693655115812257,0.09025443368900554,0.5369928400954653,0.15618661257606492
0,0,0,0,0,0,0,0,0,0,1,0,0,0,1,0,0,0.4983611646559332,0.08340681020098598,0.7923627684964201,1.0
0,0,0,0,0,0,0,0,1,0,0,0,0,0,0,1,0,0.24216432698495638,0.1682907115480605,1.0,1.0
1,0,1,0,0,0,0,0,0,0,1,0,0,0,0,1,0,0.06451239057442962,0.47691580626827235,0.3842482100238663,0.14198782961460446
0,0,0,0,0,0,0,0,0,0,1,0,0,0,0,1,0,0.41164648229391787,0.10265510162215838,0.8568019093078758,1.0
0,0,0,0,0,0,0,0,0,0,1,0,0,0,0,1,0,0.5035096870293241,0.07858434534184597,0.8568019093078758,1.0
0,0,0,0,0,0,0,0,0,0,1,0,0,0,0,1,0,0.16120902433754322,0.22046581112954441,0.844868735083532,0.09533468559837731
0,1,0,0,0,0,0,0,0,0,0,0,1,0,0,1,0,0.21702158083942213,0.12632499035798053,0.844868735083532,0.5943204868154158
0,1,0,0,0,0,0,0,0,0,1,0,0,0,0,1,0,0.20528524311501078,0.1252731667102528,0.7923627684964201,0.3914807302231238
0,0,1,0,0,0,0,0,0,0,1,0,0,0,0,1,0,0.4102312306718693,0.09506683843051567,0.7828162291169449,0.5943204868154158
0,1,0,0,0,0,0,0,0,0,1,0,0,0,0,1,0,0.3134216205253688,0.13144965005703832,0.8544152744630071,1.0
0,0,0,0,0,0,0,0,1,0,0,0,0,0,0,1,0,0.17420246342108708,0.21825019901503903,0.8615751789976134,1.0
0,1,0,0,0,0,0,0,0,0,1,0,0,0,0,1,0,0.16248798078813032,0.19849843586644367,1.0,0.797160243407708
0,0,0,0,0,0,0,0,0,0,1,0,0,0,1,0,0,0.4853626881055006,0.065940006539727,0.7923627684964201,1.0
0,1,0,0,0,0,0,0,0,0,1,0,0,0,0,1,0,0.1262035768575455,0.1933412481338295,0.7804295942720763,0.12981744421906694
0,1,0,0,0,0,0,0,0,0,0,0,1,0,0,1,0,0.2670549688213426,0.15381044645305503,0.6921241050119331,1.0
0,0,0,0,0,0,0,0,0,0,1,0,0,0,0,1,0,0.43567877607028405,0.07463865189793012,0.8424821002386635,1.0
0,0,0,0,0,0,0,0,0,0,1,0,0,0,0,1,0,0.29442638135227156,0.12646936518856122,0.8424821002386635,1.0
0,0,0,0,0,0,0,0,0,0,1,0,0,0,0,1,0,0.6444055225600154,0.059519828205084675,0.8210023866348448,1.0
0,1,0,0,0,0,0,0,0,0,1,0,0,0,0,1,0,0.3481964038257454,0.11941486901190021,0.8210023866348448,1.0
1,0,1,0,0,0,0,0,0,0,1,0,0,0,0,1,0,0.11706538360361006,0.31503553932623235,0.32935560859188545,0.15618661257606492
0,0,0,0,0,0,0,0,0,0,1,0,0,0,0,1,0,0.3570631825785137,0.10048739680723108,0.8019093078758948,1.0
0,1,0,0,0,0,0,0,0,0,0,0,1,0,0,1,0,0.173492916035057,0.19210246768591518,0.7923627684964201,1.0
0,0,1,0,0,0,0,0,0,0,1,0,0,0,0,1,0,0.5261352112464822,0.06143887297380867,0.7159904534606205,1.0
0,0,0,0,0,1,0,0,0,0,1,0,0,0,0,0,1,0.1694765941047743,0.23235050004409918,0.7804295942720763,1.0
0,0,0,0,0,0,0,0,0,0,1,0,0,0,0,1,0,0.4179040036701133,0.08369526054062051,0.7159904534606205,1.0
0,0,1,0,0,0,0,0,1,0,0,0,0,0,0,1,0,0.37642293635884166,0.10583752387372262,0.8019093078758948,0.797160243407708
0,0,0,0,0,0,0,0,0,0,1,0,0,0,0,1,0,0.33677605167542446,0.11003348718005523,0.8424821002386635,1.0
0,0,0,0,0,0,0,0,0,0,1,0,0,0,0,1,0,0.42701461773923655,0.07928737919823711,0.6825775656324582,1.0
0,0,0,0,0,0,0,0,0,0,1,0,0,0,1,0,0,0.4805119029910351,0.08513243343611157,0.8400954653937946,1.0
0,1,0,0,0,0,0,0,1,0,0,0,0,0,0,1,0,0.09883906429512478,0.3303287828901603,0.6491646778042959,1.0
0,0,0,0,0,0,0,0,0,0,1,0,0,0,0,1,0,0.30217340694520844,0.11676326064903653,0.7159904534606205,0.797160243407708
0,0,0,0,0,0,0,0,0,0,1,0,0,0,0,1,0,0.41549845001811186,0.08996605172162583,0.6921241050119331,0.797160243407708
0,0,0,0,0,0,0,0,0,0,1,0,0,0,0,1,0,0.23301328894962206,0.16950321010034286,0.30787589498806683,0.797160243407708
0,0,0,0,0,0,0,0,0,0,1,0,0,0,0,1,0,0.12611870590208302,0.2719202307211823,0.6491646778042959,0.5943204868154158
0,0,0,0,0,0,0,0,0,0,1,0,0,0,0,1,0,0.3912839589939104,0.10781195464767603,0.8520286396181382,1.0
0,0,0,0,0,0,0,0,0,0,1,0,0,0,0,1,0,0.2827920355427943,0.12046729155947795,0.8400954653937946,1.0
0,1,0,0,0,0,0,0,0,0,1,0,0,0,0,1,0,0.18184416414074597,0.20635437357021805,0.8210023866348448,1.0
0,1,0,0,0,0,0,0,1,0,0,0,0,0,0,1,0,0.13244523913987696,0.17084795046897705,0.8400954653937946,1.0
0,0,0,0,0,1,0,0,0,0,1,0,0,0,0,0,1,0.1694765941047743,0.23235050004409918,0.8210023866348448,1.0
0,0,0,0,0,0,0,0,0,0,1,0,0,0,0,1,0,0.40142651679084873,0.0838821193402117,0.8926014319809068,1.0
0,1,0,0,0,0,0,0,0,0,1,0,0,0,0,1,0,0.10358681235026831,0.31847355126640814,0.32935560859188545,0.15618661257606492
0,0,0,0,0,0,0,0,0,0,1,0,0,0,1,0,0,0.4542956877124932,0.09263318999984049,0.8926014319809068,1.0
0,0,0,0,0,0,0,0,0,0,1,0,0,0,0,1,0,0.3969013015848076,0.0977275272370314,0.8926014319809068,1.0
1,1,1,0,0,0,0,0,0,0,1,0,0,0,0,1,0,0.08038886840803232,0.3888105340440227,0.32935560859188545,0.15618661257606492
0,0,0,0,0,0,0,0,0,0,1,0,0,0,0,1,0,0.2330807489374254,0.13686203381542433,0.7159904534606205,0.797160243407708
0,1,0,0,0,0,0,0,1,0,0,0,0,0,0,1,0,0.1943524812120627,0.1859559895184482,0.39618138424821,0.5943204868154158
0,1,0,0,0,1,0,0,0,0,1,0,0,0,0,1,0,0.44089235010682803,0.08543352865807623,0.6849642004773271,1.0
0,0,0,0,0,0,0,0,0,0,1,0,0,0,0,1,0,0.2877727567777252,0.14262857192418055,0.8424821002386635,1.0
0,0,1,0,0,0,0,0,0,0,1,0,0,0,0,1,0,0.3003265214985568,0.13641834121788324,0.8926014319809068,1.0
0,0,0,0,0,0,0,0,0,0,1,0,0,0,0,1,0,0.30414807632858115,0.13697088590568085,0.34128878281622904,1.0
0,1,0,0,0,0,0,0,1,0,0,0,0,0,0,1,0,0.038276741750227744,0.6267781598045652,0.8782816229116945,1.0
0,0,0,0,0,0,0,0,0,0,1,0,0,0,0,1,0,0.5035211939172808,0.07413045101859689,0.5990453460620524,1.0
1,0,1,0,0,0,0,0,0,0,1,0,0,0,0,1,0,0.0595599422729157,0.49729537869446794,0.4797136038186158,0.13793103448275862
0,0,0,0,0,0,0,0,0,0,1,0,0,0,1,0,0,0.4983658136720636,0.0811512902168631,0.8257756563245822,1.0
0,0,0,0,0,0,0,0,0,0,1,0,0,0,0,1,0,0.40997851189560985,0.07797654174026636,0.675417661097852,1.0
0,0,0,0,0,0,0,0,0,0,1,0,0,0,0,1,0,0.38028357245445604,0.07250202232426867,0.8830548926014319,1.0
0,1,0,0,0,0,0,0,0,0,1,0,0,0,0,1,0,0.14727627434349458,0.15752709520297145,0.8257756563245822,1.0
0,1,0,0,0,0,0,0,0,0,1,0,0,0,0,1,0,0.3223548739975439,0.12982621215925944,0.5656324582338903,1.0
0,0,1,0,0,0,0,0,0,0,1,0,0,0,0,1,0,0.3609197745697516,0.11670015593596615,0.8257756563245822,1.0
0,0,0,0,0,0,0,0,0,0,1,0,0,0,0,1,0,0.21802927294880348,0.09806376662338434,0.8257756563245822,1.0
0,0,0,0,0,0,0,0,0,0,1,0,0,0,0,1,0,0.48771353515593513,0.08743434183734895,0.9188544152744629,1.0
0,1,0,0,0,0,0,0,0,0,1,0,0,0,0,1,0,0.22830832904744452,0.11822618263343063,0.9188544152744629,0.3914807302231238
0,0,0,0,0,0,0,0,0,0,1,0,0,0,0,1,0,0.073773108218222,0.40910950517631456,0.34367541766109794,0.13793103448275862
0,0,0,0,0,0,0,0,0,0,1,0,0,0,0,1,0,0.16834454516405048,0.22434025272896518,0.34367541766109794,0.13793103448275862
0,1,0,0,0,1,0,0,0,1,0,0,0,0,0,1,0,0.21635595194743393,0.17102108285022888,0.8257756563245822,1.0
0,0,0,0,0,0,0,0,0,0,0,0,1,0,0,1,0,0.36296913521458785,0.11592980693648683,0.8544152744630071,1.0
0,0,0,0,0,0,0,0,0,0,1,0,0,0,0,1,0,0.3343643899953982,0.0862472498963017,0.9785202863961813,1.0
0,1,0,0,0,0,0,0,0,0,1,0,0,0,0,1,0,0.37637718235411566,0.09823978373739559,,1.0
0,1,0,0,0,0,0,0,0,0,0,0,1,0,0,1,0,0.34445881751583374,0.12083287984114938,0.9785202863961813,1.0
0,1,0,0,0,0,0,0,0,0,1,0,0,0,0,1,0,0.1814061396655904,0.17171245721816544,0.9116945107398566,1.0
1,0,1,0,0,0,0,0,0,0,1,0,0,0,0,1,0,0.13254268857115142,0.27156870701934926,0.35083532219570407,0.15821501014198783
0,0,0,0,0,1,0,0,0,0,1,0,0,0,0,1,0,0.2609827801252632,0.11185332449440727,0.8758949880668256,1.0
0,1,0,0,0,0,0,0,0,0,0,0,1,0,0,1,0,0.39464322637832766,0.10071923940048817,0.9116945107398566,1.0
0,0,1,0,0,0,0,0,0,0,1,0,0,0,0,1,0,0.26458299079593994,0.05561552584763632,0.8305489260143197,1.0
0,0,0,0,0,0,0,0,0,0,1,0,0,0,0,1,0,0.13403692919520796,0.2827695735230948,0.9785202863961813,0.14807302231237324
1,0,1,0,0,1,0,0,0,0,1,0,0,0,0,1,0,0.06965561210204962,0.45248788960575953,0.9116945107398566,0.14604462474645033
1,0,1,0,0,0,0,0,0,0,1,0,0,0,0,1,0,0.12896778356090216,0.28838779628247624,0.9116945107398566,0.14604462474645033
0,0,0,0,0,0,0,0,0,0,1,0,0,0,0,1,0,0.17045983225799582,0.2273648005893684,0.7804295942720763,1.0
0,0,0,0,0,0,0,0,0,0,1,0,0,0,0,1,0,0.4379190202165567,0.08073520555144098,0.7303102625298328,1.0
0,0,0,0,0,0,0,0,0,0,1,0,0,0,0,1,0,0.327184246534336,0.11936175280999257,0.7804295942720763,0.797160243407708
0,0,0,0,0,0,0,0,1,0,0,0,0,0,0,1,0,0.1931781204626894,0.15635697008162422,0.8544152744630071,1.0
0,0,1,0,0,0,0,0,1,0,0,0,0,0,0,1,0,0.16900250563849367,0.1907307827546382,0.8400954653937946,1.0
0,0,1,0,0,0,0,0,0,0,1,0,0,0,0,1,0,0.42881748680749854,0.09901247205798391,0.6730310262529833,1.0
0,0,1,0,0,0,0,0,1,0,0,0,0,0,0,1,0,0.3677685253691213,0.10482156676730703,0.5489260143198089,1.0
0,0,0,0,0,0,0,0,0,0,1,0,0,0,0,1,0,0.4133553209743636,0.08798408537221153,0.7971360381861574,0.5943204868154158
0,0,0,0,0,0,0,0,0,0,1,0,0,0,1,0,0,0.30560058863540807,0.12118747321431514,0.7422434367541766,1.0
0,0,1,0,0,0,0,0,0,0,1,0,0,0,0,1,0,0.470534522731371,0.08217875134162171,0.7756563245823389,1.0
1,0,1,0,0,0,0,0,0,0,1,0,0,0,0,1,0,0.16545670543887944,0.23509225097672268,0.8305489260143197,0.14198782961460446
0,0,0,0,0,0,0,0,0,0,1,0,0,0,0,1,0,0.40242290391073443,0.08195845804782652,0.7422434367541766,0.797160243407708
0,1,0,0,0,1,0,0,0,0,0,0,1,0,0,1,0,0.20539920072956186,0.1591552040858014,0.7661097852028638,1.0
0,0,0,0,0,0,0,0,0,0,1,0,0,0,0,1,0,0.4427317310036254,0.07683389166713826,0.7756563245823389,1.0
0,1,0,0,0,0,0,0,1,0,0,0,0,0,0,1,0,0.19122720054590484,0.18579380700058853,0.7804295942720763,1.0
0,0,1,0,0,0,0,0,0,0,1,0,0,0,0,1,0,0.4381719337485727,0.0793506135015886,0.7040572792362769,1.0
0,1,0,0,0,0,0,0,0,0,1,0,0,0,0,1,0,0.30226377417494477,0.13790244283521666,0.7661097852028638,1.0
0,0,0,0,0,0,0,0,0,0,1,0,0,0,0,1,0,0.16177859675618228,0.10248028886910025,0.29594272076372313,0.13793103448275862
0,0,0,0,0,0,0,0,0,0,1,0,0,0,1,0,0,0.47685692863830376,0.07900810420020662,0.7040572792362769,1.0
0,0,0,0,0,0,0,0,0,0,1,0,0,0,0,1,0,0.30934881705385425,0.11054967316986954,0.5799522673031026,0.5943204868154158
1,0,1,0,0,0,0,0,0,0,1,0,0,0,0,1,0,0.09743940131666658,0.36139812480143624,0.47016706443914075,0.15415821501014199
0,0,0,0,0,1,0,0,0,0,1,0,0,0,0,1,0,0.14943817334964823,0.24102185564376,0.8329355608591884,0.14604462474645033
0,0,0,0,0,0,0,0,0,0,1,0,0,0,1,0,0,0.4301923206047121,0.09579535114556041,0.8305489260143197,1.0
0,0,0,0,0,0,0,0,1,0,0,0,0,0,0,1,0,0.20670818516985467,0.11415157365286381,0.7828162291169449,1.0
0,0,0,0,0,0,0,0,0,0,1,0,0,0,0,1,0,0.43053000699110133,0.09859890937403262,0.7828162291169449,1.0
0,1,0,0,0,0,0,0,0,0,1,0,0,0,0,1,0,0.23961426083696102,0.17049673400189772,0.7828162291169449,1.0
0,0,0,0,0,0,0,0,0,0,1,0,0,0,0,1,0,0.3687155850131702,0.07649713457094706,0.8138424821002386,1.0
0,1,0,0,0,0,0,0,0,0,1,0,0,0,0,1,0,0.2535126577566442,0.1349465911375332,0.8830548926014319,1.0
0,1,1,0,0,0,0,0,0,0,1,0,0,0,0,1,0,0.20291124285616147,0.16769622997505987,0.7828162291169449,0.5943204868154158
0,1,0,0,0,0,0,0,0,0,0,0,1,0,0,1,0,0.2890601609130939,0.056556225088656195,0.8830548926014319,1.0
0,0,0,0,0,0,0,0,0,0,1,0,0,0,0,1,0,0.41614401428074915,0.10162588585150041,0.7804295942720763,1.0
0,0,0,0,0,0,0,0,0,0,1,0,0,0,1,0,0,0.4756738923531061,0.08951463867191618,0.8138424821002386,1.0
0,0,0,0,0,0,0,0,0,0,1,0,0,0,0,1,0,0.2888440075956977,0.11091884530268922,0.5966587112171837,0.15010141987829617
0,0,0,0,0,0,0,0,0,0,1,0,0,0,0,1,0,0.30328238598581003,0.08806451651685837,0.9069212410501193,1.0
0,0,0,0,0,1,0,0,0,0,1,0,0,0,0,1,0,0.25475141279499947,0.15403461227489773,0.9069212410501193,1.0
0,0,0,0,0,1,0,0,0,0,1,0,0,0,0,1,0,0.10615786115788352,0.26464241229533036,0.7804295942720763,1.0
0,0,0,0,0,0,0,0,0,0,1,0,0,0,0,1,0,0.3639313654219224,0.10869114144251302,0.6610978520286397,0.5943204868154158
0,0,0,0,0,0,0,0,0,0,1,0,0,0,0,1,0,0.3138250302770557,0.12883961366928323,0.8782816229116945,1.0
0,0,0,0,0,0,0,0,0,0,1,0,0,0,0,1,0,0.18591593289996694,0.2135634068056979,0.8782816229116945,0.17038539553752538
0,0,0,0,0,0,0,0,0,0,1,0,0,0,1,0,0,0.42976850964585794,0.05922797934747295,0.8830548926014319,1.0
0,0,0,0,0,0,0,0,0,0,1,0,0,0,0,1,0,0.25165042600368487,0.14978080835112434,0.8782816229116945,1.0
0,0,0,0,0,0,0,0,0,0,1,0,0,0,0,1,0,0.4195634742553232,0.08936159285494928,0.8138424821002386,1.0
0,1,0,0,0,0,0,0,0,0,1,0,0,0,0,1,0,0.21367399668970147,0.15886197283737552,0.6062052505966586,0.3914807302231238
0,1,0,0,0,0,0,0,0,0,1,0,0,0,0,1,0,0.2001166841858597,0.1975948372040139,0.6491646778042959,1.0
0,0,0,0,0,0,0,0,0,0,1,0,0,0,0,1,0,0.2347325946608706,0.1310241095075388,0.7828162291169449,0.5943204868154158
0,1,1,0,0,0,0,0,1,0,0,0,0,0,0,1,0,0.19309193045407166,0.2070175989302891,0.8162291169451072,0.5943204868154158
0,1,0,0,0,0,0,0,1,0,0,0,0,0,0,1,0,0.33156398466739334,0.12644961541468952,0.8615751789976134,1.0
0,0,0,0,0,0,0,0,0,0,1,0,0,0,0,1,0,0.24238729684285226,0.0703690951412817,0.8305489260143197,1.0
0,0,0,0,0,0,0,0,0,0,1,0,0,0,0,1,0,0.15501435942744649,0.17229207744976432,0.7875894988066825,0.1257606490872211
0,0,0,0,0,0,0,0,0,0,1,0,0,0,0,1,0,0.18861245099955212,0.17625101695906945,0.7875894988066825,1.0
0,1,0,0,0,0,0,0,1,0,0,0,0,0,0,1,0,0.36632473134690485,0.11484716878313457,0.7326968973747017,1.0
0,0,0,0,0,1,0,0,1,0,0,0,0,0,0,1,0,0.11575200812842264,0.31109408496119767,0.7875894988066825,1.0
0,0,0,0,0,0,0,0,0,0,1,0,0,0,0,1,0,0.1498671354013838,0.18751784786190032,0.60381861575179,0.127789046653144
0,1,1,0,0,0,0,0,0,0,1,0,0,0,0,1,0,0.399213332644819,0.08050669224567474,0.8019093078758948,1.0
0,0,0,0,0,0,0,0,1,0,0,0,0,0,0,1,0,0.08313208136764219,0.40512859559964615,0.8305489260143197,1.0
0,1,0,0,0,0,0,0,0,0,1,0,0,0,0,1,0,0.15768268680604947,0.2266658773906859,0.6443914081145585,1.0
0,0,0,0,0,0,0,0,0,0,1,0,0,0,0,1,0,0.44789925731530833,0.08382504117801107,0.5823389021479712,1.0
0,0,0,0,0,0,0,0,0,0,1,0,0,0,0,1,0,0.376813152779443,0.09887539215969345,0.8305489260143197,1.0
0,0,0,0,0,0,0,0,0,0,1,0,0,0,0,1,0,0.3607259803869322,0.10913340815949785,0.7875894988066825,1.0
0,1,0,0,0,0,0,0,1,0,0,0,0,0,0,1,0,0.1570925438894917,0.11832242043368328,0.8305489260143197,1.0
0,1,0,1,0,0,0,0,0,0,1,0,0,0,0,1,0,0.0846138260235593,0.32533297162045016,0.5584725536992841,1.0
0,0,0,0,0,0,0,0,0,0,1,0,0,0,0,1,0,0.3729302220563127,0.11279934291795249,0.60381861575179,0.127789046653144
1,0,1,0,0,1,0,0,0,0,1,0,0,0,0,1,0,0.08610931498508785,0.3910175219092218,0.47016706443914075,0.15415821501014199
1,0,1,0,0,0,0,0,0,0,1,0,0,0,0,1,0,0.15083724731139478,0.23936942742935663,0.2625298329355608,0.1359026369168357
0,1,0,0,0,0,0,0,0,0,1,0,0,0,0,1,0,0.4427760563282789,0.09070639339663474,0.7326968973747017,1.0
0,1,1,0,0,0,0,0,0,0,0,0,1,0,0,1,0,0.1568976982587074,0.24357815329939542,0.8615751789976134,1.0
0,0,0,0,0,0,0,0,0,0,1,0,0,0,0,1,0,0.1373352967331628,0.2769602951895727,0.47016706443914075,0.15415821501014199
0,1,0,0,0,0,0,0,0,0,0,0,1,0,0,1,0,0.3235916168026748,0.10841845471906779,0.8615751789976134,1.0
0,0,0,0,0,0,0,0,0,0,1,0,0,0,0,1,0,0.272459025889713,0.13508104785380984,0.7875894988066825,0.5943204868154158
1,0,1,0,0,1,0,0,0,0,1,0,0,0,0,1,0,0.16291897384919285,0.23611395931519377,0.8615751789976134,0.13793103448275862
0,0,1,0,0,1,0,0,0,0,1,0,0,0,0,1,0,0.29250178328704973,0.1326282352785583,0.8305489260143197,1.0
0,0,1,0,0,0,0,0,0,0,1,0,0,0,0,1,0,0.26738518300173447,0.09853558184142935,0.7183770883054892,1.0
0,0,0,0,0,0,0,0,1,0,0,0,0,0,0,1,0,0.404297547576697,0.10471226097839324,0.7183770883054892,1.0
0,1,0,0,0,0,0,0,1,0,0,0,0,0,0,1,0,0.3924663745786878,0.09392231234958086,0.4797136038186158,1.0
0,0,0,0,0,0,0,0,0,0,1,0,0,0,0,1,0,0.3880180974587942,0.10357269491307364,0.8615751789976134,1.0
0,1,0,0,0,0,0,0,1,0,0,0,0,0,0,1,0,0.1922165085973071,0.20731324633314324,0.737470167064439,0.5943204868154158
0,0,0,0,0,0,0,0,0,0,1,0,0,0,0,1,0,0.3744966314300797,0.10812846038326678,0.7350835322195703,1.0
0,0,0,0,0,0,0,0,0,0,1,0,0,0,0,1,0,0.36162738493856866,0.11493618572902871,0.6801909307875893,1.0
0,1,0,0,0,0,0,0,1,0,0,0,0,0,0,1,0,0.272059757214052,0.10583788306235996,0.8210023866348448,1.0
1,0,1,0,0,0,0,0,0,0,1,0,0,0,0,1,0,0.08955326620213253,0.3617626273756468,0.9069212410501193,0.14807302231237324
0,1,0,0,0,0,0,0,0,0,1,0,0,0,0,1,0,0.4076096780109529,0.10384652735506118,0.7708830548926013,1.0
0,0,0,0,0,0,0,0,0,0,1,0,0,0,0,1,0,0.30669772521412986,0.09908374388300148,0.701670644391408,0.797160243407708
1,0,1,0,0,1,0,0,0,0,1,0,0,0,0,1,0,0.09175712537901265,0.3744609405939111,0.4295942720763723,0.14198782961460446
0,0,1,0,0,1,0,0,1,0,0,0,0,0,0,1,0,0.16092354357828437,0.15471091172086163,0.9069212410501193,0.797160243407708
1,0,1,0,0,0,0,0,0,0,1,0,0,0,0,1,0,0.08456559659578296,0.4005555191034813,0.09546539379474944,0.1257606490872211
0,1,0,0,0,0,0,0,0,0,0,0,1,0,0,1,0,0.3550875246652573,0.0972475603567866,0.7613365155131264,1.0
0,0,1,0,0,0,0,0,0,0,1,0,0,0,0,1,0,0.24329112670010744,0.13979635044747288,0.6801909307875893,0.3914807302231238
0,0,0,0,0,0,0,0,0,0,1,0,0,0,0,1,0,0.3596822175006153,0.11473072094650401,0.7350835322195703,1.0
0,0,0,0,0,0,0,0,0,0,1,0,0,0,0,1,0,0.27229273155657435,0.06951332711814116,0.9069212410501193,1.0
0,0,0,0,0,0,0,0,0,0,1,0,0,0,0,1,0,0.39862210850574115,0.09042205240586842,0.7326968973747017,0.5943204868154158
0,0,0,0,0,0,0,0,0,0,1,0,0,0,0,1,0,0.1689504761390537,0.22906569055122675,0.737470167064439,0.10953346855983774
0,0,0,0,0,0,0,0,0,0,1,0,0,0,0,1,0,0.3174048967085877,0.07947088087468189,0.477326968973747,1.0
0,0,0,0,0,0,0,0,0,0,1,0,0,0,0,1,0,0.32754701052298635,0.10376138338146534,0.6372315035799523,1.0
0,1,0,0,0,0,0,0,0,0,1,0,0,0,0,1,0,0.2606882191614853,0.13569660386956797,0.6706443914081146,1.0
0,0,0,0,0,0,0,0,0,0,1,0,0,0,0,1,0,0.3888407387919939,0.10829237729989756,0.8210023866348448,1.0
0,1,0,0,0,0,0,0,1,0,0,0,0,0,0,1,0,0.1913663379755303,0.20880602301673956,0.7350835322195703,1.0
0,0,0,0,0,0,0,0,0,0,1,0,0,0,0,1,0,0.3363548685784259,0.1165137661075903,0.6372315035799523,1.0
0,0,0,0,0,1,0,0,0,0,1,0,0,0,0,1,0,0.41286738046984056,0.08420886312989682,0.5131264916467779,1.0
0,1,0,0,0,0,0,0,0,0,0,0,1,0,0,1,0,0.30062562730259396,0.10553118410093287,0.477326968973747,1.0
0,1,1,0,0,1,0,0,0,0,1,0,0,0,0,1,0,0.13780624870309002,0.25231664011747634,0.6372315035799523,1.0
0,0,0,0,0,0,0,0,0,0,1,0,0,0,0,1,0,0.3882757235186245,0.09745568389453128,0.9069212410501193,1.0
1,0,1,0,0,0,0,0,0,0,1,0,0,0,0,1,0,0.09624868790545922,0.3641478295543313,0.8019093078758948,0.14604462474645033
0,0,0,0,0,0,0,0,0,0,1,0,0,0,0,1,0,0.08757113660559146,0.3213831845538169,0.477326968973747,0.10953346855983774
0,1,0,0,0,1,0,0,0,0,1,0,0,0,0,1,0,0.17293989355916473,0.14458421927947915,0.7708830548926013,1.0
0,0,0,0,0,1,0,0,0,0,1,0,0,0,0,1,0,0.09667924709055575,0.36232814077478936,0.6372315035799523,0.07302231237322516
0,1,0,0,0,0,0,0,0,0,1,0,0,0,0,1,0,0.12594030963044436,0.2583724511407657,0.8329355608591884,0.797160243407708
1,0,1,0,0,0,0,0,0,0,1,0,0,0,0,1,0,0.16367739679912938,0.21343192891686721,0.5656324582338903,0.1440162271805274
0,1,0,0,0,0,0,0,0,0,0,0,1,0,0,1,0,0.18327913336967352,0.19101494951450676,0.7708830548926013,1.0
0,0,0,0,0,1,0,0,0,0,1,0,0,0,0,0,1,0.1710138263968638,0.23055631149023684,0.8305489260143197,1.0
0,1,0,0,0,0,0,0,0,0,0,0,1,0,0,1,0,0.19325278950902003,0.19929241710721673,0.9069212410501193,0.797160243407708
0,0,1,0,0,0,0,0,0,0,1,0,0,0,0,1,0,0.1418970111329262,0.21314200964577756,0.7708830548926013,1.0
0,1,0,0,0,0,0,0,0,0,1,0,0,0,0,1,0,0.14033230295694615,0.19559162320169174,0.7708830548926013,1.0
0,1,1,0,0,1,0,0,0,0,0,0,1,0,0,1,0,0.13779057380959792,0.2460920876241104,0.9069212410501193,1.0
1,0,1,0,0,0,0,0,0,0,1,0,0,0,0,1,0,0.054701171251061366,0.5158510639652755,0.9069212410501193,0.14807302231237324
0,0,0,0,0,0,0,0,1,0,0,0,0,0,0,1,0,0.40835753294136407,0.08673159060289803,0.8329355608591884,0.797160243407708
0,0,0,0,0,0,0,0,0,0,1,0,0,0,0,1,0,0.47881590346538905,0.07757135351334649,0.7661097852028638,1.0
0,1,0,0,0,0,0,0,0,0,0,0,1,0,0,1,0,0.40820806787072056,0.09959087163171647,0.7875894988066825,0.3914807302231238
0,0,0,0,0,0,0,0,0,0,1,0,0,0,0,1,0,0.32138350064733645,0.10637612029197697,0.8758949880668256,1.0
0,0,0,0,0,1,0,0,0,0,1,0,0,0,0,0,1,0.16952847464080562,0.23224052716288143,0.8305489260143197,1.0
0,0,0,0,0,0,0,0,0,0,1,0,0,0,0,1,0,0.1369653597537662,0.25875971359842365,0.9069212410501193,0.14807302231237324
0,0,0,0,0,1,0,0,0,0,1,0,0,0,0,1,0,0.19031467523082593,0.20181026396857146,0.8329355608591884,0.797160243407708
0,0,1,0,0,0,0,0,0,0,1,0,0,0,0,1,0,0.21569876053908502,0.09364167834633881,0.9069212410501193,0.797160243407708
0,0,0,0,0,0,0,0,0,0,1,0,0,0,0,1,0,0.35690269172904543,0.11131959334080711,0.7708830548926013,1.0
0,0,0,0,0,0,0,0,0,0,1,0,0,0,1,0,0,0.40833215580680027,0.10350267585531825,0.9069212410501193,1.0
0,0,0,0,0,0,0,0,0,0,1,0,0,0,0,1,0,0.1334571838292716,0.23343530697801784,0.9069212410501193,1.0
0,1,0,0,0,1,0,0,0,0,1,0,0,0,0,1,0,0.26271345227469656,0.12227202051958412,0.8615751789976134,1.0
0,1,1,0,0,0,0,0,0,0,1,0,0,0,0,1,0,0.26928275486811915,0.14858882094516432,0.7112171837708829,1.0
0,1,0,0,0,0,0,0,0,0,1,0,0,0,0,1,0,0.30072400506085206,0.13671115995941166,0.7708830548926013,1.0
0,0,0,0,0,0,0,0,0,0,1,0,0,0,0,1,0,0.1975329254963325,0.2030504865835791,0.7804295942720763,1.0
0,0,0,0,0,0,0,0,0,0,1,0,0,0,0,1,0,0.15524652724227095,0.23919052395551368,0.8758949880668256,1.0
0,0,0,0,0,0,0,0,0,0,1,0,0,0,0,1,0,0.2835772646646249,0.13472232083191896,0.8066825775656323,1.0
0,0,1,0,0,0,0,0,0,0,1,0,0,0,0,1,0,0.08457765615968695,0.40049888964994795,0.7804295942720763,1.0
0,0,1,0,0,0,0,0,0,0,1,0,0,0,0,1,0,0.4194673269896121,0.10046156411427207,0.6730310262529833,1.0
0,1,0,0,0,0,0,0,0,0,1,0,0,0,0,1,0,0.4893606431190493,0.08713281294016309,0.8066825775656323,1.0
0,1,0,0,0,0,0,0,0,0,1,0,0,0,0,1,0,0.24426555718076953,0.16666192864521634,0.7971360381861574,1.0
0,1,0,0,0,0,0,0,1,0,0,0,0,0,0,1,0,0.25574626867518624,0.07854983992577888,0.8758949880668256,0.5943204868154158
0,1,0,0,0,0,0,0,0,0,0,0,1,0,0,1,0,0.29169661857575985,0.12730498506255195,0.6730310262529833,1.0
0,1,0,0,0,0,0,0,1,0,0,0,0,0,0,1,0,0.34821284162352445,0.11892545379680151,0.8520286396181382,0.797160243407708
0,0,0,0,0,0,0,0,0,0,1,0,0,0,0,1,0,0.16688335587485975,0.14657720862301823,0.8758949880668256,0.5943204868154158
1,0,1,0,0,0,0,0,0,0,1,0,0,0,0,1,0,0.13435803256971468,0.17806724178792363,0.7804295942720763,0.15415821501014199
0,0,0,0,0,1,0,0,0,0,1,0,0,0,0,1,0,0.2576768638987504,0.11980463786774122,0.8758949880668256,1.0
1,0,1,0,0,0,0,0,0,0,1,0,0,0,0,1,0,0.08799162102594932,0.3516247887694858,0.7804295942720763,0.15415821501014199
0,0,1,0,0,0,0,0,0,0,1,0,0,0,0,1,0,0.2018881941829642,0.12784839481403962,0.8758949880668256,1.0
0,0,0,0,0,1,0,0,0,0,1,0,0,0,0,1,0,0.11692010249253505,0.26203649806381,0.7804295942720763,0.15415821501014199
0,0,0,0,0,0,0,0,0,0,1,0,0,0,0,1,0,0.40830677714811997,0.08933009025721936,0.7494033412887828,1.0
0,0,0,0,0,0,0,0,0,0,1,0,0,0,0,1,0,0.2521473994610986,0.12110560763768136,0.8902147971360381,1.0
0,0,0,0,0,0,0,0,0,0,1,0,0,0,0,1,0,0.41391228634220895,0.10160345044824932,0.8305489260143197,1.0
0,0,0,0,0,0,0,0,0,0,1,0,0,0,0,1,0,0.2339992647174667,0.10965899625517128,0.8758949880668256,0.5943204868154158
0,0,0,0,0,0,0,0,0,0,1,0,0,0,0,1,0,0.25524266738609325,0.16084333769775314,0.7494033412887828,1.0
1,0,1,0,0,0,0,0,0,0,1,0,0,0,0,1,0,0.10830619237873855,0.3248320918210139,0.8257756563245822,0.13184584178498987
0,0,1,0,0,0,0,0,0,0,1,0,0,0,0,1,0,0.30613660944314824,0.09299403814286616,0.7303102625298328,0.5943204868154158
0,0,0,0,0,0,0,0,0,0,1,0,0,0,1,0,0,0.35313692043828987,0.11635165463216744,0.8305489260143197,1.0
0,1,1,0,0,0,0,0,0,0,0,0,1,0,0,1,0,0.056845752089705166,0.50254289176227,0.20047732696897375,1.0
0,0,1,0,0,0,0,0,0,0,1,0,0,0,0,1,0,0.15690466085116214,0.10645976361600915,0.4272076372315035,1.0
0,0,1,0,0,1,0,0,0,0,1,0,0,0,0,1,0,0.0033687173878537303,0.9334792744918965,0.8329355608591884,1.0
0,1,0,0,0,0,0,0,1,0,0,0,0,0,0,1,0,0.3209252005034603,0.09561622513463541,0.5393794749403342,1.0
0,0,0,0,0,0,0,0,1,0,0,0,0,0,0,1,0,0.25602417205309475,0.10969050977363888,0.8042959427207637,1.0
0,0,1,0,0,0,0,0,0,0,1,0,0,0,0,1,0,0.3140610310788605,0.12519111678058079,0.9188544152744629,1.0
0,0,0,0,0,0,0,0,0,0,1,0,0,0,0,1,0,0.44753298765966343,0.08734735482452397,0.8210023866348448,1.0
0,1,0,0,0,0,0,0,0,0,1,0,0,0,0,1,0,0.06544502591336318,0.4532822412565257,0.7875894988066825,1.0
0,1,0,0,0,0,0,0,1,0,0,0,0,0,0,1,0,0.39968282525097293,0.10361628813957809,,1.0
0,0,0,0,0,0,0,0,0,0,1,0,0,0,0,1,0,0.2998147319744082,0.08390587852574362,0.6587112171837708,0.5943204868154158
0,0,0,0,0,0,0,0,0,0,1,0,0,0,1,0,0,0.42853501096217034,0.08212995979140383,0.6324582338902147,1.0
0,0,0,0,0,0,0,0,0,0,1,0,0,0,0,1,0,0.13560376075200964,0.15443292574138562,0.8926014319809068,0.1257606490872211
0,0,0,0,0,0,0,0,0,0,1,0,0,0,1,0,0,0.3634237395729775,0.10492348034024983,,1.0
0,0,0,0,0,0,0,0,0,0,1,0,0,0,1,0,0,0.4926082413545542,0.06616194064115168,0.8424821002386635,1.0
0,0,0,0,0,0,0,0,0,0,1,0,0,0,0,1,0,0.35882402504537936,0.11478403380414426,,1.0
0,1,0,0,0,0,0,0,1,0,0,0,0,0,0,1,0,0.24666972875553766,0.1317275604745988,,1.0
0,0,1,0,0,0,0,0,0,0,1,0,0,0,0,1,0,0.24412262472484503,0.08494435112871171,0.8424821002386635,1.0
1,0,1,0,0,0,0,0,0,0,1,0,0,0,0,1,0,0.06563919740404214,0.42803922040397274,0.35083532219570407,0.13793103448275862
0,0,1,0,0,0,0,0,0,0,1,0,0,0,0,1,0,0.276323143816425,0.12120744261978124,0.7875894988066825,1.0
0,0,0,0,0,0,0,0,0,0,1,0,0,0,0,1,0,0.46736075060375476,0.09059450746662068,0.6921241050119331,0.797160243407708
0,0,0,0,0,0,0,0,0,0,1,0,0,0,0,1,0,0.32389833377506394,0.12924489288859564,0.8424821002386635,1.0
0,0,1,0,0,0,0,0,1,0,0,0,0,0,0,1,0,0.30956968156631043,0.11772944718517234,0.8424821002386635,1.0
0,1,0,0,0,0,0,0,0,0,0,0,1,0,0,1,0,0.15494394264064676,0.13367017922872157,0.5441527446300716,1.0
0,0,0,0,0,0,0,0,0,0,1,0,0,0,0,1,0,0.4241618991911925,0.07754749873555206,0.8424821002386635,1.0
0,1,0,0,0,1,0,0,0,0,1,0,0,0,0,1,0,0.4177054318503819,0.09779811042589179,0.6324582338902147,1.0
0,0,1,0,0,1,0,0,0,0,1,0,0,0,0,1,0,0.2241709233521313,0.09414586645598082,0.6587112171837708,1.0
0,1,0,0,0,0,0,0,0,0,1,0,0,0,0,1,0,0.3269293837166704,0.10077482055727005,0.8424821002386635,1.0
0,1,0,0,0,0,0,0,0,0,1,0,0,0,0,1,0,0.42965309864102463,0.0947045573688846,0.8066825775656323,1.0
1,0,1,0,0,0,0,0,0,0,1,0,0,0,0,1,0,0.09693678217585391,0.21675761430551485,0.7875894988066825,0.1359026369168357
0,1,0,0,0,0,0,0,0,0,1,0,0,0,0,1,0,0.4566118510530132,0.09321209808735506,0.7040572792362769,1.0
0,1,0,0,0,0,0,0,1,0,0,0,0,0,0,1,0,0.3242364575294008,0.031657737079620205,0.8591885441527445,1.0
1,0,1,0,0,0,0,0,0,0,1,0,0,0,0,1,0,0.15123378124171885,0.2292346043643607,0.7804295942720763,0.12981744421906694
0,0,0,0,0,0,0,0,0,0,1,0,0,0,0,1,0,0.302444431272562,0.0971430961766612,0.6968973747016707,1.0
0,0,0,0,0,0,0,0,0,0,1,0,0,0,0,1,0,0.3121937994988222,0.11049067723341865,0.8162291169451072,1.0
1,0,1,0,0,0,0,0,0,0,1,0,0,0,0,1,0,0.0970867358305801,0.3535413373370012,0.6610978520286397,0.09330628803245437
0,0,0,0,0,0,0,0,0,0,1,0,0,0,0,1,0,0.3741010189674509,0.09461714878525206,0.8162291169451072,1.0
0,1,0,0,0,0,0,0,0,0,1,0,0,0,0,1,0,0.2731025073923211,0.12692483774869542,0.7828162291169449,0.5943204868154158
0,1,0,0,0,1,0,0,0,0,1,0,0,0,0,1,0,0.05833880465548059,0.5003579742773283,0.8591885441527445,1.0
0,1,0,0,0,0,0,0,0,0,1,0,0,0,0,1,0,0.302410565917938,0.0912127641809548,0.27207637231503584,1.0
0,0,0,0,0,0,0,0,0,0,1,0,0,0,0,1,0,0.34959424032733233,0.10844949406865441,0.7040572792362769,1.0
0,0,0,0,0,0,0,0,1,0,0,0,0,0,0,1,0,0.36769365748331284,0.09327760226931622,0.7040572792362769,1.0
0,0,0,0,0,0,0,0,0,0,1,0,0,0,0,1,0,0.17819445445286972,0.0864565207317771,0.8186157517899761,0.3914807302231238
0,1,1,0,0,0,0,0,1,0,0,0,0,0,0,1,0,0.21100771820530517,0.1163490614499409,0.7159904534606205,0.797160243407708
0,1,0,0,0,0,0,0,1,0,0,0,0,0,0,1,0,0.2250887834567019,0.18082941302664907,0.8162291169451072,0.5943204868154158
0,0,0,0,0,0,0,0,0,0,1,0,0,0,0,1,0,0.4775261332998628,0.08125515337922772,0.5894988066825775,1.0
0,0,0,0,0,0,0,0,0,0,1,0,0,0,0,1,0,0.39378264041527766,0.09685239638760999,0.36515513126491655,0.5943204868154158
0,0,0,0,0,0,0,0,0,0,1,0,0,0,0,1,0,0.29731202112646465,0.11307783481769254,0.6968973747016707,1.0
0,0,1,0,0,0,0,0,0,0,1,0,0,0,0,1,0,0.33873942858527917,0.07821221762235114,0.7828162291169449,0.5943204868154158
0,0,0,0,0,0,0,0,0,0,1,0,0,0,0,1,0,0.46586652061006917,0.09142916871222091,0.7159904534606205,1.0
0,0,0,0,0,0,0,0,0,0,1,0,0,0,0,1,0,0.31301407241225354,0.1165312918506266,0.5131264916467779,0.5943204868154158
0,1,0,0,0,0,0,0,0,0,1,0,0,0,0,1,0,0.23524416542935894,0.16673046477643072,0.6968973747016707,1.0
0,0,0,0,0,0,0,0,0,0,1,0,0,0,0,1,0,0.38533728935151684,0.07990924894098818,0.8591885441527445,1.0
0,0,0,0,0,0,0,0,0,0,1,0,0,0,0,1,0,0.3575602639459586,0.09218370191111304,0.7804295942720763,0.5943204868154158
0,1,0,0,0,0,0,0,0,0,0,0,1,0,0,1,0,0.26333659998771464,0.0988457088784571,0.7159904534606205,1.0
0,0,1,0,0,0,0,0,0,0,1,0,0,0,0,1,0,0.2455025394951187,0.15383228915837222,0.7828162291169449,1.0
0,0,1,0,0,0,0,0,0,0,1,0,0,0,0,1,0,0.24018158995088357,0.13925645754003899,0.8162291169451072,1.0
0,0,0,0,0,0,0,0,0,0,1,0,0,0,0,1,0,0.12678779431643875,0.22439168125793565,0.8162291169451072,0.13793103448275862
0,0,0,0,0,0,0,0,0,0,1,0,0,0,0,1,0,0.4093910611738323,0.0793043979235814,0.7661097852028638,1.0
0,1,0,0,0,0,0,0,0,0,1,0,0,0,0,1,0,0.1642257387016567,0.20025148112632724,0.8353221957040573,1.0
0,0,0,0,0,0,0,0,0,0,1,0,0,0,0,1,0,0.34422953372218534,0.0836519195487471,0.8066825775656323,1.0
0,0,0,0,0,0,0,0,0,0,1,0,0,0,0,1,0,0.8959725728219111,0.04671939384694534,0.9140811455847255,1.0
0,0,0,0,0,0,0,0,0,0,1,0,0,0,1,0,0,0.45048839437619337,0.09412053164272019,0.9140811455847255,1.0
0,0,0,0,0,0,0,0,0,0,1,0,0,0,0,1,0,0.4375261969132531,0.09501124504742361,0.9140811455847255,1.0
0,1,0,0,0,0,0,0,1,0,0,0,0,0,0,1,0,0.09712954264475622,0.30015260153441875,0.8353221957040573,1.0
0,0,1,0,0,0,0,0,0,0,1,0,0,0,0,1,0,0.24866245346709526,0.15558628225812365,0.8758949880668256,1.0
0,1,0,0,0,0,0,0,1,0,0,0,0,0,0,1,0,0.3659738950044919,0.11505093549753978,0.5560859188544152,1.0
0,1,1,0,0,0,0,0,0,0,1,0,0,0,0,1,0,0.1134864121745544,0.26259015885473025,0.8353221957040573,1.0
0,0,0,0,0,0,0,0,0,0,1,0,0,0,0,1,0,0.30106808549083675,0.11434349023170147,0.9140811455847255,1.0
0,0,0,0,0,0,0,0,0,0,1,0,0,0,0,1,0,0.26406541005605766,0.14841443725032247,0.8830548926014319,1.0
0,0,0,0,0,0,0,0,0,0,1,0,0,0,0,1,0,0.3148549265209684,0.13036472135393354,0.8758949880668256,1.0
0,0,0,0,0,0,0,0,0,0,1,0,0,0,0,1,0,0.2824709366506663,0.09101321315399287,0.7661097852028638,1.0
0,0,0,0,0,0,0,0,0,0,1,0,0,0,0,1,0,0.15311694624688732,0.22842016331976944,0.9140811455847255,0.5943204868154158
0,1,0,0,0,0,0,0,0,0,1,0,0,0,0,1,0,0.3111737894543927,0.09453048160776685,0.8830548926014319,1.0
0,0,0,0,0,0,0,0,0,0,1,0,0,0,0,1,0,0.38070919683435517,0.06932038965496516,0.928400954653938,1.0
0,1,0,0,0,0,0,0,1,0,0,0,0,0,0,1,0,0.13856455080877828,0.10505454831101671,0.9140811455847255,0.5943204868154158
0,1,0,0,0,0,0,0,0,0,1,0,0,0,0,1,0,0.27170160558895984,0.13953565342108828,0.928400954653938,1.0
0,0,0,0,0,0,0,0,0,0,1,0,0,0,1,0,0,0.46467872719762815,0.09158894703228686,0.8830548926014319,1.0
0,0,0,0,0,0,0,0,1,0,0,0,0,0,0,1,0,0.35854284918858204,0.10110984417798703,0.9140811455847255,1.0
0,1,0,0,0,0,0,0,1,0,0,0,0,0,0,1,0,0.30412562064269966,0.11284691382613335,0.5918854415274462,1.0
0,0,0,0,0,0,0,0,0,0,1,0,0,0,0,1,0,0.25375730991129447,0.13296617515737524,0.928400954653938,1.0
0,1,0,0,0,0,0,0,0,0,1,0,0,0,0,1,0,0.36665334692523627,0.1058624620919513,0.6420047732696896,1.0
0,0,0,0,0,0,0,0,0,0,1,0,0,0,1,0,0,0.39387607986246703,0.10225019344642926,0.8400954653937946,1.0
0,1,0,0,0,0,0,0,0,0,1,0,0,0,0,1,0,0.34553681236634753,0.1215950376505302,0.8544152744630071,1.0
0,1,0,0,0,0,0,0,0,0,1,0,0,0,0,1,0,0.22484469757461198,0.13514961898150546,0.8544152744630071,1.0
0,0,0,0,0,0,0,0,0,0,1,0,0,0,0,1,0,0.3640573780031411,0.09505074855865837,0.9045346062052504,1.0
0,1,0,0,0,0,0,0,0,0,1,0,0,0,0,1,0,0.18528986231455533,0.19732959667583247,0.9045346062052504,1.0
0,0,0,0,0,0,0,0,1,0,0,0,0,0,0,1,0,0.440609514262965,0.09281445368979863,0.7947494033412885,0.5943204868154158
0,0,1,0,0,0,0,0,0,0,1,0,0,0,0,1,0,0.2233648871323931,0.14345758452986984,0.9045346062052504,1.0
0,1,1,0,0,0,0,0,0,0,0,0,1,0,0,1,0,0.15600413540671731,0.2234783387780854,0.9785202863961813,1.0
0,0,0,0,0,0,0,0,0,1,0,0,0,0,0,1,0,0.3056154902320688,0.09974841579194628,0.9785202863961813,1.0
0,0,0,0,0,0,0,0,0,0,1,0,0,0,0,1,0,0.39576074069018224,0.10630816642823933,0.8114558472553699,0.797160243407708
0,0,1,0,0,0,0,0,0,0,1,0,0,0,0,1,0,0.2888086223740864,0.14237489247645618,0.7088305489260143,1.0
0,0,0,0,0,0,0,0,0,0,1,0,0,0,1,0,0,0.5722221519594358,0.0611667546615477,0.7947494033412885,1.0
0,1,1,0,0,1,0,0,0,0,1,0,0,0,0,1,0,0.1010411145154058,0.17259254146238695,0.8544152744630071,0.5943204868154158
1,0,1,0,0,0,0,0,0,0,1,0,0,0,0,1,0,0.14417749904859015,0.18401809040672126,0.9785202863961813,0.14807302231237324
0,1,0,0,0,0,0,0,0,0,1,0,0,0,0,1,0,0.21113464384028116,0.10163974072873265,0.8544152744630071,1.0
0,0,0,0,0,1,0,0,0,0,1,0,0,0,0,1,0,0.1503384262656428,0.24943161644644096,0.7947494033412885,0.14807302231237324
0,1,0,0,0,0,0,0,0,0,1,0,0,0,0,1,0,0.42692549629893456,0.08678865787638772,0.7947494033412885,1.0
0,1,0,0,0,1,0,0,1,0,0,0,0,0,0,1,0,0.2228829652824258,0.11551312131609494,0.9045346062052504,1.0
1,0,1,0,0,0,0,0,0,0,1,0,0,0,0,1,0,0.14007769752050184,0.2618325998700449,0.8400954653937946,0.09736308316430023
0,0,0,0,0,0,0,0,0,0,1,0,0,0,0,1,0,0.32873724039909097,0.05214007695006044,0.7875894988066825,1.0
1,0,1,0,0,0,0,0,0,0,1,0,0,0,0,1,0,0.08859595190114344,0.3548050769373323,0.7708830548926013,0.127789046653144
0,1,0,0,0,0,0,0,0,0,1,0,0,0,0,1,0,0.39151895580570256,0.08195265986384576,0.7875894988066825,1.0
0,0,0,0,0,0,0,0,0,0,1,0,0,0,0,1,0,0.3313847584076527,0.11124660509423531,0.7136038186157518,1.0
0,1,0,0,0,0,0,0,0,0,1,0,0,0,0,1,0,0.2515742309007237,0.1429684258091644,0.7136038186157518,1.0
0,0,0,0,0,0,0,0,0,0,1,0,0,0,0,1,0,0.43831676844006245,0.09658730903132758,0.8138424821002386,1.0
1,0,1,0,0,0,0,0,0,0,1,0,0,0,0,1,0,0.14132358031973213,0.1956407867186996,0.7112171837708829,0.15212981744421905
1,0,1,0,0,0,0,0,0,0,1,0,0,0,0,1,0,0.18462587303714367,0.16797780003958843,0.34128878281622904,0.16024340770791076
0,1,0,0,0,0,0,0,0,0,1,0,0,0,0,1,0,0.23479958890833463,0.13197917216128868,0.9069212410501193,0.5943204868154158
0,0,0,0,0,0,0,0,1,0,0,0,0,0,0,1,0,0.2460158319995085,0.16028753827233996,0.7804295942720763,1.0
0,0,0,0,0,0,0,0,0,0,1,0,0,0,0,1,0,0.4261063562952185,0.08507021455427058,0.7136038186157518,1.0
0,0,0,0,0,0,0,0,0,0,1,0,0,0,0,1,0,0.4346181761665112,0.0975008434476191,0.6992840095465394,1.0
0,0,0,0,0,0,0,0,0,0,1,0,0,0,0,1,0,0.392003207405395,0.10004013063520396,0.8186157517899761,1.0
0,1,1,0,0,0,0,0,0,0,1,0,0,0,0,1,0,0.13993091576664174,0.1785882799456995,0.9069212410501193,1.0
0,0,1,0,0,0,0,0,0,0,1,0,0,0,0,1,0,0.3498397826869633,0.09607857720672998,0.8042959427207637,1.0
0,0,0,0,0,0,0,0,0,0,1,0,0,0,0,1,0,0.514082544482852,0.08142534237057067,0.441527446300716,1.0
0,1,0,0,0,0,0,0,0,0,0,0,1,0,0,1,0,0.5900737269660086,0.07262204177740847,0.6420047732696896,1.0
0,1,0,0,0,0,0,0,0,0,1,0,0,0,0,1,0,0.42352271524000584,0.10000725617244408,0.441527446300716,1.0
0,0,0,0,0,0,0,0,0,0,1,0,0,0,0,1,0,0.4879413709291674,0.0771737260367053,0.6873508353221955,1.0
0,0,0,0,0,0,0,0,0,0,1,0,0,0,0,1,0,0.4112322031466303,0.08848782364729124,0.9069212410501193,0.5943204868154158
0,1,0,0,0,0,0,0,0,0,1,0,0,0,0,1,0,0.5171858085781644,0.0825892775114573,0.6873508353221955,1.0
0,0,0,0,0,0,0,0,0,0,1,0,0,0,0,1,0,0.2555078378976956,0.09273495636706391,0.7708830548926013,0.5943204868154158
0,1,0,0,0,0,0,0,0,0,1,0,0,0,0,1,0,0.28380523380680905,0.14620745554440384,0.9069212410501193,1.0
0,0,0,0,0,0,0,0,0,0,1,0,0,0,0,1,0,0.38898556274240903,0.10821724427171897,0.6992840095465394,1.0
0,0,0,0,0,0,0,0,0,0,1,0,0,0,1,0,0,0.4079259141869643,0.05832580582712483,0.6420047732696896,1.0
0,0,0,0,0,0,0,0,1,0,0,0,0,0,0,1,0,0.3098161357003842,0.07165461842481889,0.7350835322195703,1.0
0,1,0,0,0,0,0,0,0,0,1,0,0,0,0,1,0,0.2138255632145043,0.1854309162315531,0.49642004773269693,1.0
0,0,0,0,0,0,0,0,1,0,0,0,0,0,0,1,0,0.13467844353560557,0.11473795355329575,0.9140811455847255,1.0
0,1,0,1,0,1,0,0,0,0,1,0,0,0,0,1,0,0.04420505840776471,0.5835673764050778,0.7470167064439142,1.0
0,0,0,1,0,1,0,0,0,0,1,0,0,0,0,1,0,0.10031526897488714,0.2668575338997922,0.9140811455847255,0.797160243407708
0,1,0,0,0,0,0,0,0,0,1,0,0,0,0,1,0,0.3076393822196484,0.13477051541268723,0.9140811455847255,1.0
0,1,0,0,0,0,0,0,0,0,1,0,0,0,0,1,0,0.3852060579867358,0.09648114093682292,0.935560859188544,1.0
0,0,0,0,0,1,0,0,0,0,1,0,0,0,0,1,0,0.3223017691686378,0.12492243330514552,0.8019093078758948,1.0
0,0,1,0,0,0,0,0,0,0,1,0,0,0,0,1,0,0.4659905970535682,0.08940359910540782,0.5131264916467779,1.0
1,0,1,0,0,0,0,0,0,0,1,0,0,0,0,1,0,0.12261109334901181,0.3005217773476011,0.8019093078758948,0.14604462474645033
0,0,0,0,0,1,0,0,0,0,1,0,0,0,0,1,0,0.15251779065229662,0.2541394924080067,0.7470167064439142,1.0
0,0,0,0,0,0,0,0,0,0,1,0,0,0,0,1,0,0.332949851114852,0.12445485879023156,0.935560859188544,1.0
0,0,0,0,0,0,0,0,0,0,1,0,0,0,0,1,0,0.12232345109133368,0.3014649000710435,0.7708830548926013,1.0
0,0,0,0,0,1,0,0,0,0,1,0,0,0,0,1,0,0.1656157810162602,0.142606910302599,0.7470167064439142,1.0
0,0,0,0,0,0,0,0,1,0,0,0,0,0,0,1,0,0.30541053238274,0.05142553411719131,0.6181384248210025,1.0
0,1,0,0,0,0,0,0,0,0,1,0,0,0,0,1,0,0.3455864880056737,0.11523234534604918,0.8019093078758948,1.0
0,1,0,0,0,0,0,0,0,0,1,0,0,0,0,1,0,0.1875759591883881,0.20795260908276586,0.9140811455847255,1.0
0,0,0,0,0,0,0,0,0,0,1,0,0,0,0,1,0,0.17194415348724934,0.2228273599674173,0.737470167064439,0.10953346855983774
0,0,0,0,0,0,0,0,0,0,1,0,0,0,0,1,0,0.43845629257355445,0.09684523841696743,0.7470167064439142,1.0
0,0,0,0,0,0,0,0,0,0,1,0,0,0,0,1,0,0.17956423341729477,0.09465536337151184,0.7470167064439142,0.3914807302231238
0,0,0,0,0,0,0,0,0,0,1,0,0,0,0,1,0,0.17413921963889267,0.18277172378853074,0.7470167064439142,1.0
1,0,1,0,0,0,0,0,0,0,1,0,0,0,0,1,0,0.1015567898767093,0.2838706272627528,0.9140811455847255,0.15618661257606492
0,1,0,0,0,0,0,0,1,0,0,0,0,0,0,1,0,0.507612938980998,0.08100628204235273,0.737470167064439,1.0
0,0,1,0,0,1,0,0,0,0,1,0,0,0,0,1,0,0.12108754696644018,0.271665059570912,0.9140811455847255,0.797160243407708
0,0,0,0,0,0,0,0,0,0,1,0,0,0,0,1,0,0.4196156595621447,0.0973046272066816,0.8878281622911692,1.0
0,0,0,0,0,0,0,0,0,0,1,0,0,0,0,1,0,0.12022185801851466,0.30429645906149805,0.9069212410501193,0.15010141987829617
0,0,0,0,0,0,0,0,0,0,1,0,0,0,0,1,0,0.4768787649122514,0.08745942044041106,0.7804295942720763,1.0
0,0,1,0,0,0,0,0,0,0,1,0,0,0,0,1,0,0.3202739766005397,0.12970489263156462,0.8878281622911692,1.0
0,0,0,0,0,0,0,0,0,0,1,0,0,0,0,1,0,0.39801269474985196,0.10556390576659296,0.8830548926014319,1.0
0,0,1,0,0,0,0,0,0,0,0,0,1,0,0,1,0,0.17631525327362352,0.15710272188155938,0.324582338902148,1.0
0,1,0,0,0,0,0,0,0,0,1,0,0,0,0,1,0,0.2991462549481561,0.12921629339820526,0.8520286396181382,1.0
0,0,0,0,0,0,0,0,0,0,1,0,0,0,0,1,0,0.4199560833122095,0.09301821042344349,0.7159904534606205,1.0
0,0,0,0,0,0,0,0,0,0,1,0,0,0,0,1,0,0.3326373975156084,0.1173530511571074,0.8878281622911692,1.0
0,0,0,0,0,0,0,0,0,0,1,0,0,0,0,1,0,0.4834223015881593,0.08601156245914561,0.47016706443914075,1.0
0,1,0,0,0,0,0,0,0,0,1,0,0,0,0,1,0,0.3047799288601089,0.13525434483798698,0.7804295942720763,1.0
0,1,0,0,0,0,0,0,0,0,1,0,0,0,0,1,0,0.13108228497803812,0.019368638323400585,0.9069212410501193,1.0
0,0,0,0,0,0,0,0,0,0,1,0,0,0,0,1,0,0.3026926666345641,0.11448166950747833,0.9069212410501193,1.0
0,0,1,0,0,0,0,0,0,0,1,0,0,0,0,1,0,0.35583848681868235,0.09351203751900362,0.7159904534606205,1.0
0,1,0,0,0,0,0,0,0,0,0,1,0,0,0,1,0,0.21827538894696646,0.1811634688501352,0.8830548926014319,1.0
0,0,0,0,0,0,0,0,0,0,1,0,0,0,1,0,0,0.38074539900784415,0.09109008281844744,0.8424821002386635,1.0
0,1,1,0,0,0,0,0,1,0,0,0,0,0,0,1,0,0.3180653291884836,0.09962946738389726,0.8424821002386635,1.0
0,0,0,0,0,0,0,0,0,0,1,0,0,0,0,1,0,0.2783460373847335,0.08180292743973304,0.8591885441527445,1.0
0,0,0,0,0,0,0,0,0,0,1,0,0,0,1,0,0,0.3496466366006046,0.10744910345857459,0.8830548926014319,1.0
1,0,1,0,0,0,0,0,0,0,1,0,0,0,0,1,0,0.16367739679912935,0.1374217799674673,0.5966587112171837,0.15010141987829617
0,0,1,0,0,0,0,0,0,0,1,0,0,0,0,1,0,0.284188788190357,0.08391488482140622,0.8878281622911692,1.0
0,0,0,0,0,0,0,0,0,0,1,0,0,0,0,1,0,0.288816486113729,0.09305079637322819,0.8424821002386635,0.5943204868154158
1,0,1,0,0,0,0,0,0,0,1,0,0,0,0,1,0,0.10592009218028406,0.28553890209606747,0.324582338902148,0.14807302231237324
0,1,0,0,0,0,0,0,0,0,0,1,0,0,0,1,0,0.03673371083282648,0.6318262775530953,0.7422434367541766,1.0
0,0,0,0,0,0,0,0,0,0,1,0,0,0,0,1,0,0.46140576866251926,0.08907843381078595,0.4295942720763723,1.0
0,0,1,0,0,1,0,0,0,0,1,0,0,0,0,1,0,0.26987891357525456,0.10664288800045624,0.8878281622911692,1.0
0,0,0,0,0,0,0,0,0,0,1,0,0,0,1,0,0,0.5307789219388155,0.08013862551752812,0.8138424821002386,1.0
0,1,0,0,0,0,0,0,0,0,0,0,1,0,0,1,0,0.32241150991487494,0.12869131908923626,0.7804295942720763,1.0
0,0,0,0,0,0,0,0,0,0,1,0,0,0,0,1,0,0.2655002964637424,0.1264200356658133,0.7804295942720763,1.0
0,0,1,0,0,0,0,0,0,0,1,0,0,0,0,1,0,0.4115429502971008,0.08071007554342369,0.9069212410501193,1.0
0,1,0,0,0,0,0,0,0,0,1,0,0,0,0,1,0,0.4728321775901109,0.08998932284772569,0.9069212410501193,1.0
0,0,0,0,0,0,0,0,0,0,1,0,0,0,0,1,0,0.3777170803216433,0.07869194709551632,0.8830548926014319,1.0
0,0,0,0,0,0,0,0,0,0,1,0,0,0,0,1,0,0.46562572081731424,0.06183132141297967,0.5226730310262531,0.3914807302231238
0,1,0,0,0,0,0,0,1,0,0,0,0,0,0,1,0,0.27041522607502533,0.15265856267539413,0.25298329355608595,1.0
0,0,0,0,0,0,0,0,0,0,1,0,0,0,0,1,0,0.32804170202206256,0.11932625986264751,0.8615751789976134,1.0
0,0,0,0,0,0,0,0,0,0,1,0,0,0,0,1,0,0.3053508835998177,0.1365992343480162,0.7255369928400954,1.0
0,0,0,0,0,0,0,0,0,0,1,0,0,0,0,1,0,0.28807245901406087,0.14368906091934436,0.9045346062052504,1.0
0,1,0,0,0,0,0,0,0,0,0,0,1,0,0,1,0,0.4382061715872252,0.0969495168401639,0.7255369928400954,1.0
0,0,0,0,0,0,0,0,0,0,1,0,0,0,0,1,0,0.5356976605050433,0.07982345384471233,0.6443914081145585,1.0
0,0,0,0,0,0,0,0,0,0,1,0,0,0,0,1,0,0.31767066340419037,0.13164198096373905,0.8615751789976134,1.0
0,1,0,0,0,0,0,0,0,0,1,0,0,0,0,1,0,0.41295385626443026,0.10063453711581798,0.7947494033412885,1.0
0,0,0,0,0,0,0,0,0,0,1,0,0,0,0,1,0,0.1014950301584586,0.3492605531086506,0.9045346062052504,1.0
0,0,0,0,0,0,0,0,0,0,1,0,0,0,0,1,0,0.18490130840610705,0.03008779182804557,0.7875894988066825,0.5943204868154158
0,0,1,0,0,0,0,0,0,0,1,0,0,0,0,1,0,0.40628568953080973,0.10230122269474645,0.7255369928400954,1.0
0,1,0,0,0,0,0,0,0,0,1,0,0,0,0,1,0,0.26315624604653703,0.1508884291977877,0.8615751789976134,1.0
0,0,0,0,0,0,0,0,0,0,1,0,0,0,0,1,0,0.24256831730233958,0.12912818896450223,0.7875894988066825,1.0
0,1,0,0,0,1,0,0,1,0,0,0,0,0,0,1,0,0.18182593265925237,0.21861165489254186,0.7875894988066825,1.0
0,1,0,0,0,0,0,0,1,0,0,0,0,0,0,1,0,0.2967148108620736,0.1375273149664209,0.8400954653937946,1.0
0,0,0,0,0,0,0,0,0,0,1,0,0,0,0,1,0,0.27896847178623785,0.10093860347414775,0.6443914081145585,1.0
0,0,0,0,0,0,0,0,0,0,1,0,0,0,0,1,0,0.49763540105890686,0.0806247293678569,0.19093078758949883,1.0
0,0,0,0,0,0,0,0,0,0,1,0,0,0,0,1,0,0.3813030965450583,0.06651782173744952,0.6443914081145585,1.0
0,1,0,0,0,0,0,0,0,0,1,0,0,0,0,1,0,0.28603572763532353,0.07986620966106397,0.7589498806682577,0.797160243407708
0,1,0,0,0,0,0,0,1,0,0,0,0,0,0,1,0,0.39299631742414814,0.07573292971415242,0.8400954653937946,1.0
0,0,0,0,0,0,0,0,0,0,1,0,0,0,0,1,0,0.4826075736157197,0.08575751408935134,0.7947494033412885,1.0
0,1,0,0,0,0,0,0,0,0,1,0,0,0,0,1,0,0.1937632653421271,0.19208614292897458,0.8162291169451072,1.0
0,1,0,0,0,0,0,0,0,0,0,0,1,0,0,1,0,0.25211161256233017,0.11932074940140014,0.8162291169451072,1.0
0,1,0,0,0,0,0,0,0,0,1,0,0,0,0,1,0,0.3068053769074742,0.13124728541972985,0.7947494033412885,1.0
0,0,0,0,0,0,0,0,0,0,1,0,0,0,0,1,0,0.16586074724253735,0.16204500777233222,0.19093078758949883,0.14807302231237324
0,0,0,0,0,1,0,0,1,0,0,0,0,0,0,1,0,0.32406743789570785,0.1291222095640935,0.8878281622911692,0.797160243407708
0,0,0,0,0,0,0,0,0,0,1,0,0,0,0,1,0,0.16978118278902732,0.13015697885856603,0.6992840095465394,0.127789046653144
1,0,1,0,0,0,0,0,0,0,1,0,0,0,0,1,0,0.09897597383905712,0.3572721633173406,0.7780429594272076,0.15618661257606492
0,0,1,0,0,0,0,0,0,0,1,0,0,0,0,1,0,0.3209358657637106,0.12977007460506584,0.7899761336515512,1.0
0,0,0,0,0,0,0,0,0,0,1,0,0,0,0,1,0,0.2813120920683993,0.134571405208179,0.7899761336515512,1.0
0,0,0,0,0,0,0,0,0,0,1,0,0,0,0,1,0,0.4451139899934816,0.06173361002192556,0.8186157517899761,1.0
0,1,0,0,0,0,0,0,1,0,0,0,0,0,0,1,0,0.26518064814446984,0.15497060321518388,0.7780429594272076,1.0
0,0,0,0,0,0,0,0,0,0,1,0,0,0,0,1,0,0.4480307340350515,0.08346958862674493,0.8186157517899761,1.0
0,1,0,0,0,0,0,0,1,0,0,0,0,0,0,1,0,0.2600633988094465,0.1556553001909848,0.532219570405728,1.0
1,0,1,0,0,0,0,0,0,0,1,0,0,0,0,1,0,0.1765027571405484,0.15507275581340016,0.47016706443914075,0.15415821501014199
0,0,0,0,0,0,0,0,0,0,1,0,0,0,0,1,0,0.40720556727410473,0.10403956520006898,0.7875894988066825,1.0
0,1,0,0,0,0,0,0,0,0,1,0,0,0,0,1,0,0.2406495039235495,0.1701212078169963,0.8186157517899761,1.0
0,0,0,0,0,0,0,0,0,0,1,0,0,0,0,1,0,0.2022517648505253,0.1858768008077388,0.7875894988066825,0.1257606490872211
0,0,0,0,0,0,0,0,0,0,1,0,0,0,0,1,0,0.288902973786064,0.12203253746878844,0.8878281622911692,0.797160243407708
0,1,0,0,0,0,0,0,1,0,0,0,0,0,0,1,0,0.15018631078436898,0.16388329839130117,0.5990453460620524,1.0
0,0,0,0,0,0,0,0,0,0,1,0,0,0,0,1,0,0.19474056764217643,0.14405643436309806,0.34128878281622904,0.16024340770791076
0,0,0,0,0,0,0,0,0,0,1,0,0,0,1,0,0,0.3771816715475213,0.09273069756085693,0.8186157517899761,1.0
0,0,0,0,0,1,0,0,0,0,0,0,1,0,0,1,0,0.24234550475386452,0.12644241912385915,0.9188544152744629,1.0
0,0,0,0,0,0,0,0,0,0,1,0,0,0,0,1,0,0.23016803080352063,0.17503992296541507,0.8186157517899761,1.0
0,0,0,0,0,0,0,0,0,0,1,0,0,0,0,1,0,0.2274963720733775,0.16475619345686035,0.9188544152744629,0.3914807302231238
0,1,0,1,0,1,0,0,0,0,0,0,1,0,0,1,0,0.06635208541919224,0.4473920187972124,0.7780429594272076,1.0
0,0,0,0,0,1,0,0,0,0,1,0,0,0,0,1,0,0.2084058519808984,0.18463722845953395,0.9188544152744629,0.3914807302231238
1,0,1,0,0,1,0,0,0,0,1,0,0,0,0,1,0,0.13225827986593253,0.2619519741470935,0.7780429594272076,0.15618661257606492
0,0,0,0,0,0,0,0,0,0,1,0,0,0,1,0,0,0.4520676844917381,0.09080440276523478,0.8186157517899761,1.0
0,1,0,0,0,0,0,0,0,0,1,0,0,0,0,1,0,0.3134216205253687,0.12914183144792313,0.8186157517899761,1.0
1,0,1,0,0,0,0,0,0,0,1,0,0,0,0,1,0,0.1584779058487296,0.24468297510448764,0.47016706443914075,0.15415821501014199
0,0,0,0,0,0,0,0,1,0,0,0,0,0,0,1,0,0.37811815742745675,0.10202129941190499,0.5823389021479712,0.5943204868154158
0,0,0,0,0,0,0,0,0,0,1,0,0,0,0,1,0,0.22877949198493344,0.16214482818594722,0.7899761336515512,1.0
0,0,1,0,0,0,0,0,0,0,1,0,0,0,0,1,0,0.24672909266809273,0.1620678690086832,0.9188544152744629,1.0
0,1,0,0,0,0,0,0,0,0,1,0,0,0,0,1,0,0.24223867180922415,0.14464827709198677,0.9188544152744629,0.3914807302231238
0,1,0,0,0,0,0,0,1,0,0,0,0,0,0,1,0,0.2674274901548795,0.11423738033412636,0.7780429594272076,0.797160243407708
0,1,0,0,0,0,0,0,1,0,0,0,0,0,0,1,0,0.2483132300300921,0.07216245042191258,0.7159904534606205,1.0
1,0,1,0,0,0,0,0,0,0,1,0,0,0,0,1,0,0.1411396354852224,0.2531646021983101,0.2673031026252984,0.15415821501014199
0,1,1,0,0,0,0,0,1,0,0,0,0,0,0,1,0,0.16816172007300884,0.23369456031564997,0.7159904534606205,1.0
0,0,0,0,0,0,0,0,0,0,1,0,0,0,1,0,0,0.37331473163799656,0.11216118695714072,0.9785202863961813,1.0
0,1,1,0,0,0,0,0,1,0,0,0,0,0,0,1,0,0.1824206201704264,0.20528762652324017,0.7780429594272076,1.0
0,1,0,0,0,0,0,0,0,0,1,0,0,0,0,1,0,0.16970346341496717,0.2318700246633057,0.8114558472553699,1.0
0,1,0,0,0,0,0,0,1,0,0,0,0,0,0,1,0,0.3201884761245104,0.10480369499904656,0.7159904534606205,0.797160243407708
0,1,0,0,0,0,0,0,0,0,0,0,1,0,0,1,0,0.11340242041270647,0.2935306921319628,0.8591885441527445,1.0
1,0,1,0,0,0,0,0,0,0,1,0,0,0,0,1,0,0.137814085543848,0.2700324664189481,0.2673031026252984,0.15415821501014199
0,1,0,0,0,0,0,0,0,0,1,0,0,0,0,1,0,0.29362237980600503,0.10412076715724536,0.7780429594272076,1.0
0,0,0,0,0,0,0,0,0,0,1,0,0,0,0,1,0,0.32718424653433603,0.08590265191645514,0.8186157517899761,1.0
0,0,0,0,0,0,0,0,0,0,1,0,0,0,0,1,0,0.44518920912445464,0.08729294634101294,0.9785202863961813,1.0
0,1,0,0,0,0,0,0,1,0,0,0,0,0,0,1,0,0.13540482264007306,0.2672242339940171,0.8424821002386635,1.0
1,0,1,0,0,0,0,0,0,0,1,0,0,0,0,1,0,0.08961065390158104,0.3817884149474816,0.7159904534606205,0.08924949290060853
0,0,0,0,0,0,0,0,0,0,1,0,0,0,0,1,0,0.31347616437628817,0.13313110800942785,0.9785202863961813,1.0
0,0,0,0,0,0,0,0,0,0,1,0,0,0,0,1,0,0.6230690922275116,0.06815367136168422,0.935560859188544,1.0
0,0,0,0,0,0,0,0,0,0,0,0,1,0,0,1,0,0.21901217876022855,0.1463770597074419,0.8830548926014319,1.0
0,1,0,0,0,0,0,0,0,0,1,0,0,0,0,1,0,0.3704540652086718,0.1129154785105153,0.9188544152744629,0.797160243407708
0,0,0,0,0,0,0,0,1,0,0,0,0,0,0,1,0,0.4147380456204621,0.09841732136912576,0.5990453460620524,1.0
0,0,0,0,0,0,0,0,0,0,1,0,0,0,0,1,0,0.37015349861721114,0.11394362062097169,1.0,1.0
0,1,0,0,0,0,0,0,1,0,0,0,0,0,0,1,0,0.15944794476064206,0.21921626989340146,1.0,1.0
0,0,0,0,0,1,0,0,0,0,1,0,0,0,0,1,0,0.22494435455180145,0.12946891338917085,0.935560859188544,1.0
0,0,1,0,0,0,0,0,0,0,1,0,0,0,0,1,0,0.31956080344377225,0.07904581959729041,0.8878281622911692,1.0
0,0,1,0,0,0,0,0,0,0,1,0,0,0,0,1,0,0.22139083467880993,0.11341257164485966,1.0,1.0
0,0,0,0,0,0,0,0,0,0,1,0,0,0,0,1,0,0.2781830909669795,0.1451737105082856,0.7470167064439142,1.0
0,0,0,0,0,0,0,0,0,0,1,0,0,0,0,1,0,0.37944002339871097,0.11046317032884999,0.9069212410501193,1.0
0,0,0,0,0,0,0,0,0,0,1,0,0,0,0,1,0,0.34022499397646144,0.06134035081463107,,1.0
0,1,0,0,0,0,0,0,0,0,1,0,0,0,0,1,0,0.25299147085762685,0.153425340748077,0.8830548926014319,1.0
0,0,0,0,0,0,0,0,0,0,1,0,0,0,0,1,0,0.29839250973574544,0.11625530577348998,0.8830548926014319,1.0
0,0,0,0,0,0,0,0,0,0,1,0,0,0,0,1,0,0.2459975175580842,0.15856453624213915,0.9069212410501193,0.5943204868154158
0,0,0,0,0,0,0,0,0,0,1,0,0,0,0,1,0,0.22729912295656962,0.154799741692627,1.0,0.797160243407708
1,0,1,0,0,0,0,0,0,0,1,0,0,0,0,1,0,0.15589911379496585,0.21273555272224037,0.5393794749403342,0.16024340770791076
0,1,0,0,0,0,0,0,0,0,1,0,0,0,0,1,0,0.2605538292299506,0.09821641685295072,0.7923627684964201,1.0
0,1,0,0,0,0,0,0,0,0,1,0,0,0,0,1,0,0.09294215193306074,0.3715391024529834,0.8878281622911692,1.0
0,1,1,0,0,1,0,0,0,0,1,0,0,0,0,1,0,0.4360493958486674,0.09721751875806714,0.6515513126491648,1.0
0,1,0,0,0,0,0,0,0,0,1,0,0,0,0,1,0,0.2839930772758907,0.14331763792216598,0.9188544152744629,1.0
1,0,1,0,0,1,0,0,0,0,1,0,0,0,0,1,0,0.11318752326406163,0.3135748890338105,0.5966587112171837,0.15010141987829617
0,0,0,0,0,0,0,0,0,0,1,0,0,0,0,1,0,0.32169223375282757,0.10503617315292128,0.7470167064439142,1.0
0,0,0,0,0,0,0,0,0,0,1,0,0,0,1,0,0,0.435519845529427,0.09519832700125994,0.8138424821002386,1.0
0,0,0,0,0,1,0,0,1,0,0,0,0,0,0,1,0,0.21673286128543415,0.18018675371535753,0.9069212410501193,1.0
0,0,0,0,0,0,0,0,0,0,1,0,0,0,1,0,0,0.5436461731231136,0.07632445776128205,0.7923627684964201,1.0
0,0,0,0,0,0,0,0,0,0,1,0,0,0,0,1,0,0.341144870506053,0.06264366262400355,0.7708830548926013,1.0
0,0,1,0,0,0,0,0,0,0,1,0,0,0,0,1,0,0.19820705275056394,0.20192306102042257,0.3150357995226731,1.0
0,0,0,0,0,0,0,0,0,0,1,0,0,0,0,1,0,0.26165734929588647,0.1571031768292562,0.7470167064439142,1.0
1,0,1,0,0,0,0,0,0,0,1,0,0,0,0,1,0,0.10566197701106435,0.24050002135960616,0.8520286396181382,0.12170385395537527
0,0,0,0,0,0,0,0,0,0,1,0,0,0,0,1,0,0.2855035130072682,0.06412879415687596,0.9069212410501193,1.0
0,0,0,0,0,0,0,0,0,0,1,0,0,0,0,1,0,0.4366866777910877,0.09055306347414531,0.8544152744630071,1.0
0,0,0,0,0,1,0,0,0,0,1,0,0,0,0,1,0,0.13818978005056248,0.2428605151127462,0.8830548926014319,1.0
0,0,0,0,0,0,0,0,0,0,1,0,0,0,0,1,0,0.3377895738321026,0.0994938629577087,1.0,1.0
0,1,0,0,0,0,0,0,1,0,0,0,0,0,0,1,0,0.28929578897497127,0.10209752076503345,0.7708830548926013,1.0
0,0,0,0,0,0,0,0,0,0,1,0,0,0,0,1,0,0.33486648682905273,0.09899614068624073,0.7708830548926013,1.0
0,0,0,0,0,0,0,0,0,0,1,0,0,0,1,0,0,0.4512902273350153,0.07773810380247803,0.935560859188544,1.0
0,0,0,0,0,0,0,0,0,0,1,0,0,0,0,1,0,0.29497791973745896,0.08375332401601407,0.7136038186157518,1.0
0,0,0,0,0,0,0,0,0,0,1,0,0,0,0,1,0,0.3544610930749276,0.10092508046616379,0.7470167064439142,1.0
0,1,0,0,0,0,0,0,0,0,1,0,0,0,0,1,0,0.3911752268993661,0.10786783853701602,0.8878281622911692,1.0
0,1,0,0,0,1,0,0,0,0,1,0,0,0,0,1,0,0.1692364557938739,0.2269768963841993,0.8186157517899761,1.0
0,0,0,0,0,0,0,0,0,0,1,0,0,0,0,1,0,0.4067925785225506,0.10387538725786905,0.8186157517899761,1.0
0,1,1,1,0,1,0,0,0,0,1,0,0,0,0,1,0,0.11352372412174079,0.2654555657058485,0.8830548926014319,1.0
0,1,0,0,0,0,0,0,0,0,1,0,0,0,0,1,0,0.2055022543127188,0.1526891053261299,0.8830548926014319,1.0
0,0,0,0,0,0,0,0,1,0,0,0,0,0,0,1,0,0.1964668014190586,0.1502645683147761,0.8830548926014319,0.797160243407708
0,0,0,0,0,1,0,0,0,0,1,0,0,0,0,1,0,0.3545354163389846,0.11736333667212603,1.0,1.0
1,0,1,0,0,0,0,0,0,0,1,0,0,0,0,1,0,0.16154149920998148,0.24076410163951886,0.5990453460620524,0.127789046653144
0,0,0,0,0,0,0,0,0,0,1,0,0,0,0,1,0,0.36791821713819045,0.08048158902179876,0.8186157517899761,1.0
0,1,0,0,0,0,0,0,1,0,0,0,0,0,0,1,0,0.3911664095054449,0.10631599977669222,0.34367541766109794,1.0
0,0,0,0,0,0,0,0,0,0,1,0,0,0,0,1,0,0.5444145424490723,0.07654131284198627,0.7398568019093079,1.0
0,0,0,0,0,0,0,0,0,0,1,0,0,0,0,1,0,0.28794630482820327,0.137798457259313,0.7470167064439142,0.3914807302231238
0,1,0,0,0,0,0,0,0,0,1,0,0,0,0,1,0,0.20226827628318328,0.19295746146597306,0.8830548926014319,1.0
0,0,0,0,0,0,0,0,0,0,1,0,0,0,0,1,0,0.15928321472824314,0.22981620924270962,0.34367541766109794,0.13793103448275862
0,0,0,0,0,0,0,0,0,0,1,0,0,0,0,1,0,0.24754967091327612,0.1653920132650762,1.0,1.0
0,1,0,0,0,0,0,0,1,0,0,0,0,0,0,1,0,0.09666850348347786,0.35773024133722436,0.5990453460620524,0.3914807302231238
0,0,0,0,0,0,0,0,0,0,1,0,0,0,0,1,0,0.5028787180830516,0.01595959287132235,0.7804295942720763,1.0
0,1,1,0,0,0,0,0,1,0,0,0,0,0,0,1,0,0.14033230295694604,0.2721959768738845,0.8830548926014319,1.0
0,0,1,0,0,0,0,0,1,0,0,0,0,0,0,1,0,0.24498823060288216,0.12962683562214683,0.7804295942720763,1.0
0,0,0,0,0,0,0,0,0,0,1,0,0,0,0,1,0,0.3436240513981818,0.09989737531066896,0.7804295942720763,1.0
0,0,0,0,0,0,0,0,0,0,1,0,0,0,0,1,0,0.24474909714707155,0.11741444901170271,0.8782816229116945,1.0
0,1,0,0,0,1,0,0,1,0,0,0,0,0,0,1,0,0.25243352175601974,0.1623324373592055,0.34128878281622904,1.0
0,0,0,0,0,0,0,0,0,0,1,0,0,0,0,1,0,0.4378109619405458,0.09234803631275768,0.7398568019093079,0.5943204868154158
0,1,0,0,0,0,0,0,0,0,1,0,0,0,0,1,0,0.234770879295109,0.1701142149009307,,1.0
0,0,0,0,0,0,0,0,0,0,1,0,0,0,0,1,0,0.4222797562586879,0.0992070706141321,0.675417661097852,1.0
0,0,0,0,0,1,0,0,0,0,1,0,0,0,1,0,0,0.4066482198252571,0.0915032450796949,,1.0
0,0,0,0,0,1,0,0,0,0,1,0,0,0,0,0,1,0.17256392367885756,0.22876211755321757,0.7875894988066825,1.0
0,0,0,0,0,0,0,0,0,0,1,0,0,0,0,1,0,0.23255020940605248,0.12595697825770813,0.7875894988066825,1.0
0,1,0,0,0,0,0,0,0,0,1,0,0,0,0,1,0,0.31460500188847623,0.11129658102080098,0.532219570405728,1.0
0,1,0,0,0,0,0,0,0,0,0,0,1,0,0,1,0,0.1616770226530364,0.1776056581169903,0.7971360381861574,1.0
0,0,0,0,0,0,0,0,0,0,1,0,0,0,0,1,0,0.3469614369759336,0.11875164900352411,0.5823389021479712,1.0
0,1,0,0,0,0,0,0,1,0,0,0,0,0,0,1,0,0.2218758021452877,0.08740784255421895,0.60381861575179,1.0
0,0,1,0,0,0,0,0,1,0,0,0,0,0,0,1,0,0.3503793938225435,0.08737051364727975,0.7971360381861574,1.0
0,0,0,0,0,0,0,0,0,0,1,0,0,0,0,1,0,0.27990573014743,0.14637630514397032,0.7780429594272076,1.0
0,1,0,1,0,1,0,0,1,0,0,0,0,0,0,1,0,0.054804804812311904,0.5227340592636338,0.7875894988066825,1.0
0,0,0,0,0,0,0,0,0,0,1,0,0,0,0,1,0,0.39154244800171445,0.08596636542101814,0.7780429594272076,1.0
0,0,0,0,0,0,0,0,0,0,1,0,0,0,0,1,0,0.19780283358992556,0.18299570329008344,0.8042959427207637,0.16024340770791076
0,0,0,0,0,0,0,0,0,0,1,0,0,0,0,1,0,0.4602419666446537,0.08659948723866201,0.9188544152744629,1.0
0,0,0,0,0,1,0,0,0,0,1,0,0,0,0,1,0,0.25230838104490605,0.14908596214033107,0.8424821002386635,0.797160243407708
0,0,0,0,0,0,0,0,0,0,1,0,0,0,0,1,0,0.22591880441821932,0.12057986316950615,0.5178997613365155,1.0
1,0,1,0,0,0,0,0,0,0,1,0,0,0,0,1,0,0.10038806037119108,0.29245663274551476,0.8042959427207637,0.16024340770791076
0,0,0,0,0,0,0,0,0,0,1,0,0,0,0,1,0,0.34075572468450255,0.12026877338957166,0.532219570405728,1.0
0,1,0,1,0,0,1,0,0,0,0,0,0,0,0,1,0,0.04377529028730824,0.6156772437601975,0.47016706443914075,0.5943204868154158
0,0,0,0,0,0,0,0,0,0,1,0,0,0,0,1,0,0.4012458809164718,0.09987247387922009,0.7971360381861574,1.0
0,0,0,0,0,0,0,0,0,0,1,0,0,0,0,1,0,0.16088272262051936,0.04523411733636722,0.7159904534606205,0.5943204868154158
0,0,0,0,0,0,0,0,0,0,1,0,0,0,0,1,0,0.4439582168587632,0.07674307402127217,0.5823389021479712,1.0
1,0,1,0,0,0,0,0,0,0,1,0,0,0,0,1,0,0.18438005434401888,0.21510986417918823,0.7780429594272076,0.15618661257606492
0,0,0,0,0,0,0,0,0,0,1,0,0,0,0,1,0,0.4386562899042661,0.08722675309493566,0.7159904534606205,0.5943204868154158
0,1,0,0,0,0,0,0,1,0,0,0,0,0,0,1,0,0.2183420005424506,0.1821096266522726,0.532219570405728,1.0
1,0,1,0,0,0,0,0,0,0,1,0,0,0,0,1,0,0.19918075490915216,0.1967520816239571,0.7780429594272076,0.15618661257606492
0,1,0,0,0,0,0,0,0,0,1,0,0,0,0,1,0,0.3148549265209684,0.11468207922112958,0.7780429594272076,1.0
0,1,0,0,0,0,0,0,1,0,0,0,0,0,0,1,0,0.23525849341775504,0.13556747654546952,0.7780429594272076,1.0
1,0,1,0,0,0,0,0,0,0,1,0,0,0,0,1,0,0.15379907948166024,0.24094611061362864,0.47016706443914075,0.15415821501014199
0,0,0,0,0,0,0,0,1,0,0,0,0,0,0,1,0,0.3494599404218232,0.11479771281844925,0.7613365155131264,1.0
0,1,0,0,0,0,0,0,0,0,1,0,0,0,0,1,0,0.2439934564405542,0.14462432223821234,0.7684964200477327,1.0
0,0,0,0,0,0,0,0,0,0,1,0,0,0,0,1,0,0.3558803411160884,0.11792736290574482,0.9069212410501193,1.0
0,1,0,0,0,0,0,0,1,0,0,0,0,0,0,1,0,0.2955053954959224,0.11637253155633823,0.3102625298329356,1.0
0,0,1,0,0,0,0,0,0,0,1,0,0,0,0,1,0,0.42570569387567103,0.07217650834962396,0.7708830548926013,1.0
0,0,0,0,0,0,0,0,0,0,1,0,0,0,0,1,0,0.18683656951300523,0.2079850793382728,0.7684964200477327,0.1257606490872211
0,0,0,0,0,0,0,0,0,0,1,0,0,0,0,1,0,0.44335710272075546,0.07056722989736332,0.7494033412887828,1.0
0,0,1,0,0,0,0,0,0,0,1,0,0,0,0,1,0,0.27429432700310147,0.14451017007006195,0.8210023866348448,1.0
0,0,0,0,0,0,0,0,1,0,0,0,0,0,0,1,0,0.2914862268602399,0.11457201475729689,0.5823389021479712,1.0
0,0,0,0,0,0,0,0,0,0,1,0,0,0,1,0,0,0.49086557710508577,0.08095895628248899,0.7708830548926013,1.0
0,0,0,0,0,0,0,0,0,0,1,0,0,0,0,1,0,0.20931382023192321,0.04823147319771288,0.7279236276849643,1.0
0,0,0,0,0,0,0,0,0,0,1,0,0,0,0,1,0,0.2992032829978718,0.1117487831190245,0.7684964200477327,0.797160243407708
0,0,0,0,0,1,0,0,0,1,0,0,0,0,0,1,0,0.27105914086859256,0.14388314813405712,0.7494033412887828,1.0
1,0,1,0,0,0,0,0,0,0,1,0,0,0,0,1,0,0.154202789023013,0.24337564352863494,0.8591885441527445,0.17038539553752538
0,0,0,0,0,0,0,0,0,0,1,0,0,0,0,1,0,0.198296774825336,0.19939839809136198,0.8210023866348448,0.13387423935091278
1,0,1,0,0,0,0,0,0,0,1,0,0,0,0,1,0,0.10479421392402528,0.286969396287687,0.4295942720763723,0.14198782961460446
0,0,0,0,0,0,0,0,0,0,1,0,0,0,0,1,0,0.2688200787216669,0.1497928114158252,0.9069212410501193,1.0
0,0,0,1,0,1,0,0,0,0,1,0,0,0,0,1,0,0.18954429440276876,0.17474598732109328,0.9069212410501193,1.0
0,0,0,0,0,0,0,0,0,0,1,0,0,0,0,1,0,0.448360550236459,0.08088330581091144,0.7494033412887828,1.0
0,0,0,0,0,0,0,0,0,0,1,0,0,0,1,0,0,0.40856049518260557,0.09906757424930199,0.7708830548926013,1.0
0,0,0,0,0,0,0,0,0,0,1,0,0,0,0,1,0,0.31367971459116056,0.08691262916728691,0.7684964200477327,0.5943204868154158
0,1,0,0,0,0,0,0,0,1,0,0,0,0,0,1,0,0.33800951884209746,0.12408731935834197,0.7684964200477327,1.0
0,0,0,0,0,0,0,0,0,0,1,0,0,0,0,1,0,0.32793724932169777,0.11777615591395403,0.7995226730310263,1.0
0,0,0,0,0,0,0,0,0,0,1,0,0,0,0,1,0,0.39858747403051253,0.09274259380081909,0.7494033412887828,1.0
1,0,1,0,0,0,0,0,0,0,1,0,0,0,0,1,0,0.1141285231607148,0.32112636318056176,0.477326968973747,0.15415821501014199
0,0,0,0,0,0,0,0,0,0,1,0,0,0,0,1,0,0.5745540366992729,0.0735851535403664,0.4295942720763723,1.0
0,0,0,0,0,0,0,0,0,0,1,0,0,0,0,1,0,0.3021734069452085,0.048339498962747626,0.7279236276849643,1.0
1,0,1,0,0,0,0,0,0,0,1,0,0,0,0,1,0,0.2180292729488033,0.165485191572917,0.8591885441527445,0.17038539553752538
0,0,0,0,0,0,0,0,0,0,1,0,0,0,0,1,0,0.3700666934042268,0.10925540936794041,0.5465393794749402,1.0
0,0,0,0,0,0,0,0,0,0,1,0,0,0,0,1,0,0.3461655312092256,0.10996770368332529,0.8663484486873507,1.0
0,0,0,0,0,0,0,0,0,0,1,0,0,0,0,1,0,0.5343352855713763,0.07977619772844924,0.8663484486873507,1.0
0,1,0,0,0,0,0,0,0,0,1,0,0,0,0,1,0,0.16645522461500856,0.22836341263734267,0.9069212410501193,0.797160243407708
0,0,0,0,0,0,0,0,0,0,1,0,0,0,0,1,0,0.4438879974721952,0.093691168045674,0.8663484486873507,1.0
0,0,0,0,0,0,0,0,0,0,1,0,0,0,0,1,0,0.37719080396875304,0.09528842852572321,0.8615751789976134,1.0
0,1,0,0,0,0,0,0,0,0,1,0,0,0,0,1,0,0.4345969386048302,0.08060707987320934,0.6372315035799523,1.0
0,0,1,0,0,0,0,0,1,0,0,0,0,0,0,1,0,0.49060129838107475,0.06668772904500166,0.844868735083532,1.0
0,0,1,0,0,0,0,0,0,0,1,0,0,0,0,1,0,0.294607764869931,0.11703118371096755,0.8019093078758948,1.0
0,0,0,0,0,0,0,0,0,0,1,0,0,0,0,1,0,0.31040759632482967,0.11167951458451623,0.477326968973747,1.0
0,0,0,0,0,0,0,0,0,0,1,0,0,0,0,1,0,0.3845283372905241,0.08690658910552326,0.7613365155131264,1.0
0,0,1,0,0,0,0,0,0,0,1,0,0,0,0,1,0,0.3057681915885165,0.08996052813482174,0.477326968973747,1.0
0,0,0,0,0,0,0,0,0,0,1,0,0,0,0,1,0,0.3020491098458893,0.12319185457120357,0.8019093078758948,1.0
1,0,1,0,0,0,0,0,0,0,1,0,0,0,0,1,0,0.08442076684249933,0.3919598022621539,0.7350835322195703,0.06288032454361056
0,0,0,0,0,0,0,0,0,0,1,0,0,0,0,1,0,0.37213230034354033,0.10898439616197272,0.8377088305489258,1.0
0,0,1,0,0,0,0,0,1,0,0,0,0,0,0,1,0,0.20632494955123232,0.19006671148626575,0.8377088305489258,1.0
0,0,0,0,0,1,0,0,0,0,1,0,0,0,0,1,0,0.367078561377767,0.10872091513455355,0.5131264916467779,0.5943204868154158
0,0,0,0,0,0,0,0,0,0,1,0,0,0,0,1,0,0.3975094664169504,0.09399016999084067,0.7350835322195703,1.0
0,0,0,0,0,0,0,0,0,0,1,0,0,0,0,1,0,0.19238381619588205,0.025968754360414917,0.6372315035799523,1.0
1,0,1,0,0,0,0,0,0,0,1,0,0,0,0,1,0,0.10838395762388044,0.33133847679431594,0.8019093078758948,0.14604462474645033
1,0,1,0,0,1,0,0,0,0,1,0,0,0,0,1,0,0.13977625752537512,0.15141216959953385,0.3341288782816229,0.15010141987829617
0,0,0,0,0,0,0,0,1,0,0,0,0,0,0,1,0,0.41656463351864415,0.10178015957213231,0.7613365155131264,1.0
0,0,0,0,0,0,0,0,0,0,1,0,0,0,0,1,0,0.4461426464863698,0.09494282293838323,0.7613365155131264,1.0
0,1,0,0,0,0,0,0,0,0,1,0,0,0,0,1,0,0.5094728034544134,0.08331971167423828,0.7350835322195703,1.0
1,0,1,0,0,0,0,0,0,0,1,0,0,0,0,1,0,0.13768864758015137,0.22411506517484378,0.3842482100238663,0.14198782961460446
0,0,0,0,0,1,0,0,0,0,1,0,0,0,0,0,1,0.1710138263968638,0.23055631149023684,0.477326968973747,1.0
0,0,0,0,0,0,0,0,0,0,1,0,0,0,0,1,0,0.18700242891533356,0.12975331920953967,0.6801909307875893,1.0
0,0,0,0,0,0,0,0,0,0,1,0,0,0,0,1,0,0.45559089968180577,0.09242973310704797,0.5131264916467779,1.0
0,0,0,0,0,0,0,0,0,0,1,0,0,0,0,1,0,0.28222988424914697,0.14146968409821142,0.8377088305489258,0.797160243407708
0,0,0,0,0,0,0,0,0,0,1,0,0,0,0,1,0,0.42976045868878127,0.08268872274632734,0.8400954653937946,1.0
0,1,0,0,0,0,0,0,0,0,1,0,0,0,0,1,0,0.46933601910796985,0.08987201248236001,0.9785202863961813,1.0
0,0,0,0,0,0,0,0,0,0,1,0,0,0,1,0,0,0.4085238564308144,0.09472699764327625,0.8544152744630071,1.0
0,0,1,0,0,0,0,0,0,0,1,0,0,0,0,1,0,0.37417158404037154,0.10362201434057934,0.6801909307875893,1.0
0,0,1,0,0,0,0,0,0,0,1,0,0,0,0,1,0,0.264138186116377,0.11523711491300229,0.8544152744630071,1.0
0,0,0,0,0,0,0,0,0,0,1,0,0,0,0,1,0,0.3206157601869134,0.11827575614769553,0.9785202863961813,1.0
0,0,0,0,0,0,0,0,0,0,1,0,0,0,0,1,0,0.28639661978382996,0.07363589200049207,0.8400954653937946,1.0
1,0,1,0,0,0,0,0,0,0,1,0,0,0,0,1,0,0.21267321896477137,0.1860440423689632,0.8520286396181382,0.15618661257606492
0,1,0,0,0,0,0,0,1,0,0,0,0,0,0,1,0,0.24749504573679637,0.1551433290754303,0.6801909307875893,1.0
1,0,1,0,0,0,0,0,0,0,1,0,0,0,0,1,0,0.14678862186446706,0.26192418186316874,0.8520286396181382,0.15618661257606492
0,0,0,0,0,0,0,0,0,0,1,0,0,0,0,1,0,0.4955617737519677,0.07949498966671863,0.6229116945107398,1.0
0,0,0,0,0,0,0,0,0,0,1,0,0,0,0,1,0,0.3403695120200684,0.11951930446111077,0.7971360381861574,1.0
0,1,0,0,0,0,0,0,0,0,1,0,0,0,0,1,0,0.3787644868785386,0.10917942974614299,0.7971360381861574,1.0
1,0,1,0,0,0,0,0,0,0,1,0,0,0,0,1,0,0.0826659265487783,0.29758195629235057,0.8520286396181382,0.15618661257606492
0,0,0,0,0,0,0,0,0,0,1,0,0,0,1,0,0,0.43867733711740253,0.0865784840851013,0.8400954653937946,1.0
0,0,0,0,0,0,0,0,0,0,1,0,0,0,0,1,0,0.36898618777830045,0.10373551654959644,0.8400954653937946,1.0
0,0,0,0,0,0,0,0,0,0,0,0,1,0,0,1,0,0.23857949164068365,0.16997320828867146,0.9785202863961813,1.0
0,1,0,0,0,0,0,0,0,0,0,0,1,0,0,1,0,0.19633103433301438,0.13174925333994295,0.8544152744630071,0.5943204868154158
0,1,0,0,0,0,0,0,0,0,0,0,1,0,0,1,0,0.2569089121091558,0.11076378397493855,0.8544152744630071,1.0
0,1,0,0,0,0,0,0,0,0,1,0,0,0,0,1,0,0.2943646094475808,0.13565062195801553,0.4200477326968974,1.0
0,1,0,0,0,0,0,0,0,0,1,0,0,0,0,1,0,0.34308424251563274,0.1197564452286133,0.8544152744630071,1.0
0,0,0,0,0,0,0,0,0,0,1,0,0,0,0,1,0,0.1516006290952199,0.23928832339274508,0.9045346062052504,0.5943204868154158
0,1,0,0,0,0,0,0,1,0,0,0,0,0,0,1,0,0.164865566696246,0.20241663408393942,0.701670644391408,1.0
1,0,1,0,0,0,0,0,0,0,1,0,0,0,0,1,0,0.07180135981618838,0.4449928977848956,0.35083532219570407,0.15821501014198783
0,0,1,0,0,0,0,0,0,0,1,0,0,0,0,1,0,0.2529022773133607,0.10487158058783004,0.8902147971360381,1.0
0,0,0,0,0,0,0,0,0,0,1,0,0,0,0,1,0,0.3238736656909808,0.1260008817887429,0.7088305489260143,1.0
0,0,0,0,0,0,0,0,0,0,1,0,0,0,0,1,0,0.2785780793550907,0.12972794489176956,0.8186157517899761,1.0
0,1,0,0,0,0,0,0,0,0,0,0,1,0,0,1,0,0.17631525327362352,0.1135376582492846,0.6992840095465394,1.0
0,0,0,0,0,0,0,0,0,0,1,0,0,0,0,1,0,0.423465551241225,0.09019712602422106,0.7875894988066825,1.0
1,0,1,0,0,0,0,0,0,0,1,0,0,0,0,1,0,0.10950606172920319,0.22580921842500815,0.27207637231503584,0.14198782961460446
0,1,0,0,0,0,0,0,0,0,1,0,0,0,0,1,0,0.31547710233996873,0.11072354928874302,0.8782816229116945,0.797160243407708
0,1,0,0,0,0,0,0,1,0,0,0,0,0,0,1,0,0.42416733505521387,0.09025443368900553,0.6420047732696896,1.0
0,0,0,0,0,0,0,0,1,0,0,0,0,0,0,1,0,0.1838514134497246,0.21609842115189812,0.6610978520286397,1.0
0,0,0,0,0,0,0,0,0,0,1,0,0,0,0,1,0,0.436369471642387,0.06116596973218037,0.8186157517899761,1.0
0,0,0,0,0,0,0,0,0,0,1,0,0,0,0,1,0,0.44647381435785216,0.08681515353899405,0.8186157517899761,1.0
0,0,0,0,0,0,0,0,0,0,1,0,0,0,0,1,0,0.29064711634408796,0.14272484796793403,0.8878281622911692,1.0
0,1,0,0,0,0,0,0,0,0,1,0,0,0,0,1,0,0.24303189031599087,0.1610798320234386,0.8878281622911692,1.0
0,0,0,0,0,0,0,0,0,0,1,0,0,0,0,1,0,0.12422977954632168,0.2868277115181641,0.5894988066825775,0.1359026369168357
0,1,0,0,0,0,0,0,0,0,1,0,0,0,0,1,0,0.2821655704995344,0.09196357173945528,0.6420047732696896,1.0
0,1,0,0,0,0,0,0,0,0,0,0,1,0,0,1,0,0.11445300684061478,0.31784833399937307,0.8782816229116945,1.0
0,0,0,0,0,0,0,0,0,0,1,0,0,0,0,1,0,0.14512990920511812,0.18426809782640724,0.27207637231503584,0.14198782961460446
0,0,0,0,0,0,0,0,0,0,1,0,0,0,0,1,0,0.15858136029534212,0.17773517927099935,0.7875894988066825,1.0
0,0,0,0,0,0,0,0,0,0,1,0,0,0,0,1,0,0.38709877504794465,0.10840982484923402,0.8186157517899761,1.0
0,0,0,0,0,0,0,0,0,0,1,0,0,0,0,1,0,0.44832963995752684,0.08490246629309255,0.6992840095465394,1.0
0,0,0,0,0,0,0,0,0,0,0,0,1,0,0,1,0,0.2572514675318757,0.15383010824145066,0.8782816229116945,1.0
1,0,1,0,0,1,0,0,0,0,1,0,0,0,0,1,0,0.16928191146741878,0.2283653691540332,0.8782816229116945,0.15821501014198783
0,0,0,0,0,0,0,0,1,0,0,0,0,0,0,1,0,0.20003328528593653,0.08875362369533471,0.7828162291169449,1.0
1,0,1,0,0,0,0,0,0,0,1,0,0,0,0,1,0,0.13999273563723114,0.20137352589312432,0.8353221957040573,0.10141987829614604
0,1,0,1,0,1,0,0,0,0,0,0,1,0,0,1,0,0.025844880037383174,0.9318688076755047,0.7828162291169449,1.0
1,0,1,0,0,0,0,0,0,0,1,0,0,0,0,1,0,0.12156220097816357,0.30397271441755347,0.6443914081145585,0.14807302231237324
0,0,0,0,0,0,0,0,0,0,1,0,0,0,0,1,0,0.13627026668147874,0.25869598889653433,0.7780429594272076,0.15618661257606492
0,0,0,0,0,0,0,0,0,0,1,0,0,0,0,1,0,0.2932157150609354,0.11873763211737218,0.8663484486873507,1.0
0,0,0,0,0,0,0,0,0,0,1,0,0,0,0,1,0,0.35183725315625924,0.10040763216864947,0.7971360381861574,1.0
0,0,1,0,0,0,0,0,0,0,1,0,0,0,0,1,0,0.16346295070387026,0.23950220328308602,0.7780429594272076,0.15618661257606492
0,0,0,0,0,0,0,0,0,0,1,0,0,0,0,1,0,0.47784344455315364,0.08901348819760882,0.8305489260143197,1.0
0,0,0,0,0,0,0,0,0,0,1,0,0,0,0,1,0,0.3503793938225435,0.08737051364727975,0.7947494033412885,1.0
0,0,0,0,0,0,0,0,1,0,0,0,0,0,0,1,0,0.45639669822028517,0.07397007121919323,0.7326968973747017,1.0
0,0,0,0,0,0,0,0,0,0,1,0,0,0,0,1,0,0.30665688236578614,0.1283475474149895,0.7995226730310263,1.0
0,0,0,0,0,0,0,0,0,0,1,0,0,0,0,1,0,0.1009790783669527,0.3444203298198118,0.6443914081145585,0.14807302231237324
0,0,0,0,0,1,0,0,0,0,1,0,0,0,0,1,0,0.3720058372856052,0.0890291885134851,0.5823389021479712,1.0
1,0,1,0,0,0,0,0,0,0,1,0,0,0,0,1,0,0.1052039452364097,0.3368074175365466,0.7780429594272076,0.15618661257606492
0,0,0,0,0,0,0,0,0,0,1,0,0,0,0,1,0,0.3332243035145775,0.0868124556831669,0.8019093078758948,1.0
1,0,1,0,0,0,0,0,0,0,1,0,0,0,0,1,0,0.1710138263968638,0.23055631149023684,0.7780429594272076,0.15618661257606492
0,0,0,0,0,0,0,0,0,0,1,0,0,0,0,1,0,0.4445533491481544,0.09342597299151528,0.532219570405728,1.0
1,0,1,0,0,0,0,0,0,0,1,0,0,0,0,1,0,0.10834508116826033,0.218102041235511,0.4272076372315035,0.15010141987829617
0,0,0,0,0,0,0,0,0,0,1,0,0,0,0,1,0,0.2738314275326645,0.12401706541137705,0.7780429594272076,1.0
0,0,0,0,0,0,0,0,0,0,1,0,0,0,0,1,0,0.44750460253308877,0.07807214004698772,0.532219570405728,1.0
0,0,0,0,0,1,0,0,0,0,1,0,0,0,0,0,1,0.1694765941047743,0.23235050004409918,0.8305489260143197,1.0
0,0,0,0,0,0,0,0,0,0,1,0,0,0,0,1,0,0.30634110307727297,0.12064813774358178,0.8305489260143197,1.0
0,1,0,0,0,0,0,0,0,0,0,0,1,0,0,1,0,0.2528487468891441,0.1544156057514878,0.7684964200477327,1.0
0,1,0,0,0,0,0,0,0,0,0,0,1,0,0,1,0,0.2435732125641143,0.16835123671320562,0.532219570405728,1.0
1,0,1,0,0,0,0,0,0,0,1,0,0,0,0,1,0,0.080991397704165,0.2072375900562382,0.486873508353222,0.11156186612576068
0,0,1,0,0,0,0,0,0,0,1,0,0,0,0,1,0,0.4043544826780211,0.09695160463402525,0.6348448687350834,1.0
0,0,0,0,0,0,0,0,0,0,1,0,0,0,1,0,0,0.45049095834580843,0.09381880809750352,0.7995226730310263,1.0
0,0,1,0,0,0,0,0,0,0,1,0,0,0,0,1,0,0.3048434187283428,0.12729495445669115,0.8615751789976134,1.0
0,1,1,0,0,0,0,0,0,0,1,0,0,0,0,1,0,0.21872081144177385,0.11237532393808343,1.0,1.0
0,1,0,0,0,0,0,0,0,0,1,0,0,0,0,1,0,0.209755785210761,0.17923854109230844,1.0,1.0
0,0,0,0,0,0,0,0,0,0,1,0,0,0,0,1,0,0.39082826470541476,0.1006064820151821,0.8615751789976134,1.0
0,0,0,0,0,0,0,0,0,0,1,0,0,0,0,1,0,0.38782847405341125,0.09079958282869424,0.7708830548926013,1.0
0,1,0,0,0,0,0,0,0,0,0,0,1,0,0,1,0,0.46282655788356164,0.08970771838501922,0.7923627684964201,1.0
0,0,0,0,0,0,0,0,0,0,1,0,0,0,0,1,0,0.4674324955848595,0.08350862881375595,0.9188544152744629,1.0
0,0,0,0,0,0,0,0,0,0,1,0,0,0,0,1,0,0.39110762197760923,0.09295031862981595,0.7326968973747017,0.5943204868154158
0,0,1,0,0,0,0,0,0,0,1,0,0,0,0,1,0,0.40671615949669,0.08255493455769321,0.7470167064439142,1.0
1,0,1,0,0,0,0,0,0,0,1,0,0,0,0,1,0,0.13283464943432552,0.2399808430777996,0.5369928400954653,0.15618661257606492
0,1,0,0,0,0,0,0,1,0,0,0,0,0,0,1,0,0.15125538303839836,0.217710699160462,0.5369928400954653,1.0
0,0,0,0,0,0,0,0,0,0,1,0,0,0,0,1,0,0.2337062865789179,0.17424369898054545,0.5131264916467779,0.14604462474645033
0,0,0,0,0,0,0,0,0,0,1,0,0,0,1,0,0,0.33712891271652173,0.1201137160382552,0.7708830548926013,1.0
0,0,0,0,0,0,0,0,0,0,1,0,0,0,1,0,0,0.33332716729060136,0.12471397403621154,0.9069212410501193,1.0
0,0,1,0,0,0,0,0,0,0,1,0,0,0,0,1,0,0.22818548007569384,0.12827072722394667,0.8615751789976134,1.0
0,0,0,0,0,1,0,0,0,0,1,0,0,0,0,1,0,0.18778250334312185,0.040129822970885284,0.7923627684964201,1.0
0,0,0,0,0,0,0,0,0,0,1,0,0,0,0,1,0,0.17215523443442188,0.20263579984595656,0.8210023866348448,0.797160243407708
0,0,0,0,0,0,0,0,0,0,1,0,0,0,0,1,0,0.1393501443219213,0.1955025370566951,0.7708830548926013,1.0
0,0,0,0,0,0,0,0,0,0,1,0,0,0,0,1,0,0.3356199838761323,0.08126260462519544,0.7708830548926013,1.0
0,0,0,0,0,0,0,0,0,0,1,0,0,0,0,1,0,0.28376925027320893,0.14488237508495083,0.809069212410501,1.0
1,0,1,0,0,0,0,0,0,0,1,0,0,0,0,1,0,0.1397143507244234,0.21643096373861978,0.7112171837708829,0.1359026369168357
0,1,1,0,0,0,0,0,0,0,1,0,0,0,0,1,0,0.41697378959084874,0.1005535089997886,0.9188544152744629,1.0
0,1,0,0,0,0,0,0,0,0,1,0,0,0,0,1,0,0.3317603375614995,0.11527774378857467,0.9188544152744629,1.0
0,0,0,0,0,0,0,0,0,0,1,0,0,0,0,1,0,0.24312913456061208,0.10096147748789801,0.7708830548926013,1.0
0,1,0,0,0,1,0,0,0,1,0,0,0,0,0,1,0,0.15238911986203377,0.1798717248549925,0.8544152744630071,1.0
0,1,0,0,0,0,1,0,0,0,0,0,0,0,0,1,0,0.11459182107732883,0.26158624176352074,0.9069212410501193,1.0
0,0,0,0,0,0,0,0,0,0,1,0,0,0,0,1,0,0.4051848549987743,0.09694608917767306,0.8019093078758948,0.797160243407708
0,0,0,0,0,0,0,0,0,0,1,0,0,0,0,1,0,0.291603129014986,0.10687686680578458,0.8138424821002386,1.0
0,0,0,0,0,0,0,0,0,0,1,0,0,0,1,0,0,0.3491223338652279,0.113560404560446,0.8138424821002386,1.0
0,0,0,0,0,0,0,0,0,0,1,0,0,0,0,1,0,0.30534715518122446,0.07436991235007054,0.8281622911694511,1.0
0,1,1,0,0,0,0,0,0,0,1,0,0,0,0,1,0,0.2251236325493102,0.12703400724435743,0.7923627684964201,1.0
0,1,0,0,0,0,0,0,0,0,1,0,0,0,0,1,0,0.4206087306275308,0.09858358838253757,0.7470167064439142,1.0
1,0,1,0,0,1,0,0,0,0,1,0,0,0,0,1,0,0.11523765296277698,0.23740889021330153,0.6515513126491648,0.15415821501014199
1,0,1,0,0,0,0,0,0,0,1,0,0,0,0,1,0,0.21285693759934438,0.18899867936426196,0.7923627684964201,0.1237322515212982
0,0,0,0,0,0,0,0,0,0,1,0,0,0,0,1,0,0.0845776561596868,0.38085917499740357,0.8281622911694511,0.16227180527383367
0,0,0,0,0,0,0,0,0,0,0,0,1,0,0,1,0,0.12137781072096997,0.2918185998055276,0.7470167064439142,1.0
0,1,0,0,0,1,0,0,0,0,0,0,1,0,0,1,0,0.15504955683652977,0.19721044626145318,0.8520286396181382,1.0
0,0,0,0,0,0,0,0,0,0,1,0,0,0,0,1,0,0.4879413709291676,0.08449835498280242,0.8138424821002386,1.0
0,1,0,0,0,0,0,0,1,0,0,0,0,0,0,1,0,0.08558545822711427,0.3576944350388158,0.9069212410501193,1.0
0,0,0,0,0,0,0,0,0,0,1,0,0,0,0,1,0,0.14785805055728854,0.26086592708325496,0.7875894988066825,0.1359026369168357
0,0,0,0,0,0,0,0,0,0,1,0,0,0,0,1,0,0.30011432475455546,0.1384493188417802,0.7470167064439142,1.0
0,0,0,0,0,0,0,0,0,0,1,0,0,0,0,1,0,0.33409083589891353,0.10318724277035013,0.8400954653937946,1.0
1,0,1,0,0,0,0,0,0,0,1,0,0,0,0,1,0,0.1263731650816058,0.2863436015212097,0.8281622911694511,0.16227180527383367
0,0,0,0,0,0,0,0,0,0,1,0,0,0,0,1,0,0.40459637051271186,0.09051966241105125,0.8400954653937946,1.0
0,0,0,0,0,0,0,0,0,0,1,0,0,0,1,0,0,0.4263633462572188,0.04750605978457824,0.8400954653937946,1.0
0,0,0,0,0,0,0,0,0,0,1,0,0,0,0,1,0,0.3861267503798722,0.10572655779022026,0.8042959427207637,1.0
0,1,0,0,0,0,0,0,0,0,1,0,0,0,0,1,0,0.22479983837956588,0.11134077880020113,0.8830548926014319,0.3914807302231238
0,0,0,0,0,0,0,0,0,0,1,0,0,0,0,1,0,0.26115590410315986,0.10999119047996285,0.47016706443914075,1.0
0,0,0,0,0,0,0,0,0,0,1,0,0,0,0,1,0,0.1880359688586106,0.20841704613426962,0.8114558472553699,0.15010141987829617
0,0,0,0,0,1,0,0,0,0,1,0,0,0,0,0,1,0.1694765941047743,0.23235050004409918,0.8400954653937946,1.0
0,0,0,0,0,0,0,0,0,0,1,0,0,0,0,1,0,0.43923210469888674,0.09620784661630702,0.8042959427207637,1.0
0,0,0,1,0,1,0,0,0,0,1,0,0,0,0,1,0,0.033122297844253704,0.6626648754191714,0.8281622911694511,0.16227180527383367
1,0,1,0,0,0,0,0,0,0,1,0,0,0,0,1,0,0.09170090050332584,0.32622612856150957,0.7589498806682577,0.07099391480730224
0,1,0,0,0,0,0,0,0,0,0,0,1,0,0,1,0,0.18169826478814877,0.2121305191143447,0.8281622911694511,1.0
0,0,1,0,0,0,0,0,0,0,1,0,0,0,0,1,0,0.11677466027112456,0.2567994505465552,0.9188544152744629,1.0
1,0,1,0,0,0,0,0,0,0,1,0,0,0,0,1,0,0.09410322021158068,0.3430964052302924,0.4677804295942721,0.15010141987829617
0,0,0,0,0,0,0,0,0,0,1,0,0,0,0,1,0,0.11174866055581027,0.2891144510848934,0.7613365155131264,0.14604462474645033
0,0,0,0,0,0,0,0,0,0,1,0,0,0,0,1,0,0.44209244669881126,0.07736695187248306,0.8305489260143197,1.0
0,0,0,0,0,1,0,0,0,0,1,0,0,0,0,1,0,0.27295733114327725,0.10038348498582715,0.8758949880668256,0.11561866125760652
0,1,0,0,0,0,0,0,0,0,1,0,0,0,0,1,0,0.0924630202633736,0.3507287048393736,0.8329355608591884,0.797160243407708
1,0,1,0,0,1,0,0,0,0,1,0,0,0,0,1,0,0.10590025685658305,0.3221320602080281,0.8305489260143197,0.077079107505071
0,0,0,0,0,0,0,0,0,0,1,0,0,0,0,1,0,0.5201439743455435,0.07892383898332735,0.8066825775656323,1.0
0,0,0,0,0,1,0,0,0,0,1,0,0,0,0,0,1,0.1710138263968638,0.23055631149023684,0.8305489260143197,1.0
0,0,0,0,0,0,0,0,0,0,1,0,0,0,0,1,0,0.2787082679725053,0.14114444012766586,0.8758949880668256,1.0
1,0,1,0,0,0,0,0,0,0,1,0,0,0,0,1,0,0.12879294100368066,0.26131027329654194,0.6610978520286397,0.11156186612576068
0,1,1,0,0,0,0,0,1,0,0,0,0,0,0,1,0,0.2055185215133506,0.1958387300682899,0.8305489260143197,1.0
0,1,0,0,0,0,0,0,0,0,1,0,0,0,0,1,0,0.4347323108487672,0.09745259994209123,0.6730310262529833,1.0
0,0,0,0,0,0,0,0,0,1,0,0,0,0,0,1,0,0.170304932415891,0.08613698503607385,0.8758949880668256,1.0
0,0,0,0,0,0,0,0,0,0,1,0,0,0,0,1,0,0.2608831845072302,0.097097469046241,0.8305489260143197,1.0
0,0,0,0,0,0,0,0,0,0,1,0,0,0,0,1,0,0.2291077839240815,0.10965140747879702,0.8305489260143197,0.797160243407708
1,0,1,0,0,0,0,0,0,0,1,0,0,0,0,1,0,0.13718585657518936,0.26214131579823907,0.20047732696897375,0.13793103448275862
0,0,0,0,0,0,0,0,0,0,0,1,0,0,0,1,0,0.19275256820640957,0.19888300971171932,0.8758949880668256,0.5943204868154158
0,0,0,0,0,1,0,0,0,0,1,0,0,0,0,1,0,0.20334430808398274,0.19241916335587206,0.9188544152744629,1.0
0,0,0,0,0,0,0,0,0,0,1,0,0,0,0,1,0,0.3466181908869725,0.1145979894172956,0.8758949880668256,0.5943204868154158
0,0,0,0,0,0,0,0,0,0,1,0,0,0,0,1,0,0.27646254028581135,0.13080601808337336,0.9188544152744629,1.0
0,0,0,0,0,1,0,0,0,0,1,0,0,0,0,1,0,0.262209612537649,0.14871169118385183,0.7303102625298328,1.0
0,0,0,0,0,0,0,0,1,0,0,0,0,0,0,1,0,0.28835217580248534,0.1427784854564347,0.8424821002386635,0.797160243407708
1,0,1,0,0,1,0,0,0,0,1,0,0,0,0,1,0,0.08487866836153778,0.3646493656674923,0.8042959427207637,0.16024340770791076
0,1,0,0,0,0,0,0,0,0,1,0,0,0,0,1,0,0.30735421051136186,0.1344024703420093,0.7303102625298328,1.0
0,1,1,0,0,0,0,0,0,0,1,0,0,0,0,1,0,0.356005875619309,0.08232124132606519,0.7661097852028638,1.0
0,0,0,0,0,0,0,0,0,0,1,0,0,0,0,1,0,0.503060718747041,0.08486915951332383,0.8424821002386635,1.0
0,0,0,0,0,0,0,0,0,0,1,0,0,0,0,1,0,0.22683495223935843,0.1784737091199378,0.8329355608591884,0.797160243407708
0,0,1,0,0,0,0,0,0,0,1,0,0,0,0,1,0,0.29189518909363726,0.08186202351240461,0.7159904534606205,1.0
0,0,0,0,0,0,0,0,0,0,1,0,0,0,0,1,0,0.4250199313543147,0.07448148600176899,0.7159904534606205,1.0
0,0,0,0,0,0,0,0,0,0,1,0,0,0,0,1,0,0.42978461112206956,0.09859350028046455,0.8591885441527445,1.0
0,0,0,0,0,0,0,0,0,0,1,0,0,0,0,1,0,0.25339692615924403,0.1563195055152714,0.9140811455847255,0.15618661257606492
0,0,0,0,0,0,0,0,0,0,1,0,0,0,0,1,0,0.11943081316183383,0.3048561612041337,0.8544152744630071,0.797160243407708
0,0,0,0,0,0,0,0,0,0,1,0,0,0,0,1,0,0.27508614587575364,0.073080076871796,0.7159904534606205,1.0
0,0,0,0,0,0,0,0,1,0,0,0,0,0,0,1,0,0.43900344393813096,0.0780928654048405,0.5226730310262531,1.0
0,0,0,0,0,0,0,0,0,0,1,0,0,0,0,1,0,0.4981914467011623,0.07591770497794605,0.7923627684964201,1.0
0,0,0,0,0,0,0,0,0,0,1,0,0,0,0,1,0,0.19567926525214768,0.19645453042776112,0.9140811455847255,0.797160243407708
0,1,0,0,0,0,0,0,1,0,0,0,0,0,0,1,0,0.13768864758015142,0.25469448883226015,0.9140811455847255,0.797160243407708
0,0,0,0,0,0,0,0,0,0,1,0,0,0,0,1,0,0.3598478863602371,0.11418003225109793,0.7708830548926013,1.0
0,0,0,0,0,0,0,0,0,0,1,0,0,0,0,1,0,0.4566194428862399,0.08406229791876633,0.8186157517899761,1.0
0,1,0,0,0,0,0,0,0,0,1,0,0,0,0,1,0,0.3558095079934541,0.11658864270842409,0.935560859188544,1.0
0,1,0,0,0,0,0,0,0,0,0,0,1,0,0,1,0,0.23160204681473398,0.0803934076913585,0.8424821002386635,1.0
0,1,0,0,0,0,0,0,0,0,1,0,0,0,0,1,0,0.38964990396864413,0.10748183791918361,0.7923627684964201,1.0
0,0,0,1,0,0,0,0,0,0,1,0,0,0,0,1,0,0.11153093758886591,0.27579886629483724,0.7708830548926013,0.5943204868154158
0,0,0,0,0,0,0,0,0,0,1,0,0,0,0,1,0,0.3617541697038612,0.1126178092723732,,0.797160243407708
0,0,0,0,0,0,0,0,0,0,1,0,0,0,0,1,0,0.3997202465190044,0.10472214691146332,0.9188544152744629,0.797160243407708
0,0,0,0,0,0,0,0,0,0,1,0,0,0,0,1,0,0.13163879733457873,0.24107380284283284,0.5369928400954653,0.15618661257606492
0,0,0,0,0,0,0,0,0,0,1,0,0,0,0,1,0,0.3449103106041096,0.052792715605063156,0.9188544152744629,1.0
1,0,1,0,0,0,0,0,0,0,1,0,0,0,0,1,0,0.15126258301070314,0.24713470391317177,0.40095465393794755,0.15415821501014199
0,1,0,0,0,0,0,0,0,0,1,0,0,0,0,1,0,0.34844946330496746,0.12021097910969238,,1.0
0,0,1,0,0,0,0,0,0,0,1,0,0,0,0,1,0,0.382746441989578,0.09889126447129268,0.8544152744630071,0.797160243407708
0,0,0,0,0,0,0,0,0,0,1,0,0,0,0,1,0,0.14002363628189257,0.2581499271663803,0.8186157517899761,0.06896551724137931
0,1,0,0,0,0,0,0,0,0,1,0,0,0,0,1,0,0.3899801912390088,0.10809412061211353,0.9188544152744629,1.0
0,1,0,0,0,0,0,0,0,0,0,0,1,0,0,1,0,0.12491651486815973,0.2991154051240341,0.7780429594272076,1.0
0,0,1,0,0,0,0,0,0,0,1,0,0,0,0,1,0,0.35594150426894783,0.08720180877967958,0.8544152744630071,1.0
0,1,0,0,0,1,0,0,0,0,1,0,0,0,0,1,0,0.07637481571663275,0.41848637381954085,0.7804295942720763,1.0
0,0,0,0,0,0,0,0,0,0,1,0,0,0,0,1,0,1.0000000000000002,0.03845343114655988,0.6491646778042959,1.0
0,1,0,0,0,0,0,0,0,0,1,0,0,0,0,1,0,0.16355680269797657,0.09571154369442711,0.7708830548926013,1.0
0,0,0,1,0,0,0,0,0,0,1,0,0,0,0,1,0,0.05236256462547099,0.5244662435538712,0.9188544152744629,0.1359026369168357
0,0,0,0,0,0,0,0,0,0,1,0,0,0,0,1,0,0.29002116008942685,0.11426292421158238,0.7159904534606205,1.0
0,0,0,0,0,0,0,0,1,0,0,0,0,0,0,1,0,0.4803095575233435,0.062343446839532204,0.6443914081145585,1.0
1,0,1,0,0,0,0,0,0,0,1,0,0,0,0,1,0,0.052219272485377353,0.5327414361972848,0.25298329355608595,0.15821501014198783
0,0,0,0,0,0,0,0,0,0,1,0,0,0,0,1,0,0.4060362685488971,0.07528345428232533,0.8615751789976134,1.0
1,0,1,0,0,0,0,0,0,0,1,0,0,0,0,1,0,0.053848926037849014,0.5282793071039672,0.324582338902148,0.14807302231237324
0,0,0,0,0,0,0,0,0,0,1,0,0,0,1,0,0,0.4298060788487872,0.08200118130098748,0.8591885441527445,1.0
0,0,0,0,0,0,0,0,1,0,0,0,0,0,0,1,0,0.4318701835214058,0.09215044530696888,0.8186157517899761,0.3914807302231238
1,0,1,0,0,0,0,0,0,0,1,0,0,0,0,1,0,0.11655619368122137,0.28971334998537984,0.7875894988066825,0.1359026369168357
0,0,1,0,0,0,0,0,0,0,1,0,0,0,0,1,0,0.3146194954593323,0.12187998234238066,0.477326968973747,0.3914807302231238
1,0,1,0,0,0,0,0,0,0,1,0,0,0,0,1,0,0.18457793228105723,0.21079386032521769,0.7875894988066825,0.1359026369168357
1,0,1,0,0,0,0,0,0,0,1,0,0,0,0,1,0,0.10318158606754045,0.33053843979686653,0.8615751789976134,0.13793103448275862
0,0,0,0,0,0,0,0,0,0,1,0,0,0,0,1,0,0.342530257748215,0.07230889192925699,0.8424821002386635,1.0
0,0,0,0,0,0,0,0,0,0,1,0,0,0,0,1,0,0.3476732924862604,0.07592465026190726,0.8424821002386635,1.0
0,0,0,0,0,0,0,0,1,0,0,0,0,0,0,1,0,0.1813817762134428,0.20441618662572464,0.8424821002386635,1.0
0,0,0,0,0,0,0,0,0,0,1,0,0,0,1,0,0,0.3964083179765424,0.10522405783360293,0.7255369928400954,1.0
0,0,0,0,0,0,0,0,0,0,1,0,0,0,1,0,0,0.4038417876343687,0.10383234538931375,0.8400954653937946,1.0
0,0,0,0,0,0,0,0,0,0,1,0,0,0,0,1,0,0.14519718695306533,0.20047813439668358,0.8615751789976134,0.13793103448275862
0,1,0,0,0,0,0,0,0,0,1,0,0,0,0,1,0,0.3882401986939984,0.1014717166605412,0.7255369928400954,1.0
0,0,0,0,0,0,0,0,0,0,1,0,0,0,1,0,0,0.4598701529896666,0.09196512375682935,0.8424821002386635,1.0
0,0,0,0,0,0,0,0,0,0,1,0,0,0,0,1,0,0.4294597850908214,0.07909788070258474,0.8424821002386635,1.0
0,1,0,0,0,0,0,0,0,0,1,0,0,0,0,1,0,0.18520026321896582,0.21488603554030353,0.7780429594272076,1.0
0,1,1,0,0,0,0,0,1,0,0,0,0,0,0,1,0,0.435731740442703,0.09382725470142106,0.6181384248210025,0.5943204868154158
0,1,0,0,0,0,0,0,1,0,0,0,0,0,0,1,0,0.5761808761123943,0.07128077171857118,0.7159904534606205,0.797160243407708
0,0,0,0,0,1,0,0,0,0,1,0,0,0,0,0,1,0.16638926819560548,0.23604889989831807,0.8591885441527445,1.0
0,1,1,0,0,0,0,0,1,0,0,0,0,0,0,1,0,0.1259148059112867,0.27704956255443464,0.7875894988066825,0.5943204868154158
0,0,0,0,0,0,0,0,1,0,0,0,0,0,0,1,0,0.8225327644022604,0.04872976346880816,0.7159904534606205,1.0
0,1,0,0,0,0,0,0,0,0,1,0,0,0,0,1,0,0.07558231772932635,0.3218771445896743,0.7780429594272076,1.0
0,0,0,0,0,0,0,0,0,0,1,0,0,0,1,0,0,0.3472021746201555,0.12052567052575319,0.8186157517899761,1.0
0,0,0,0,0,0,0,0,0,0,1,0,0,0,0,1,0,0.30017117721110015,0.09920854927912554,0.7780429594272076,0.797160243407708
0,0,0,0,0,0,0,0,0,0,1,0,0,0,0,1,0,0.384528337290524,0.08190635326366907,0.7159904534606205,1.0
0,1,0,0,0,0,0,0,0,0,1,0,0,0,0,1,0,0.3315915496938416,0.12643042704419505,0.8400954653937946,1.0
0,0,0,0,0,0,0,0,0,0,1,0,0,0,0,1,0,0.3538076961635119,0.09210676732411811,0.809069212410501,0.5943204868154158
0,0,1,0,0,0,0,0,0,0,1,0,0,0,0,1,0,0.4132215412994595,0.0811723312746228,0.9785202863961813,1.0
0,0,0,0,0,0,0,0,0,0,1,0,0,0,0,1,0,0.34922069823979585,0.10623300784447845,0.7708830548926013,1.0
0,0,0,0,0,0,0,0,0,0,1,0,0,0,1,0,0,0.4147574887874182,0.10121508300209198,0.9069212410501193,1.0
0,0,0,0,0,0,0,0,0,0,1,0,0,0,0,1,0,0.3902247836949075,0.10835807681084722,0.8114558472553699,1.0
0,1,0,0,0,1,0,0,0,0,1,0,0,0,0,1,0,0.20759087450084984,0.16474267828069736,0.6420047732696896,1.0
0,0,0,0,0,1,0,0,0,0,1,0,0,0,0,1,0,0.16103235298396307,0.24192257905408635,0.8114558472553699,0.10344827586206898
0,0,0,0,0,0,0,0,0,0,1,0,0,0,0,1,0,0.37844600672083306,0.08487468836563293,0.9785202863961813,1.0
1,0,1,0,0,0,0,0,0,0,1,0,0,0,0,1,0,0.057130166136561335,0.481711228382953,0.9069212410501193,0.14807302231237324
0,0,0,0,0,0,0,0,0,0,1,0,0,0,0,1,0,0.3650639715226379,0.08998843873628738,0.5131264916467779,1.0
0,1,0,0,0,0,0,0,0,0,1,0,0,0,0,1,0,0.23295545144968383,0.17333883279491802,0.8424821002386635,1.0
0,0,0,0,0,0,0,0,0,0,1,0,0,0,0,1,0,0.276421548264088,0.10426428896124748,0.3102625298329356,1.0
0,0,0,0,0,0,0,0,0,0,1,0,0,0,0,1,0,0.2660024717300696,0.049654025718973954,0.7708830548926013,1.0
0,1,0,0,0,0,0,0,1,0,0,0,0,0,0,1,0,0.11507188999565766,0.2138009983899528,0.9069212410501193,1.0
0,0,0,0,0,0,0,0,0,0,1,0,0,0,0,1,0,0.2806218731574429,0.11036943417858754,0.8210023866348448,1.0
1,0,1,0,0,0,0,0,0,0,1,0,0,0,0,1,0,0.16803101844361726,0.21569156803973782,0.5131264916467779,0.14604462474645033
0,1,0,0,0,0,0,0,0,0,1,0,0,0,0,1,0,0.19981072935404612,0.1823557033667517,0.9069212410501193,1.0
0,0,1,0,0,1,0,0,0,0,1,0,0,0,0,1,0,0.2788180696312009,0.12291663997334222,0.9785202863961813,1.0
0,1,0,0,0,0,0,0,0,0,1,0,0,0,0,1,0,0.247549670913276,0.0736124698315305,0.7326968973747017,1.0
0,0,1,0,0,0,0,0,0,0,1,0,0,0,0,1,0,0.3689861877783004,0.09533464759018506,0.7708830548926013,1.0
0,0,0,0,0,0,0,0,0,0,1,0,0,0,0,1,0,0.21013316074387367,0.16362088526442348,0.9785202863961813,0.797160243407708
0,1,0,0,0,0,0,0,1,0,0,0,0,0,0,1,0,0.30669772521412975,0.13492297507077564,0.6945107398568018,1.0
0,0,0,0,0,0,0,0,0,0,1,0,0,0,0,1,0,0.11536643313429114,0.0923550607246031,0.8424821002386635,1.0
0,0,0,0,0,0,0,0,0,0,1,0,0,0,1,0,0,0.4024743763732083,0.08688848393351628,0.7708830548926013,1.0
0,0,0,0,0,0,0,0,0,0,1,0,0,0,0,1,0,0.2750408397833526,0.1357523733345368,0.7708830548926013,1.0
0,0,0,0,0,0,0,0,0,0,1,0,0,0,0,1,0,0.5064837635073386,0.07916343902556447,0.8782816229116945,1.0
0,1,0,0,0,0,0,0,0,0,0,0,1,0,0,1,0,0.2732185956005658,0.1229933759944525,0.9164677804295942,1.0
1,0,1,0,0,0,0,0,0,0,1,0,0,0,0,1,0,0.07333877866488261,0.3838146005388859,0.9164677804295942,0.15212981744421905
0,0,0,0,0,0,0,0,0,0,1,0,0,0,1,0,0,0.4794317687656053,0.0838818149468847,0.8782816229116945,1.0
0,1,0,0,0,1,0,0,1,0,0,0,0,0,0,1,0,0.29981473197440817,0.11458383415549689,0.8663484486873507,1.0
0,0,0,0,0,0,0,0,0,0,1,0,0,0,0,1,0,0.49880495559806043,0.07750078151739213,0.5465393794749402,1.0
0,1,0,0,0,0,0,0,0,0,1,0,0,0,0,1,0,0.4321692335995841,0.09822007075398888,0.8424821002386635,1.0
0,0,0,0,0,0,0,0,0,0,1,0,0,0,1,0,0,0.387279840320124,0.10791924066773799,0.7684964200477327,1.0
1,0,1,0,0,0,0,0,0,0,1,0,0,0,0,1,0,0.09938571262102944,0.31929947107886203,0.5059665871121717,0.14198782961460446
1,0,1,0,0,0,0,0,0,0,1,0,0,0,0,1,0,0.20143010646631235,0.19895951387355393,0.4272076372315035,0.15010141987829617
0,0,0,0,0,0,0,0,0,0,1,0,0,0,0,1,0,0.2360214642316978,0.13877330556944192,0.7494033412887828,0.5943204868154158
0,0,1,0,0,1,0,0,1,0,0,0,0,0,0,1,0,0.11683831110147287,0.28624614861819747,0.5465393794749402,1.0
0,1,0,0,0,0,0,0,1,0,0,0,0,0,0,1,0,0.27099230830048654,0.1469247764411499,0.8663484486873507,1.0
1,0,1,0,0,0,0,0,0,0,1,0,0,0,0,1,0,0.09387200417370611,0.37204760672619014,0.9164677804295942,0.15212981744421905
0,0,0,0,0,0,0,0,0,0,1,0,0,0,0,1,0,0.32524880816793716,0.12826960653681924,0.8782816229116945,1.0
0,0,0,0,0,0,0,0,1,0,0,0,0,0,0,1,0,0.37179600234052684,0.0584547707285725,0.8782816229116945,1.0
0,1,0,0,0,0,0,0,0,0,1,0,0,0,0,1,0,0.2555299236745674,0.15810288333552777,0.8424821002386635,0.5943204868154158
0,0,0,0,0,0,0,0,0,0,1,0,0,0,0,1,0,0.31543011844480184,0.0951619702187416,0.7494033412887828,1.0
1,0,1,0,0,1,0,0,0,0,1,0,0,0,0,1,0,0.092474187294707,0.37127380450208475,0.8591885441527445,0.17038539553752538
0,1,0,0,0,0,0,0,0,0,1,0,0,0,0,1,0,0.8919316291233198,0.048452845942390334,0.7684964200477327,1.0
0,0,0,0,0,0,0,0,0,0,1,0,0,0,0,1,0,0.4612253654177287,0.08100493571928978,0.6348448687350834,1.0
0,0,0,0,0,0,0,0,0,0,1,0,0,0,0,1,0,0.2446570639254494,0.07945354691077743,0.6801909307875893,1.0
0,0,1,0,0,0,0,0,0,0,1,0,0,0,0,1,0,0.4398124378007612,0.08359783841930953,0.477326968973747,1.0
0,1,0,0,0,0,0,0,0,0,1,0,0,0,0,1,0,0.2416759031292623,0.1688781145405022,0.7350835322195703,1.0
0,1,0,0,0,0,0,0,0,0,1,0,0,0,0,1,0,0.3361100782896471,0.06837553754502722,0.737470167064439,0.5943204868154158
0,0,0,0,0,0,0,0,0,0,1,0,0,0,0,1,0,0.190314675230826,0.09450195201277824,0.6801909307875893,1.0
0,0,0,0,0,0,0,0,0,0,1,0,0,0,0,1,0,0.3414565506097845,0.0990352554695776,0.6706443914081146,1.0
0,0,0,0,0,1,0,0,0,0,1,0,0,0,0,1,0,0.2534726024809825,0.1619907500435217,0.7971360381861574,0.797160243407708
0,0,0,0,0,0,0,0,0,0,1,0,0,0,0,1,0,0.46890215293901283,0.09002999601243512,0.7613365155131264,1.0
0,0,0,0,0,0,0,0,0,0,1,0,0,0,0,1,0,0.1842120031785906,0.20201492226477813,0.6801909307875893,0.09330628803245437
0,1,0,0,0,0,0,0,1,0,0,0,0,0,0,1,0,0.3850538949352166,0.08998711260087622,0.7613365155131264,1.0
0,0,1,0,0,0,0,0,0,0,1,0,0,0,0,1,0,0.30610313441989095,0.06266968201622726,0.6372315035799523,0.5943204868154158
0,1,1,0,0,0,0,0,0,0,1,0,0,0,0,1,0,0.3201706607737564,0.12421191876676277,0.5131264916467779,1.0
1,0,1,0,0,0,0,0,0,0,1,0,0,0,0,1,0,0.07268321491820953,0.2756733527718795,0.737470167064439,0.10953346855983774
1,0,1,0,0,0,0,0,0,0,1,0,0,0,0,1,0,0.16151438198064247,0.22810267135943751,0.6801909307875893,0.09330628803245437
1,0,1,0,0,0,0,0,0,0,1,0,0,0,0,1,0,0.1988902295367003,0.20196534165709237,0.7350835322195703,0.06288032454361056
0,0,0,0,0,0,0,0,0,0,1,0,0,0,0,1,0,0.13322303135113134,0.27358414181399554,0.737470167064439,0.10953346855983774
0,1,0,0,0,0,0,0,0,0,1,0,0,0,0,1,0,0.30232400466304793,0.13785299752040334,0.7613365155131264,1.0
0,1,0,0,0,0,0,0,1,0,0,0,0,0,0,1,0,0.2191143266844912,0.17370224588779176,0.6372315035799523,1.0
0,0,0,0,0,0,0,0,0,0,1,0,0,0,0,1,0,0.383154436775893,0.1052340999799582,0.7613365155131264,1.0
0,0,0,0,0,0,0,0,0,0,1,0,0,0,0,1,0,0.42534803820834205,0.06463648818163478,0.477326968973747,1.0
0,0,0,0,0,0,0,0,0,0,1,0,0,0,0,1,0,0.3782730092741532,0.1065380905605297,0.7350835322195703,1.0
0,0,0,0,0,0,0,0,0,0,1,0,0,0,0,1,0,0.12767220605185553,0.13887517557681986,0.5393794749403342,0.15010141987829617
0,1,0,0,0,0,0,0,0,0,1,0,0,0,0,1,0,0.47003776212942905,0.09045172792530194,0.7350835322195703,1.0
0,1,0,0,0,0,0,0,0,0,1,0,0,0,0,1,0,0.4438567854009084,0.09555965295371507,0.7350835322195703,1.0
0,0,0,0,0,1,0,0,0,0,1,0,0,0,0,0,1,0.17718869995408396,0.22358804244645317,0.8210023866348448,1.0
0,0,0,0,0,0,0,0,0,0,1,0,0,0,1,0,0,0.48653473231430294,0.08731649252934677,0.7947494033412885,1.0
0,0,0,0,0,0,0,0,0,0,1,0,0,0,0,1,0,0.197892726636427,0.16995945084053507,0.9045346062052504,0.15010141987829617
0,0,1,0,0,0,0,0,0,0,1,0,0,0,0,1,0,0.473406732335619,0.0795599868812473,0.7947494033412885,1.0
0,0,0,0,0,0,0,0,0,0,1,0,0,0,1,0,0,0.5600329353882879,0.07650041460995217,0.7947494033412885,1.0
0,1,0,0,0,0,0,0,0,0,0,1,0,0,0,1,0,0.27677389094815574,0.1436363908016712,0.8114558472553699,1.0
0,0,1,0,0,0,0,0,0,0,1,0,0,0,0,1,0,0.21240524805852357,0.1070764746186655,0.6921241050119331,1.0
0,1,0,0,0,0,0,0,0,0,1,0,0,0,0,1,0,0.3587473617424433,0.11209061077935557,0.8926014319809068,0.5943204868154158
0,0,1,0,0,0,0,0,0,0,1,0,0,0,0,1,0,0.26984955478601363,0.12662070509247686,0.8424821002386635,1.0
0,0,0,0,0,0,0,0,0,0,1,0,0,0,0,1,0,0.2816344486361635,0.10888373787092459,0.8424821002386635,1.0
0,0,0,0,0,0,0,0,0,0,1,0,0,0,0,1,0,0.40211393550268415,0.09722446225641589,0.8424821002386635,1.0
0,0,0,0,0,0,0,0,0,0,1,0,0,0,0,1,0,0.4520012421433833,0.09232867710405003,0.9045346062052504,0.5943204868154158
0,0,0,0,0,0,0,0,0,0,1,0,0,0,0,1,0,0.4576129169306705,0.08989973911505589,0.9045346062052504,1.0
0,1,0,0,0,0,0,0,0,0,1,0,0,0,0,1,0,0.3748336576316523,0.11257780625561,0.7947494033412885,1.0
0,0,0,0,0,0,0,0,0,0,1,0,0,0,0,1,0,0.20155714383620735,0.07222708530826434,0.7947494033412885,1.0
0,0,0,0,0,0,0,0,1,0,0,0,0,0,0,1,0,0.32910183398884596,0.07754580556005915,0.4033412887828162,0.5943204868154158
0,0,0,0,0,0,0,0,0,0,1,0,0,0,0,1,0,0.4265607209532473,0.0986714525967215,0.7947494033412885,1.0
0,0,0,0,0,0,0,0,0,0,1,0,0,0,0,1,0,0.18493122408098867,0.1779691468890537,0.9045346062052504,1.0
0,1,0,0,0,0,0,0,1,0,0,0,0,0,0,1,0,0.15949596159741958,0.19358652680705615,0.8400954653937946,1.0
0,0,0,0,0,0,0,0,0,0,1,0,0,0,0,1,0,0.47198255107212655,0.08587095903171224,0.9045346062052504,1.0
0,0,0,0,0,0,0,0,0,0,1,0,0,0,0,1,0,0.361513242072955,0.09400239087069986,0.8019093078758948,0.797160243407708
0,1,0,0,0,0,0,0,0,0,1,0,0,0,0,1,0,0.3315743218098038,0.11698994428020362,0.8257756563245822,1.0
1,0,1,0,0,0,0,0,0,0,1,0,0,0,0,1,0,0.1041014633225246,0.34337470757293337,0.7971360381861574,0.12981744421906694
0,0,1,0,0,1,0,0,1,0,0,0,0,0,0,1,0,0.1937288906311371,0.1640277003825432,0.7350835322195703,1.0
0,0,0,0,0,1,0,0,0,0,1,0,0,0,0,0,1,0.17255754478616872,0.2287752872003128,0.9069212410501193,1.0
0,0,0,0,0,0,0,0,0,0,1,0,0,0,0,1,0,0.16897649273575627,0.22149024309267465,0.6801909307875893,0.09330628803245437
0,0,0,0,0,0,0,0,0,0,1,0,0,0,0,1,0,0.48810269208019913,0.08288223276206774,0.665871121718377,1.0
0,0,0,0,0,1,0,0,0,0,1,0,0,0,0,1,0,0.11942189841920313,0.3090659640415677,0.8042959427207637,1.0
0,0,0,0,0,0,0,0,0,0,1,0,0,0,0,1,0,0.15629086446456783,0.12671574108834963,0.5966587112171837,0.15010141987829617
0,1,0,0,0,1,0,0,0,0,1,0,0,0,0,1,0,0.07123163969272975,0.4439511359262125,0.8830548926014319,1.0
0,0,0,0,0,0,0,0,0,0,1,0,0,0,0,1,0,0.46676658828724094,0.0860086108807541,0.7804295942720763,1.0
0,1,0,0,0,0,0,0,1,0,0,0,0,0,0,1,0,0.128342361309105,0.2603937982571437,0.6801909307875893,0.797160243407708
0,0,0,0,0,0,0,0,0,0,1,0,0,0,0,1,0,0.18677137301766114,0.1792742755317326,0.6801909307875893,1.0
0,0,0,0,0,0,0,0,0,0,1,0,0,0,0,1,0,0.28296448284758086,0.08690684672176148,0.7350835322195703,0.797160243407708
0,1,0,0,0,0,0,0,0,0,1,0,0,0,0,1,0,0.2654534375712142,0.15393145401548503,0.7350835322195703,1.0
0,1,0,0,0,0,0,0,0,0,1,0,0,0,0,1,0,0.398249635493438,0.08594181870000255,0.42482100238663484,1.0
0,1,0,0,0,1,0,0,0,0,0,0,1,0,0,1,0,0.13247772947574118,0.28359206640521145,0.9069212410501193,1.0
0,0,1,0,0,0,0,0,0,0,1,0,0,0,0,1,0,0.5452074154082912,0.07463492163723902,0.7804295942720763,1.0
0,0,0,0,0,0,0,0,0,0,1,0,0,0,0,1,0,0.3374238225640002,0.08691084987329774,0.9069212410501193,1.0
1,0,1,0,0,0,0,0,0,0,1,0,0,0,0,1,0,0.17011758812123687,0.2114099193211949,0.5966587112171837,0.15010141987829617
0,1,0,0,0,1,0,0,0,0,1,0,0,0,0,1,0,0.04724561097998519,0.5666467126979118,0.9069212410501193,1.0
0,0,0,0,0,0,0,0,0,0,1,0,0,0,0,1,0,0.4991578554155988,0.08340192101191324,0.7350835322195703,1.0
0,0,0,0,0,0,0,0,1,0,0,0,0,0,0,1,0,0.3296289417530495,0.11558717112145604,0.42482100238663484,0.797160243407708
0,0,0,0,0,0,0,0,0,0,1,0,0,0,0,1,0,0.4368134977879079,0.0962604654026458,0.8138424821002386,1.0
0,0,0,0,0,0,0,0,0,0,1,0,0,0,0,1,0,0.4681913484551775,0.06897729617688368,0.7350835322195703,1.0
1,0,1,0,0,0,0,0,0,0,1,0,0,0,0,1,0,0.14779187769032298,0.2338988878916572,0.7804295942720763,0.1440162271805274
0,0,0,0,0,0,0,0,0,0,1,0,0,0,0,1,0,0.21986883605174612,0.149852771726796,0.7136038186157518,1.0
0,1,0,0,0,0,0,0,0,0,1,0,0,0,0,1,0,0.3856264427270307,0.08478036744919833,0.665871121718377,1.0
0,0,0,0,0,0,0,0,0,0,1,0,0,0,0,1,0,0.32180571940512576,0.11408708485798727,1.0,1.0
0,1,0,0,0,0,0,0,0,0,0,0,1,0,0,1,0,0.12661870531721484,0.23848994836186574,0.2625298329355608,1.0
0,1,0,0,0,0,0,0,0,0,1,0,0,0,0,1,0,0.16248798078813032,0.19849843586644367,0.25298329355608595,1.0
0,0,0,0,0,0,0,0,0,0,1,0,0,0,1,0,0,0.4967477340586485,0.06945827625782841,0.7923627684964201,1.0
0,0,0,0,0,0,0,0,0,0,1,0,0,0,0,1,0,0.22809207320457098,0.14235487831507224,0.7470167064439142,0.3914807302231238
0,1,0,0,0,0,0,0,0,0,1,0,0,0,0,1,0,0.24194116305729807,0.08329777590194744,0.5990453460620524,1.0
0,0,0,0,0,0,0,0,0,0,1,0,0,0,0,1,0,0.23355726329567394,0.1291292659027553,0.7470167064439142,0.3914807302231238
0,0,0,0,0,0,0,0,0,0,1,0,0,0,0,1,0,0.31326884941574723,0.09518144417234758,1.0,1.0
0,0,0,0,0,0,0,0,0,0,1,0,0,0,0,1,0,0.291603129014986,0.14188841767344562,1.0,1.0
0,0,0,0,0,0,0,0,0,0,1,0,0,0,0,1,0,0.3479497473346543,0.0752947946449142,0.7708830548926013,0.5943204868154158
0,1,0,0,0,1,0,0,0,0,0,0,1,0,0,1,0,0.09883906429512478,0.3303287828901603,0.7470167064439142,1.0
0,0,0,0,0,0,0,0,0,0,1,0,0,0,1,0,0,0.38998608677332547,0.10061970836718315,0.9188544152744629,1.0
0,0,0,0,0,1,0,0,0,0,1,0,0,0,0,1,0,0.2508605222644215,0.09221622403158881,,1.0
0,1,0,0,0,0,0,0,0,0,1,0,0,0,0,1,0,0.18030676365458811,0.21884971202174777,1.0,1.0
0,0,0,0,0,0,0,0,0,0,1,0,0,0,0,1,0,0.6613909238938894,0.06171804768314963,0.7923627684964201,1.0
0,0,0,0,0,0,0,0,0,0,1,0,0,0,1,0,0,0.39827563289635737,0.1008978523951891,0.8615751789976134,1.0
0,1,0,0,0,0,0,0,0,0,1,0,0,0,0,1,0,0.26904730507708335,0.13356551706206055,0.6181384248210025,1.0
0,1,0,0,0,0,0,0,0,0,1,0,0,0,0,1,0,0.3202419164833003,0.12360104760554756,0.9188544152744629,1.0
0,0,0,0,0,0,0,0,0,0,1,0,0,0,0,1,0,0.580742401650864,0.0692626816478669,0.6443914081145585,1.0
0,1,0,0,0,0,0,0,0,0,1,0,0,0,0,1,0,0.29204695027097394,0.13825280342203697,0.9188544152744629,0.797160243407708
0,0,0,0,0,0,0,0,0,0,1,0,0,0,0,1,0,0.44661345442702594,0.09077014689206206,0.9188544152744629,1.0
0,0,0,0,0,0,0,0,0,0,1,0,0,0,0,1,0,0.45074215878328544,0.07884039698464225,0.8544152744630071,1.0
0,0,0,0,0,0,0,0,0,0,1,0,0,0,0,1,0,0.3846239447347186,0.10488683789137573,0.8186157517899761,1.0
0,0,0,0,0,0,0,0,0,0,1,0,0,0,0,1,0,0.42707132201215015,0.09445506295645643,0.6181384248210025,1.0
0,0,0,0,0,0,0,0,0,0,1,0,0,0,1,0,0,0.4639541696396435,0.08815028973459453,0.8186157517899761,1.0
0,0,0,0,0,0,0,0,0,0,1,0,0,0,0,1,0,0.4345464953678858,0.09010361495301507,0.8782816229116945,1.0
0,1,0,0,0,0,0,0,0,0,0,1,0,0,0,1,0,0.26955160114218213,0.13773142316104112,0.7875894988066825,1.0
0,0,0,0,0,0,0,0,0,0,1,0,0,0,0,1,0,0.134838390760936,0.27473623694472304,0.4797136038186158,0.12170385395537527
0,1,0,0,0,0,0,0,0,0,0,0,1,0,0,1,0,0.12657640134099807,0.2898243950272114,0.4797136038186158,1.0
0,1,0,0,0,0,0,0,1,0,0,0,0,0,0,1,0,0.12056703288103708,0.2831104940121535,0.7875894988066825,1.0
0,1,0,0,0,0,0,0,1,0,0,0,0,0,0,1,0,0.11250304478833854,0.32482395646957285,0.8615751789976134,1.0
0,0,1,0,0,0,0,0,0,0,1,0,0,0,0,1,0,0.24474909714707155,0.07526886471845066,0.7684964200477327,1.0
0,0,0,0,0,0,0,0,0,0,1,0,0,0,0,1,0,0.24955833367901398,0.06141382527752671,0.7875894988066825,1.0
0,0,0,0,0,0,0,0,0,0,0,0,1,0,0,1,0,0.1926777186419142,0.13035162135712475,0.8615751789976134,1.0
0,0,0,0,0,0,0,0,0,0,1,0,0,0,0,1,0,0.1386658931379561,0.27502839073470164,0.2243436754176611,0.1359026369168357
0,1,0,0,0,0,0,0,0,0,1,0,0,0,0,1,0,0.20747266905207704,0.0725389206832948,0.7875894988066825,0.5943204868154158
0,0,0,0,0,0,0,0,0,0,1,0,0,0,0,1,0,0.3045370568727289,0.13544924498659985,0.8615751789976134,1.0
0,1,0,0,0,1,0,0,0,0,1,0,0,0,0,1,0,0.0383447734635833,0.6208964381202365,0.7875894988066825,1.0
1,0,1,0,0,0,0,0,0,0,1,0,0,0,0,1,0,0.18008614207456797,0.21519298157743766,0.6443914081145585,0.14807302231237324
0,1,0,0,0,0,0,0,1,0,0,0,0,0,0,1,0,0.3321114280648271,0.123989143618366,0.7255369928400954,1.0
0,0,0,0,0,1,0,0,0,0,1,0,0,0,0,1,0,0.2093671153096983,0.1854491662845733,0.7875894988066825,0.5943204868154158
0,0,1,0,0,0,0,0,0,0,1,0,0,0,0,1,0,0.2816827718337238,0.10437021315993654,0.7875894988066825,1.0
0,0,0,0,0,0,0,0,0,0,1,0,0,0,0,1,0,0.28087635215172024,0.14755041922267895,0.8615751789976134,1.0
0,1,0,0,0,0,0,0,1,0,0,0,0,0,0,1,0,0.3013287315531978,0.11608845247378236,0.6181384248210025,0.5943204868154158
0,0,1,0,0,0,0,0,0,0,1,0,0,0,0,1,0,0.21640245351059423,0.13184697726746802,0.6443914081145585,1.0
0,0,1,0,0,0,0,0,0,0,1,0,0,0,0,1,0,0.3484133227623405,0.11302206019577275,0.4797136038186158,1.0
0,1,0,0,0,0,0,0,0,0,1,0,0,0,0,1,0,0.3988760059329619,0.0653061491014213,0.7255369928400954,1.0
0,1,0,0,0,0,0,0,0,0,0,0,1,0,0,1,0,0.24085044304048786,0.1375963277859101,0.8591885441527445,1.0
0,1,1,0,0,0,0,0,0,0,1,0,0,0,0,1,0,0.2078968414583337,0.18653444396221477,0.7995226730310263,1.0
0,0,0,0,0,0,0,0,0,0,1,0,0,0,0,1,0,0.34685585754702447,0.10857656788528576,0.45823389021479716,1.0
1,0,1,0,0,0,0,0,0,0,1,0,0,0,0,1,0,0.12109635198497994,0.30345836418527594,0.4272076372315035,0.15010141987829617
0,0,0,0,0,0,0,0,0,0,1,0,0,0,0,1,0,0.46767733763609826,0.08710128009480825,0.8782816229116945,1.0
0,0,0,0,0,0,0,0,0,0,0,0,1,0,0,1,0,0.7439235387406746,0.057933539805142875,0.8782816229116945,1.0
0,0,0,0,0,0,0,0,0,0,1,0,0,0,0,1,0,0.10680931757715043,0.33731170538102806,0.8615751789976134,0.13793103448275862
0,0,0,0,0,0,0,0,0,0,1,0,0,0,0,1,0,0.3750938871433736,0.10822959267459784,0.7303102625298328,0.5943204868154158
0,1,0,0,0,0,0,0,0,0,1,0,0,0,0,1,0,0.19703719841419082,0.11452144303236353,0.8305489260143197,0.797160243407708
0,0,0,0,0,0,0,0,0,0,1,0,0,0,1,0,0,0.41827883503441804,0.09892899975175001,0.8305489260143197,1.0
0,0,0,0,0,0,0,0,1,0,0,0,0,0,0,1,0,0.40212824465725405,0.10206684373697013,0.8305489260143197,1.0
0,0,0,0,0,0,0,0,0,0,1,0,0,0,0,1,0,0.30787251673638594,0.1310187547334901,0.6610978520286397,1.0
0,0,0,0,0,0,0,0,0,0,1,0,0,0,0,1,0,0.4998281612090861,0.07894862032588752,,1.0
0,0,0,0,0,0,0,0,0,0,1,0,0,0,0,1,0,0.39238726313266814,0.10453470943937329,0.6730310262529833,1.0
0,0,0,0,0,0,0,0,0,0,1,0,0,0,0,1,0,0.43449870180748557,0.08129970309303747,0.7159904534606205,1.0
0,0,0,0,0,0,0,0,0,0,1,0,0,0,0,1,0,0.45818580373437945,0.08645981110819353,0.8591885441527445,1.0
1,0,1,0,0,0,0,0,0,0,1,0,0,0,0,1,0,0.1581187829841083,0.24552217504289706,0.2673031026252984,0.15415821501014199
0,0,0,0,0,0,0,0,0,0,1,0,0,0,0,1,0,0.37949147415110135,0.111256112749151,0.6610978520286397,1.0
0,0,1,1,0,1,0,0,1,0,0,0,0,0,0,1,0,0.05129841984928308,0.5341746249563887,0.8758949880668256,1.0
0,0,1,0,0,0,0,0,0,0,1,0,0,0,0,1,0,0.4595156536801538,0.06643983272228485,0.8424821002386635,1.0
0,0,0,0,0,0,0,0,0,0,1,0,0,0,0,1,0,0.34479417178710897,0.12110381139516073,0.8758949880668256,1.0
0,0,0,0,0,0,0,0,0,0,1,0,0,0,0,1,0,0.3708750831402517,0.09353456747905381,0.8758949880668256,1.0
0,0,0,0,0,0,0,0,0,0,1,0,0,0,0,1,0,0.4641958107488982,0.08232287455361917,0.7159904534606205,1.0
1,0,1,0,0,0,0,0,0,0,1,0,0,0,0,1,0,0.112934789322182,0.3211247362102534,0.7136038186157518,0.1237322515212982
0,0,0,0,0,0,0,0,0,0,1,0,0,0,0,1,0,0.3062072674527191,0.12442868589972629,0.7136038186157518,1.0
0,1,0,0,0,0,0,0,0,0,0,1,0,0,0,1,0,0.2876148992350701,0.12856734981081977,0.8591885441527445,1.0
0,0,0,0,0,0,0,0,0,0,1,0,0,0,0,1,0,0.40841955952233383,0.10166103136651905,0.6491646778042959,0.5943204868154158
0,1,0,0,0,0,0,0,0,0,0,0,1,0,0,1,0,0.2464001379861399,0.1615823033581509,0.8591885441527445,1.0
0,0,0,0,0,0,0,0,0,0,1,0,0,0,0,1,0,0.2757772139459203,0.11632259784442855,0.6610978520286397,1.0
0,0,0,0,0,0,0,0,0,0,1,0,0,0,0,1,0,0.4576129169306705,0.09282641469041031,0.6515513126491648,0.5943204868154158
0,0,0,0,0,0,0,0,1,0,0,0,0,0,0,1,0,0.3888407387919939,0.10829237729989756,0.9069212410501193,1.0
0,1,0,0,0,0,0,0,0,0,1,0,0,0,0,1,0,0.3175952647573906,0.11575075371648806,0.6968973747016707,1.0
0,0,0,0,0,0,0,0,0,0,1,0,0,0,0,1,0,0.30140046586285985,0.1343074742409319,0.7780429594272076,1.0
0,1,0,0,0,0,0,0,1,0,0,0,0,0,0,1,0,0.22203723675751796,0.1830463055269934,0.7470167064439142,1.0
0,0,0,0,0,0,0,0,0,0,1,0,0,0,0,1,0,0.4699393332376706,0.08770149474256456,0.9069212410501193,1.0
0,0,0,0,0,0,0,0,0,0,1,0,0,0,0,1,0,0.45382242434680536,0.09370627899959301,0.7708830548926013,1.0
0,0,0,0,0,0,0,0,0,0,1,0,0,0,0,1,0,0.24156879053197616,0.1618906524206131,0.9069212410501193,1.0
0,1,0,0,0,0,0,0,0,0,1,0,0,0,0,1,0,0.18937465353092114,0.14703635047070665,0.7470167064439142,0.5943204868154158
0,0,0,0,0,0,0,0,0,0,1,0,0,0,0,1,0,0.49892338982746726,0.07292739890529563,0.6968973747016707,1.0
1,0,1,0,0,0,0,0,0,0,1,0,0,0,0,1,0,0.11195656579808604,0.32466331739411497,0.5966587112171837,0.15010141987829617
0,0,0,0,0,0,0,0,0,0,1,0,0,0,0,1,0,0.36274162745251914,0.10393248781188073,0.7708830548926013,1.0
0,0,0,0,0,0,0,0,0,0,1,0,0,0,0,1,0,0.3007013052288455,0.13857894741692586,0.8520286396181382,1.0
0,0,0,0,0,0,0,0,1,0,0,0,0,0,0,1,0,0.27150568185217133,0.15230704064568207,0.8520286396181382,1.0
0,0,0,0,0,0,0,0,0,0,1,0,0,0,0,1,0,0.20845401369691832,0.17187342159696029,0.7470167064439142,0.5943204868154158
0,1,0,0,0,0,0,0,1,0,0,0,0,0,0,1,0,0.18183808716860833,0.10693724895785084,0.7804295942720763,0.5943204868154158
0,0,0,0,0,0,0,0,0,0,1,0,0,0,0,1,0,0.43668403532853806,0.09503857404061802,0.9069212410501193,1.0
0,1,0,0,0,0,0,0,0,0,1,0,0,0,0,1,0,0.25987654436180296,0.15506275163527058,0.9069212410501193,1.0
0,1,0,0,0,0,0,0,0,0,1,0,0,0,0,1,0,0.22059555245481885,0.14785033748507384,0.8520286396181382,1.0
0,0,0,0,0,0,0,0,0,0,1,0,0,0,0,1,0,0.2811991841721914,0.12535996826887846,0.7112171837708829,1.0
1,0,1,0,0,0,0,0,0,0,1,0,0,0,0,1,0,0.13378759496606266,0.28162163730151024,0.8210023866348448,0.13387423935091278
0,0,0,0,0,0,0,0,0,0,1,0,0,0,0,1,0,0.36423372512967883,0.11562814429271619,0.665871121718377,1.0
0,0,0,0,0,0,0,0,0,0,1,0,0,0,1,0,0,0.4342543440682254,0.08467061632536259,0.8615751789976134,1.0
0,0,0,0,0,0,0,0,0,0,1,0,0,0,0,1,0,0.2850141544526543,0.09617306393831689,0.7708830548926013,1.0
0,0,0,0,0,0,0,0,0,0,1,0,0,0,0,1,0,0.21727391507762442,0.17301889996374836,0.8615751789976134,0.11561866125760652
1,0,1,0,0,0,0,0,0,0,1,0,0,0,0,1,0,0.10586057638079337,0.33193840966949417,0.7422434367541766,0.09330628803245437
0,0,1,0,0,0,0,0,0,0,1,0,0,0,0,1,0,0.38868107659294,0.10876831050151282,0.7326968973747017,1.0
0,1,0,0,0,0,0,0,1,0,0,0,0,0,0,1,0,0.4165286755662553,0.0845800561551046,0.4797136038186158,1.0
0,0,0,0,0,1,0,0,0,0,1,0,0,0,0,0,1,0.17564498156477878,0.22529170471570734,0.8615751789976134,1.0
0,1,0,0,0,0,0,0,0,0,0,0,1,0,0,1,0,0.4282361975532207,0.07919305736102357,0.6443914081145585,1.0
0,0,0,0,0,0,0,0,0,0,1,0,0,0,0,1,0,0.1810342667238765,0.07809376371044413,0.7875894988066825,1.0
0,0,0,0,0,0,0,0,0,0,1,0,0,0,0,1,0,0.15965363784730963,0.23717419685622132,0.29594272076372313,0.13793103448275862
0,1,0,0,0,0,0,0,1,0,0,0,0,0,0,1,0,0.29972365982779686,0.1375346236139718,0.7422434367541766,1.0
1,0,1,0,0,0,0,0,0,0,1,0,0,0,0,1,0,0.18278382863199596,0.19044208751405017,0.28400954653937943,0.13184584178498987
0,0,1,0,0,0,0,0,0,0,1,0,0,0,0,1,0,0.13016100078365989,0.03961179680681248,0.7875894988066825,1.0
0,0,0,0,0,0,0,0,0,0,1,0,0,0,0,1,0,0.5069686485864052,0.07365145510829879,0.4797136038186158,1.0
0,0,0,0,0,0,0,0,0,0,1,0,0,0,0,1,0,0.2794354461767995,0.09446138558198713,0.7875894988066825,0.5943204868154158
0,0,1,0,0,0,0,0,1,0,0,0,0,0,0,1,0,0.14188937924283476,0.13289145877070827,0.7875894988066825,0.5943204868154158
0,1,0,0,0,0,0,0,0,0,1,0,0,0,0,1,0,0.16554288884935278,0.22567835018862614,0.7875894988066825,1.0
0,0,0,0,0,0,0,0,1,0,0,0,0,0,0,1,0,0.12468512123224303,0.2937949846774434,0.7875894988066825,0.5943204868154158
1,0,1,0,0,0,0,0,0,0,1,0,0,0,0,1,0,0.2311217351632749,0.14925340810140497,0.7899761336515512,0.13387423935091278
0,0,0,0,0,0,0,0,0,0,1,0,0,0,0,1,0,0.2649545426420473,0.12527325417325405,0.7422434367541766,1.0
0,0,0,0,0,0,0,0,1,0,0,0,0,0,0,1,0,0.4290836563195249,0.09889691068394585,0.7804295942720763,1.0
0,1,0,0,0,0,0,0,0,0,1,0,0,0,0,1,0,0.35483255972110783,0.11856999250892938,0.11933174224343679,1.0
0,0,0,0,0,0,0,0,0,0,1,0,0,0,0,1,0,0.7784936927639431,0.055038579904444385,0.7804295942720763,1.0
0,0,0,0,0,1,0,0,0,0,1,0,0,0,0,1,0,0.18045370581236095,0.2018741765938492,0.7875894988066825,1.0
0,0,0,0,0,0,0,0,1,0,0,0,0,0,0,1,0,0.7243574204574417,0.058816668047894885,0.7183770883054892,1.0
0,0,0,0,0,0,0,0,1,0,0,0,0,0,0,1,0,0.3753508843617142,0.10513392447776021,0.6443914081145585,1.0
0,1,0,0,0,0,0,0,0,0,1,0,0,0,0,1,0,0.48793187983577696,0.08710048435274222,0.6443914081145585,0.5943204868154158
0,0,1,0,0,1,0,0,0,0,1,0,0,0,0,1,0,0.29608573517389475,0.13805407835912117,0.8830548926014319,1.0
0,0,0,0,0,0,0,0,0,0,0,0,1,0,0,1,0,0.26261017528949837,0.14196236121486877,0.8830548926014319,1.0
0,1,0,0,0,0,0,0,0,0,0,0,1,0,0,1,0,0.14774039121440746,0.24711689828396233,0.7875894988066825,0.5943204868154158
0,0,0,0,0,0,0,0,0,0,1,0,0,0,0,1,0,0.4751068696058555,0.08369898590164726,0.7804295942720763,1.0
0,0,1,0,0,0,0,0,0,0,1,0,0,0,0,1,0,0.46910927401004476,0.08491014856162692,0.9069212410501193,1.0
0,0,0,0,0,0,0,0,0,0,1,0,0,0,0,1,0,0.4977261777742253,0.08486241615188989,0.8400954653937946,1.0
0,0,0,0,0,0,0,0,0,0,1,0,0,0,0,1,0,0.4378109619405459,0.09679791524253668,0.7255369928400954,1.0
0,0,0,0,0,1,0,0,0,0,1,0,0,0,0,1,0,0.08400925639905743,0.4009584686952586,0.7875894988066825,1.0
0,0,0,0,0,0,0,0,1,0,0,0,0,0,0,1,0,0.436543962646947,0.09732835509449195,0.5465393794749402,1.0
0,1,0,0,0,0,0,0,1,0,0,0,0,0,0,1,0,0.2334177732347348,0.10801206437405299,0.9069212410501193,1.0
1,0,1,0,0,0,0,0,0,0,1,0,0,0,0,1,0,0.10846167358030841,0.32189568381608336,0.9069212410501193,0.15010141987829617
0,0,0,0,0,0,0,0,0,0,1,0,0,0,0,1,0,0.49230017941576937,0.07301531032623396,0.5966587112171837,0.5943204868154158
0,1,0,0,0,0,0,0,0,0,0,0,1,0,0,1,0,0.23820688040125176,0.16313899293943498,0.8615751789976134,1.0
0,1,0,0,0,0,0,0,0,0,1,0,0,0,0,1,0,0.1756198787933993,0.2225504581942041,0.8615751789976134,1.0
0,0,0,0,0,1,1,0,0,0,0,0,0,0,0,1,0,0.1234617618917108,0.1291891466754134,0.8878281622911692,1.0
0,1,0,0,0,0,0,0,0,0,1,0,0,0,0,1,0,0.17459410208272827,0.14021157836801668,0.8615751789976134,1.0
0,0,0,0,0,0,0,0,0,0,1,0,0,0,0,1,0,0.2664061124384688,0.11010421890897391,0.7279236276849643,1.0
0,0,0,1,0,1,0,0,1,0,0,0,0,0,0,1,0,0.10776044765352054,0.25117435484752926,0.7708830548926013,1.0
0,1,0,0,0,0,0,0,0,0,1,0,0,0,0,1,0,0.10966965425037029,0.3049283218425319,0.8210023866348448,1.0
0,0,0,0,0,0,0,0,0,0,1,0,0,0,0,1,0,0.4735533187113352,0.08890618086240885,0.532219570405728,1.0
0,1,1,0,0,0,0,0,0,0,1,0,0,0,0,1,0,0.19233190764987207,0.17449197471418335,0.9069212410501193,0.797160243407708
0,0,0,0,0,1,0,0,0,0,1,0,0,0,0,1,0,0.11464730490793833,0.25227062396091365,0.9069212410501193,0.14807302231237324
0,0,0,0,0,0,0,0,0,0,1,0,0,0,0,1,0,0.3582646598731796,0.0875580878630816,0.7326968973747017,1.0
0,0,1,0,0,0,0,0,1,0,0,0,0,0,0,1,0,0.11910057071814066,0.3101514676154813,0.8210023866348448,0.797160243407708
0,1,1,0,0,1,0,0,0,0,1,0,0,0,0,1,0,0.14891316621135497,0.2581654887749541,0.7708830548926013,1.0
1,0,1,0,0,0,0,0,0,0,1,0,0,0,0,1,0,0.1186081525641227,0.2292172239325423,0.5584725536992841,0.14604462474645033
0,0,0,0,0,0,0,0,1,0,0,0,0,0,0,1,0,0.30275657456181576,0.13505863933243442,0.8019093078758948,1.0
0,1,0,0,0,0,0,0,0,0,1,0,0,0,0,1,0,0.2890483747045011,0.14017928125962242,0.8019093078758948,0.5943204868154158
0,0,1,0,0,0,0,0,0,0,1,0,0,0,0,1,0,0.39625159928010073,0.07771316975914086,0.7756563245823389,0.5943204868154158
0,1,1,0,0,1,0,0,1,0,0,0,0,0,0,1,0,0.18974884550081175,0.21043021397134495,0.9069212410501193,1.0
0,1,0,0,0,0,0,0,1,0,0,0,0,0,0,1,0,0.37694110772408734,0.08379022762251927,0.8210023866348448,1.0
0,0,0,0,0,0,0,0,0,0,1,0,0,0,0,1,0,0.33238998189889923,0.11275121633404198,0.5823389021479712,1.0
0,1,0,0,0,0,1,0,0,0,0,0,0,0,0,1,0,0.16396515235818832,0.17322151206867412,0.8305489260143197,1.0
0,0,0,0,0,0,0,0,0,0,1,0,0,0,0,1,0,0.2806542001231663,0.1449869482463069,0.8305489260143197,1.0
0,1,0,0,0,0,0,0,0,0,1,0,0,0,0,1,0,0.41941787152365406,0.09532106112142638,0.701670644391408,1.0
0,1,0,0,0,0,0,0,0,0,1,0,0,0,0,1,0,0.3846687528359959,0.08850422761640481,0.532219570405728,1.0
0,0,0,0,0,0,0,0,0,0,1,0,0,0,0,1,0,0.456396698220285,0.0882896619985843,0.8019093078758948,1.0
0,1,0,0,0,0,0,0,1,0,0,0,0,0,0,1,0,0.14975818362503446,0.15995804824087598,0.3102625298329356,1.0
0,0,0,0,0,0,0,0,0,0,1,0,0,0,1,0,0,0.45967659403351613,0.07946743995718815,0.8615751789976134,1.0
0,0,0,0,0,0,0,0,0,0,0,0,1,0,0,1,0,0.2988343179926162,0.11331954229413872,0.8615751789976134,1.0
0,0,0,0,0,0,0,0,0,0,1,0,0,0,0,1,0,0.36340165340492886,0.10448355261241478,0.8615751789976134,1.0
0,0,1,0,0,0,0,0,0,0,1,0,0,0,0,1,0,0.30163066063903216,0.11330371079495792,0.9069212410501193,1.0
0,1,1,0,0,0,0,0,0,0,0,0,1,0,0,1,0,0.3739138059909729,0.09687313063372975,0.9069212410501193,0.797160243407708
0,1,0,0,0,0,0,0,0,0,1,0,0,0,0,1,0,0.22147678703733592,0.09636904685152221,0.8663484486873507,0.797160243407708
0,0,0,0,0,0,0,0,0,0,1,0,0,0,0,1,0,0.4059682189500589,0.08434526062828498,0.8377088305489258,1.0
0,0,0,0,0,1,0,0,0,0,1,0,0,0,1,0,0,0.3995791794630775,0.09687486675663154,0.8663484486873507,1.0
0,0,0,0,0,0,0,0,0,0,1,0,0,0,0,1,0,0.0961623745577329,0.35508503304655814,0.6443914081145585,0.14807302231237324
0,0,0,0,0,0,0,0,0,0,1,0,0,0,0,1,0,0.3471164508344482,0.12106088329109736,0.7494033412887828,1.0
0,1,0,0,0,0,0,0,0,0,1,0,0,0,0,1,0,0.23292170665761638,0.15905819939549862,0.7494033412887828,1.0
0,1,0,0,0,0,0,0,1,0,0,0,0,0,0,1,0,0.297510836974043,0.11951761730558502,0.8019093078758948,1.0
0,0,0,0,0,0,0,0,0,0,1,0,0,0,0,1,0,0.22434578827067037,0.18085848785568223,0.8663484486873507,1.0
0,0,0,0,0,0,0,0,0,0,1,0,0,0,0,1,0,0.23052367130962997,0.1354473972783958,0.8042959427207637,1.0
0,0,0,0,0,0,0,0,0,0,1,0,0,0,0,1,0,0.2680360100586522,0.08542651453727339,0.7684964200477327,1.0
0,0,0,0,0,0,0,0,1,0,0,0,0,0,0,1,0,0.31999958509086457,0.10200753623400621,0.9212410501193318,0.797160243407708
0,0,0,0,0,0,0,0,0,0,1,0,0,0,1,0,0,0.4418025167833685,0.09359207213961857,0.9212410501193318,1.0
0,0,0,0,0,0,0,0,0,0,1,0,0,0,0,1,0,0.05149812631083998,0.5406215140634478,0.8377088305489258,0.16024340770791076
0,1,0,0,0,0,0,0,0,0,1,0,0,0,0,1,0,0.21945619689982707,0.14012684299306138,0.7088305489260143,0.3914807302231238
0,0,0,0,0,0,0,0,0,0,1,0,0,0,1,0,0,0.39952158725106,0.09955189667405943,0.8663484486873507,1.0
0,0,0,0,0,0,0,1,0,0,0,0,0,0,0,1,0,0.07756371448789445,0.3680806678447044,0.8042959427207637,0.14198782961460446
0,1,0,0,0,0,0,0,0,0,1,0,0,0,0,1,0,0.2182958868549025,0.13916201906133568,0.8042959427207637,1.0
0,1,0,0,0,0,0,0,1,0,0,0,0,0,0,1,0,0.30210938120541614,0.13680724735075184,0.8663484486873507,1.0
0,0,0,0,0,0,0,0,0,0,1,0,0,0,0,1,0,0.3528124350542085,0.07829710643949014,0.8663484486873507,1.0
0,0,1,0,0,0,0,0,1,0,0,0,0,0,0,1,0,0.14076340361804673,0.27100901866008037,0.8591885441527445,1.0
0,1,0,0,0,0,0,0,0,0,0,0,1,0,0,1,0,0.2676558390597071,0.13717039507513648,0.8233890214797135,0.797160243407708
0,1,0,0,0,0,0,0,0,0,0,0,1,0,0,1,0,0.18893527027590332,0.18963294535807204,0.7684964200477327,0.797160243407708
0,1,0,0,0,0,0,0,0,0,0,0,1,0,0,1,0,0.1797731653632835,0.20313875594722686,0.7088305489260143,1.0
0,0,0,0,0,0,0,0,0,0,1,0,0,0,1,0,0,0.392003207405395,0.10472646283171438,0.7494033412887828,1.0
0,1,0,0,0,0,0,0,0,0,1,0,0,0,0,1,0,0.2883718644224834,0.10056127669461017,0.5894988066825775,1.0
0,1,0,0,0,1,0,0,0,0,1,0,0,0,0,1,0,0.030535452970107284,0.7223017740913575,0.7971360381861574,1.0
0,0,0,0,0,0,0,0,0,0,1,0,0,0,0,1,0,0.28898550718794996,0.12334551703548408,0.9045346062052504,0.5943204868154158
0,0,0,0,0,0,0,0,0,0,1,0,0,0,1,0,0,0.34546394235225875,0.10341782109237212,0.7923627684964201,1.0
0,1,0,0,0,0,0,0,1,0,0,0,0,0,0,1,0,0.27518497091391364,0.14656513260213938,0.6992840095465394,1.0
0,0,0,0,0,0,0,0,0,0,1,0,0,0,0,1,0,0.4751945211788409,0.06870140352091106,0.7923627684964201,0.3914807302231238
0,0,0,0,0,0,0,0,0,0,1,0,0,0,0,1,0,0.2645017813962762,0.08938003276205013,0.7589498806682577,0.797160243407708
0,0,0,0,0,0,0,0,0,0,1,0,0,0,0,1,0,0.4250633314444981,0.09966103246263086,0.7947494033412885,1.0
0,1,0,0,0,0,0,0,0,0,0,0,1,0,0,1,0,0.290291261517196,0.12300820259952312,0.844868735083532,0.5943204868154158
1,0,1,0,0,0,0,0,0,0,1,0,0,0,0,1,0,0.15714817338173112,0.24621164494684827,0.9212410501193318,0.15618661257606492
0,0,0,0,0,0,0,0,0,0,1,0,0,0,0,1,0,0.48267471933533956,0.07234272404583356,0.5894988066825775,1.0
0,1,0,0,0,0,0,0,0,0,1,0,0,0,0,1,0,0.1381585075511831,0.22974421389836297,0.9212410501193318,1.0
0,0,0,0,0,0,0,0,0,0,1,0,0,0,0,1,0,0.325953559566915,0.1013441962234355,0.4033412887828162,0.5943204868154158
0,0,0,0,0,0,0,0,0,0,1,0,0,0,0,1,0,0.2332445037781444,0.1377113324650275,0.844868735083532,1.0
0,0,0,0,0,0,0,0,0,0,1,0,0,0,0,1,0,0.26833556182136237,0.1239709146698985,0.8544152744630071,1.0
1,0,1,0,0,0,0,0,0,0,1,0,0,0,0,1,0,0.09347447904376394,0.35426451445584606,0.3842482100238663,0.14198782961460446
0,0,0,0,0,0,0,0,0,0,1,0,0,0,0,1,0,0.42238892932843014,0.08200337682995741,0.9069212410501193,1.0
0,0,1,0,0,0,0,0,0,0,1,0,0,0,0,1,0,0.25354380771755136,0.15116099031007413,0.9021479713603817,0.797160243407708
0,0,0,0,0,0,0,0,0,0,1,0,0,0,0,1,0,0.33404636306385443,0.11539304587307969,0.8830548926014319,1.0
0,0,0,0,0,0,0,0,0,0,1,0,0,0,0,1,0,0.4134974160327178,0.09507490969042656,0.6515513126491648,1.0
0,0,0,0,0,0,0,0,0,0,1,0,0,0,0,1,0,0.4092897912251519,0.09475503285403987,0.8138424821002386,1.0
0,0,0,0,0,0,0,0,0,0,1,0,0,0,0,1,0,0.47941970036039916,0.08307607106753133,0.8138424821002386,1.0
1,0,1,0,0,0,0,0,0,0,1,0,0,0,0,1,0,0.2469071034358442,0.1531654543185227,0.7804295942720763,0.10750507099391482
0,0,0,0,0,0,0,0,0,0,1,0,0,0,0,1,0,0.1951336259133919,0.2047167514429044,0.8902147971360381,0.13793103448275862
0,1,0,0,0,0,0,0,0,0,1,0,0,0,0,1,0,0.2929830935178844,0.12827474894461818,0.8830548926014319,1.0
0,0,1,0,0,0,0,0,1,0,0,0,0,0,0,1,0,0.18216597458741124,0.20714182884147675,0.8830548926014319,1.0
0,0,0,0,0,1,0,0,0,0,1,0,0,0,0,1,0,0.1435368474527354,0.18055211357639286,0.6515513126491648,0.15415821501014199
0,0,0,0,0,0,0,0,0,0,1,0,0,0,0,1,0,0.4089069971326496,0.10107369471067842,0.8138424821002386,1.0
0,1,0,0,0,0,0,0,0,0,1,0,0,0,0,1,0,0.22990950145098057,0.09993101428495996,0.665871121718377,1.0
0,0,0,0,0,0,0,0,0,0,1,0,0,0,1,0,0,0.32539969884096204,0.1286989905630153,0.8138424821002386,1.0
0,1,1,0,0,0,0,0,0,0,0,1,0,0,0,1,0,0.15059886906253175,0.1988831388660149,0.8257756563245822,1.0
0,1,0,0,0,0,0,0,0,0,1,0,0,0,0,1,0,0.2126994735901743,0.12230137731186695,0.8902147971360381,0.797160243407708
0,0,0,0,0,0,0,0,0,0,1,0,0,0,0,1,0,0.46770700700802487,0.08114399058868252,0.9069212410501193,1.0
1,0,1,0,0,0,0,0,0,0,1,0,0,0,0,1,0,0.12867626045873432,0.28928583972648575,0.5966587112171837,0.15010141987829617
0,0,0,0,0,0,0,0,0,0,1,0,0,0,0,1,0,0.21727391507762442,0.17301889996374836,0.8902147971360381,0.13793103448275862
0,0,0,0,0,0,0,0,0,0,1,0,0,0,1,0,0,0.4828473381089417,0.07094247912832985,0.8138424821002386,1.0
0,1,0,0,0,0,0,0,0,0,1,0,0,0,0,1,0,0.42731425784402927,0.0993378407382852,0.8138424821002386,1.0
0,0,0,0,0,0,0,0,0,0,1,0,0,0,0,1,0,0.06925695679300058,0.4367766872481795,0.4797136038186158,0.13793103448275862
0,1,1,1,0,1,0,0,0,0,1,0,0,0,0,1,0,0.0,0.9999999999999999,0.8520286396181382,1.0
0,1,0,0,0,0,1,0,0,0,0,0,0,0,0,1,0,0.11419348548453238,0.17765807811402295,0.8878281622911692,1.0
0,1,0,0,0,0,0,0,0,0,1,0,0,0,0,1,0,0.30871483496731983,0.13036960223280855,0.8138424821002386,1.0
0,0,0,0,0,0,0,0,0,0,1,0,0,0,0,1,0,0.3614878722825783,0.11456972454856328,0.8878281622911692,1.0
0,0,0,0,0,0,0,0,0,0,1,0,0,0,0,1,0,0.4575725110006877,0.09225751458574948,0.7804295942720763,1.0
0,0,1,0,0,1,0,0,1,0,0,0,0,0,0,1,0,0.2056973813084157,0.08401805037649648,0.7971360381861574,1.0
1,0,1,0,0,0,0,0,0,0,1,0,0,0,0,1,0,0.09615158064376152,0.3150337679770476,0.9164677804295942,0.15212981744421905
0,0,0,0,0,0,0,0,0,0,1,0,0,0,0,1,0,0.3936190698717849,0.08669083212068697,0.6157517899761338,0.5943204868154158
0,1,0,0,0,0,0,0,1,0,0,0,0,0,0,1,0,0.4277269422914534,0.0951796976703018,0.6133651551312649,0.5943204868154158
0,0,0,0,0,0,0,0,1,0,0,0,0,0,0,1,0,0.33174311808227047,0.1126265294817321,0.7684964200477327,1.0
0,0,0,0,0,0,0,0,0,0,1,0,0,0,0,1,0,0.45818075930707125,0.07012177942923835,0.8400954653937946,1.0
0,1,0,0,0,0,0,0,1,0,0,0,0,0,0,1,0,0.4166890801843934,0.10172312352057532,0.8400954653937946,1.0
0,1,0,0,0,0,0,0,0,0,0,0,1,0,0,1,0,0.17347387341758197,0.22689218833428992,0.7875894988066825,1.0
1,0,1,0,0,0,0,0,0,0,1,0,0,0,0,1,0,0.08724288857536013,0.3880348107957531,0.7875894988066825,0.1359026369168357
0,1,0,0,0,0,0,0,1,0,0,0,0,0,0,1,0,0.2854637575997948,0.14469679527761867,0.7875894988066825,1.0
0,0,0,0,0,0,0,0,1,0,0,0,0,0,0,1,0,0.42765414362999177,0.09819690593227029,0.7255369928400954,1.0
0,0,0,0,0,0,0,0,0,0,1,0,0,0,0,1,0,0.1235742111895143,0.297381904148832,0.4391408114558472,0.16835699797160245
0,1,1,0,0,1,0,0,0,0,0,0,1,0,0,1,0,0.07233980940611899,0.4357226031743732,0.9164677804295942,0.797160243407708
0,1,0,0,0,0,0,0,0,0,1,0,0,0,0,1,0,0.15627688886770924,0.19850013811572836,0.809069212410501,1.0
0,0,0,0,0,0,0,0,0,0,1,0,0,0,1,0,0,0.39472481501217527,0.09797014226079308,0.8400954653937946,1.0
0,0,0,0,0,1,0,0,0,0,1,0,0,0,0,0,1,0.1710138263968638,0.23055631149023684,0.8615751789976134,1.0
0,0,0,0,0,0,0,0,0,0,1,0,0,0,1,0,0,0.4019307348708247,0.08825294088292739,0.7684964200477327,1.0
0,0,0,0,0,0,0,0,0,0,1,0,0,0,0,1,0,0.17334687323136663,0.0622188034731006,0.6157517899761338,1.0
0,1,0,0,0,0,0,0,1,0,0,0,0,0,0,1,0,0.31510104349770834,0.1203738387273745,0.6443914081145585,1.0
0,1,0,0,0,0,0,0,1,0,0,0,0,0,0,1,0,0.2046546939638859,0.19380500034686893,0.6443914081145585,1.0
0,0,0,0,0,0,0,0,0,0,1,0,0,0,0,1,0,0.2772689077727262,0.11058940564559076,0.7875894988066825,0.5943204868154158
0,0,0,0,0,0,0,0,0,0,1,0,0,0,0,1,0,0.3599497999698326,0.09196453093363499,0.7804295942720763,1.0
0,1,0,0,0,0,0,0,0,0,1,0,0,0,0,1,0,0.22306380067100365,0.14159485845170272,0.8186157517899761,1.0
0,0,0,0,0,1,0,0,0,0,1,0,0,0,0,1,0,0.20877482599447547,0.15704433585849464,0.9164677804295942,1.0
0,1,0,0,0,0,0,0,1,0,0,0,0,0,0,1,0,0.12274164014659707,0.25600035112795333,0.9164677804295942,1.0
0,0,0,0,0,0,0,0,0,0,1,0,0,0,1,0,0,0.35434149811523774,0.11281882465466278,0.7684964200477327,1.0
0,0,0,0,0,0,0,0,0,0,1,0,0,0,0,0,1,0.1710138263968638,0.23055631149023684,0.809069212410501,1.0
0,0,0,0,0,0,0,0,0,0,1,0,0,0,0,1,0,0.21305099296607183,0.08518924219435794,0.7875894988066825,1.0
0,1,0,0,0,0,0,0,0,0,1,0,0,0,0,1,0,0.2515831961641029,0.14899674532987445,0.8615751789976134,1.0
0,0,0,0,0,0,0,0,0,0,1,0,0,0,0,1,0,0.32553298831089256,0.10046048127988245,0.7804295942720763,1.0
0,0,0,0,0,0,0,0,0,0,1,0,0,0,0,1,0,0.4613230923371406,0.09228029960648516,0.5393794749403342,1.0
0,0,1,0,0,0,0,0,1,0,0,0,0,0,0,1,0,0.28785165461519063,0.07814968341460962,0.9045346062052504,1.0
0,0,0,0,0,0,0,0,1,0,0,0,0,0,0,1,0,0.3006445484893315,0.13491895038772123,0.9045346062052504,0.5943204868154158
0,0,0,0,0,0,0,0,0,0,1,0,0,0,0,1,0,0.3506603293350497,0.11024144605381717,0.9045346062052504,1.0
0,0,0,0,0,0,0,0,0,0,1,0,0,0,0,1,0,0.13531720603380362,0.2790433516246909,0.7947494033412885,0.14807302231237324
0,0,0,0,0,0,0,0,0,0,1,0,0,0,0,1,0,0.4952999308064087,0.07779281859776811,0.8663484486873507,1.0
0,1,0,0,0,0,0,0,0,0,1,0,0,0,0,1,0,0.25575950865569214,0.11170091386571189,0.7971360381861574,1.0
0,1,0,0,0,0,0,0,0,0,1,0,0,0,0,1,0,0.2957784057608132,0.13703860612905422,0.7684964200477327,1.0
1,0,1,0,0,0,0,0,0,0,1,0,0,0,0,1,0,0.1765027571405483,0.18176057550408464,0.4272076372315035,0.15010141987829617
0,0,0,0,0,0,0,0,0,0,1,0,0,0,0,1,0,0.40739212805095926,0.07178567117553507,0.8663484486873507,1.0
0,0,0,0,0,0,0,0,1,0,0,0,0,0,0,1,0,0.24564471299873802,0.15456136435738393,0.4272076372315035,0.3914807302231238
0,0,0,0,0,0,0,0,0,0,1,0,0,0,0,1,0,0.4672122787686807,0.0900864973569724,0.7971360381861574,1.0
0,1,0,0,0,0,0,0,1,0,0,0,0,0,0,1,0,0.3369559193919307,0.12226389621884799,0.9045346062052504,0.5943204868154158
0,1,0,0,0,0,0,0,0,0,1,0,0,0,0,1,0,0.2681499615527225,0.1436409811063015,0.7947494033412885,0.5943204868154158
0,0,0,0,0,0,0,0,0,0,1,0,0,0,0,1,0,0.40536947454089134,0.08495871315105603,0.7947494033412885,1.0
0,0,0,0,0,0,0,0,0,0,1,0,0,0,0,1,0,0.3057495733734078,0.13567961852567262,0.9045346062052504,1.0
0,0,0,0,0,0,0,0,0,0,1,0,0,0,0,1,0,0.5079393498425243,0.08356018394167875,0.7971360381861574,1.0
0,1,0,0,0,0,0,0,0,0,0,0,1,0,0,1,0,0.3429308147284956,0.1223146202717241,0.5417661097852029,1.0
0,1,0,0,0,0,0,0,1,0,0,0,0,0,0,1,0,0.17427832795227224,0.13138877183353626,0.19093078758949883,1.0
1,0,1,0,0,0,0,0,0,0,1,0,0,0,0,1,0,0.13242086666423844,0.19727105054912536,0.7971360381861574,0.12981744421906694
0,1,1,0,0,0,0,0,0,0,1,0,0,0,0,1,0,0.2358166445828972,0.14690499260310205,0.7971360381861574,1.0
0,0,0,0,0,0,0,0,0,0,1,0,0,0,0,1,0,0.3492633145357224,0.08690030342268039,0.9045346062052504,1.0
0,0,0,0,0,0,0,0,0,0,1,0,0,0,0,1,0,0.49639083509543563,0.08177050208336091,0.19093078758949883,1.0
0,1,0,0,0,0,0,0,0,0,0,0,1,0,0,1,0,0.30564529134280427,0.10037157755521874,0.9045346062052504,1.0
0,1,0,0,0,0,0,0,0,0,1,0,0,0,0,1,0,0.4550427757186631,0.08730321393125735,0.5178997613365155,1.0
0,0,0,0,0,0,0,0,0,0,1,0,0,0,0,1,0,0.3623621424232519,0.0838037026747491,0.7995226730310263,1.0
0,1,0,0,0,0,0,0,0,0,1,0,0,0,0,1,0,0.35157676559656176,0.08828914197704564,0.3341288782816229,0.5943204868154158
0,0,0,0,0,0,0,0,0,0,1,0,0,0,0,1,0,0.3930870119593569,0.09678435369364063,0.9045346062052504,1.0
0,1,0,0,0,0,0,0,1,0,0,0,0,0,0,1,0,0.14897158373951175,0.2563154241546026,0.35083532219570407,1.0
0,0,0,0,0,0,0,0,0,0,1,0,0,0,0,1,0,0.37177439520893263,0.09046105803089634,0.5107398568019093,1.0
0,0,0,0,0,0,0,0,1,0,0,0,0,0,0,1,0,0.2489478370582628,0.1629403877425617,0.26968973747016706,0.3914807302231238
1,0,1,0,0,0,0,0,0,0,1,0,0,0,0,1,0,0.11385904255790523,0.31780736482323174,0.4272076372315035,0.15010141987829617
0,0,0,0,0,0,0,0,0,0,1,0,0,0,0,1,0,0.42903258567543295,0.09430206551838984,0.7995226730310263,1.0
0,1,0,0,0,0,0,0,0,0,0,1,0,0,0,1,0,0.19813412565326166,0.17351214019235478,0.7947494033412885,1.0
0,1,1,0,0,0,0,0,0,0,1,0,0,0,0,1,0,0.27036498971147344,0.14827598848250542,0.7899761336515512,1.0
0,0,0,0,0,0,0,0,0,0,1,0,0,0,0,1,0,0.10950606172920305,0.28351371953772075,0.8329355608591884,0.14604462474645033
0,0,1,0,0,0,0,0,0,0,1,0,0,0,0,1,0,0.3917772952011077,0.0962124528855554,0.7804295942720763,1.0
0,1,1,0,0,0,0,0,1,0,0,0,0,0,0,1,0,0.4965028302456523,0.08224001038110065,0.7804295942720763,1.0
0,0,0,0,0,0,0,0,0,0,1,0,0,0,0,1,0,0.11875158954248156,0.02424063095262165,0.8758949880668256,1.0
0,0,0,0,0,0,0,0,0,0,1,0,0,0,0,1,0,0.2545918941899027,0.12868102945750512,0.6610978520286397,1.0
0,1,0,0,0,0,0,0,0,0,1,0,0,0,0,1,0,0.11806887889172736,0.240392132694748,0.6730310262529833,1.0
0,1,0,0,0,0,0,0,0,0,1,0,0,0,0,1,0,0.29500874597685534,0.09769766282316565,0.4272076372315035,1.0
0,0,0,0,0,1,0,0,0,0,1,0,0,0,0,0,1,0.1694765941047743,0.23235050004409918,0.8758949880668256,1.0
0,1,0,1,0,0,0,0,0,0,1,0,0,0,0,1,0,0.05040132229726938,0.5379632824789398,0.6610978520286397,1.0
0,0,0,0,0,0,0,0,0,0,1,0,0,0,0,1,0,0.4012114651783972,0.08702883128925362,0.5704057279236276,1.0
0,0,0,0,0,0,0,0,0,0,1,0,0,0,0,1,0,0.17410758978392066,0.15006037448549145,0.8329355608591884,0.14604462474645033
1,0,1,0,0,0,0,0,0,0,1,0,0,0,0,1,0,0.12555726528008265,0.2309040605393315,0.5202863961813842,0.15415821501014199
0,0,0,0,0,0,0,0,0,0,1,0,0,0,0,1,0,0.2632120824136533,0.0902233220079367,0.8329355608591884,1.0
0,1,0,0,0,0,0,0,0,0,1,0,0,0,0,1,0,0.21172602076965774,0.18961030049836403,0.7661097852028638,0.797160243407708
0,0,0,0,0,1,0,0,0,0,1,0,0,0,0,1,0,0.19214723819308102,0.1520518224180049,0.6610978520286397,1.0
0,0,0,0,0,0,0,0,0,0,1,0,0,0,0,1,0,0.10072023405278555,0.34782959505310695,0.8329355608591884,0.14604462474645033
0,0,0,0,0,0,0,0,1,0,0,0,0,0,0,1,0,0.381007765597962,0.11084196716385926,0.7899761336515512,0.3914807302231238
1,0,1,0,0,0,0,0,0,0,1,0,0,0,0,1,0,0.09540423423887276,0.339985337160962,0.8329355608591884,0.14604462474645033
0,0,0,0,0,0,0,0,0,0,1,0,0,0,0,1,0,0.12591480591128676,0.1642343985395086,0.5704057279236276,0.1237322515212982
0,0,0,0,0,1,1,0,0,0,0,0,0,0,0,1,0,0.08145325789398913,0.40419789218968505,0.8329355608591884,1.0
0,0,0,0,0,0,0,0,0,0,1,0,0,0,0,1,0,0.27777124660092156,0.1267363715602839,0.7613365155131264,0.3914807302231238
0,0,1,0,0,0,0,0,0,0,1,0,0,0,0,1,0,0.4056732099196475,0.10368463907554401,0.6610978520286397,1.0
0,0,0,0,0,0,0,0,0,0,1,0,0,0,0,1,0,0.44901947819324506,0.08801956379800138,0.7613365155131264,1.0
0,0,0,0,0,0,0,0,0,0,1,0,0,0,0,1,0,0.27228441430634037,0.09518504242565454,0.8758949880668256,1.0
0,0,0,0,0,0,0,0,0,0,1,0,0,0,0,1,0,0.2886827747761783,0.0747425692832921,0.7040572792362769,1.0
1,0,1,0,0,0,0,0,0,0,1,0,0,0,0,1,0,0.12792388449914854,0.2593550829782649,0.29594272076372313,0.13793103448275862
1,0,1,0,0,0,0,0,0,0,1,0,0,0,0,1,0,0.10026324678713917,0.3542440615705925,0.5202863961813842,0.15415821501014199
0,0,0,0,0,0,0,0,0,0,1,0,0,0,0,1,0,0.2267162972694668,0.14178110640300262,0.8758949880668256,0.5943204868154158
0,0,0,0,0,0,0,0,1,0,0,0,0,0,0,1,0,0.26288549505109354,0.06724225833180164,0.7661097852028638,1.0
1,0,1,0,0,0,0,0,0,0,1,0,0,0,0,1,0,0.12936662429305576,0.2910605758082796,0.29594272076372313,0.13793103448275862
0,1,0,0,0,0,0,0,0,0,1,0,0,0,0,1,0,0.23154387721330427,0.1597433641462796,0.8758949880668256,1.0
0,0,0,0,0,0,0,0,0,0,1,0,0,0,0,1,0,0.31030481103859003,0.10807462680725087,0.7040572792362769,0.5943204868154158
0,0,0,0,0,0,0,0,0,0,1,0,0,0,1,0,0,0.3381278939045684,0.11384945159764553,0.9069212410501193,1.0
1,0,1,0,0,0,0,0,0,0,1,0,0,0,0,1,0,0.1831825861251466,0.21338673334552327,0.5131264916467779,0.14604462474645033
0,1,0,0,0,0,0,0,0,0,0,1,0,0,0,1,0,0.20896709203812264,0.18939227815895254,0.9045346062052504,1.0
0,0,0,0,0,0,0,0,0,0,1,0,0,0,0,1,0,0.2838292204158103,0.14278293906694717,0.9045346062052504,1.0
1,0,1,0,0,0,0,0,0,0,1,0,0,0,0,1,0,0.15428765726958535,0.2514443053240265,0.19093078758949883,0.14807302231237324
0,0,0,0,0,0,0,0,0,0,1,0,0,0,0,1,0,0.24294387574386034,0.1673586764308833,0.809069212410501,1.0
0,1,0,0,0,0,0,0,1,0,0,0,0,0,0,1,0,0.35254289416896006,0.10580423612204731,0.809069212410501,1.0
0,0,0,0,0,0,1,0,0,0,0,0,0,0,0,1,0,0.1357627212688879,0.27775740495042806,0.9069212410501193,1.0
0,0,0,0,0,0,0,0,0,0,1,0,0,0,0,1,0,0.3994207815856019,0.09884265435586548,0.8210023866348448,1.0
0,0,0,0,0,0,0,0,0,0,1,0,0,0,0,1,0,0.2534726024809825,0.12351575729887143,0.9069212410501193,0.797160243407708
0,0,0,0,0,0,0,0,0,0,1,0,0,0,0,1,0,0.4525452796772154,0.09390914360158566,0.7947494033412885,1.0
0,0,0,0,0,0,0,0,1,0,0,0,0,0,0,1,0,0.2488935021425277,0.15790583892238,0.9045346062052504,0.5943204868154158
1,0,1,0,0,0,0,0,0,0,1,0,0,0,0,1,0,0.09074047015300296,0.3615853931751099,0.7947494033412885,0.14807302231237324
0,0,0,0,0,0,0,0,0,0,1,0,0,0,0,1,0,0.47483163901427855,0.08186436196523549,0.5131264916467779,1.0
0,0,1,0,0,0,0,0,0,0,1,0,0,0,0,1,0,0.21247884023945632,0.10040471666427016,0.3102625298329356,1.0
0,0,0,0,0,0,0,0,0,0,1,0,0,0,0,1,0,0.2627134522746968,0.12889357117292585,0.9069212410501193,0.797160243407708
0,0,0,0,0,0,0,0,0,0,1,0,0,0,1,0,0,0.3984055953422663,0.07690696543130361,0.9045346062052504,1.0
0,0,0,0,0,0,0,0,0,0,1,0,0,0,0,1,0,0.3212379072352418,0.12066230732537225,0.7708830548926013,1.0
0,1,0,0,0,0,0,0,1,0,0,0,0,0,0,1,0,0.11935947856383412,0.15086144496433151,0.9069212410501193,1.0
0,0,0,0,0,0,0,0,0,0,1,0,0,0,0,1,0,0.30522409295580877,0.05625196537827189,0.7589498806682577,1.0
0,0,0,0,0,0,0,0,0,0,1,0,0,0,0,1,0,0.3588527697226245,0.09673617338873505,0.7589498806682577,1.0
0,0,0,0,0,0,0,0,0,0,1,0,0,0,0,1,0,0.35680315253961753,0.11644849074314041,0.9045346062052504,0.5943204868154158
0,0,0,0,0,0,0,0,0,0,1,0,0,0,0,1,0,0.2860000114315905,0.1072300280739732,0.701670644391408,0.797160243407708
0,1,0,0,0,0,0,0,0,0,1,0,0,0,0,1,0,0.2657940506587843,0.13258178944493723,0.3102625298329356,1.0
0,0,0,0,0,0,0,0,0,0,1,0,0,0,0,1,0,0.386555088428446,0.09096001573585091,0.7708830548926013,1.0
0,0,0,0,0,0,0,0,0,0,1,0,0,0,0,1,0,0.22170920701402794,0.1824994897472507,0.9069212410501193,1.0
0,0,0,0,0,0,0,0,1,0,0,0,0,0,0,1,0,0.21571948812777386,0.18055948611339973,0.809069212410501,1.0
0,0,0,0,0,0,0,0,0,0,1,0,0,0,0,1,0,0.35375913031714373,0.11737320632217725,0.7947494033412885,0.5943204868154158
0,0,0,0,0,0,0,0,0,0,0,0,1,0,0,1,0,0.16340259109467808,0.23963711358039474,0.7971360381861574,0.797160243407708
0,0,0,0,0,0,0,0,0,0,1,0,0,0,0,1,0,0.3075283064122596,0.12344943578380538,0.6372315035799523,0.5943204868154158
1,0,1,0,0,0,0,0,0,0,1,0,0,0,0,1,0,0.09787601606043256,0.31994803027913576,0.29594272076372313,0.13793103448275862
0,1,0,0,0,0,0,0,0,0,0,0,1,0,0,1,0,0.38381054947218324,0.1057081622705874,0.7613365155131264,0.5943204868154158
0,1,0,0,0,0,0,0,0,0,1,0,0,0,0,1,0,0.20301547662895808,0.1455548869858423,0.7899761336515512,1.0
0,1,1,0,0,1,0,0,0,0,1,0,0,0,0,1,0,0.11269094025861133,0.31537763556438725,0.7899761336515512,1.0
0,1,0,0,0,0,0,0,0,0,0,0,1,0,0,1,0,0.07768046220034275,0.4063861940613455,0.7828162291169449,1.0
0,1,0,0,0,0,0,0,0,0,1,0,0,0,0,1,0,0.2641210640492899,0.13088673071064785,0.6372315035799523,1.0
0,1,0,0,0,0,0,0,0,0,1,0,0,0,0,1,0,0.38618329344615204,0.10489701870923397,0.7899761336515512,1.0
0,0,0,0,0,0,0,0,0,0,1,0,0,0,0,1,0,0.4652903858280413,0.07445763685990384,0.7040572792362769,0.5943204868154158
0,0,0,0,0,1,0,0,0,0,1,0,0,0,0,1,0,0.30769860697980533,0.12635026643617503,0.7613365155131264,1.0
0,1,0,0,0,0,0,0,0,0,1,0,0,0,0,1,0,0.3996252474622497,0.10589107636972635,0.49642004773269693,0.797160243407708
0,1,0,0,0,0,0,0,1,0,0,0,0,0,0,1,0,0.3270131952348845,0.1173037107848484,0.7661097852028638,1.0
0,0,1,0,0,0,0,0,0,0,1,0,0,0,0,1,0,0.2562357163031219,0.09956879225470786,0.7422434367541766,1.0
0,0,0,0,0,1,0,0,0,0,1,0,0,0,0,1,0,0.2371283986399691,0.14835475899075426,0.6730310262529833,0.797160243407708
0,0,0,0,0,0,0,0,0,0,1,0,0,0,0,1,0,0.2868916456420837,0.0868635789824375,0.7828162291169449,1.0
0,1,0,0,0,0,0,0,0,0,0,1,0,0,0,1,0,0.173873363557009,0.21302899063562922,0.7804295942720763,0.5943204868154158
0,0,0,0,0,1,0,0,0,0,1,0,0,0,0,1,0,0.18674173125534668,0.2133341711658232,0.09546539379474944,0.1257606490872211
0,0,0,0,0,0,0,0,0,0,1,0,0,0,0,1,0,0.24548418885783313,0.1119133637241027,0.8329355608591884,0.5943204868154158
1,0,1,0,0,0,0,0,0,0,1,0,0,0,0,1,0,0.15979063150140135,0.22699432088180277,0.8019093078758948,0.14604462474645033
0,0,0,0,0,0,0,0,0,0,1,0,0,0,0,1,0,0.23106830914796694,0.04191023680073193,0.7422434367541766,1.0
0,0,0,0,0,0,0,0,0,0,1,0,0,0,0,1,0,0.2505051968198171,0.1271411325383849,0.8281622911694511,1.0
0,1,0,0,0,0,0,0,0,0,0,0,1,0,0,1,0,0.13733529673316286,0.24522444053574213,0.6157517899761338,1.0
0,0,0,0,0,0,0,0,0,0,1,0,0,0,0,1,0,0.3569829458270856,0.0910338892164857,0.8400954653937946,1.0
0,0,0,0,0,0,0,0,0,0,1,0,0,0,0,1,0,0.7144092405824848,0.060299044041833894,0.8926014319809068,1.0
1,0,1,0,0,0,0,0,0,0,1,0,0,0,0,1,0,0.07388135609251978,0.43818806006610944,0.8281622911694511,0.16227180527383367
0,0,0,0,0,0,0,0,0,0,1,0,0,0,0,1,0,0.2724216180758246,0.1213337393386398,0.8210023866348448,1.0
1,0,1,0,0,0,0,0,0,0,1,0,0,0,0,1,0,0.1874282981314418,0.1838722144172377,0.7875894988066825,0.1359026369168357
0,0,0,0,0,0,0,0,0,0,1,0,0,0,0,1,0,0.42308699159745006,0.09171785561883425,0.5823389021479712,0.5943204868154158
1,0,1,0,0,0,0,0,0,0,1,0,0,0,0,1,0,0.21801388203907743,0.12645834598611447,0.7780429594272076,0.15618661257606492
0,0,0,0,0,1,0,0,0,0,1,0,0,0,0,1,0,0.14465816733895348,0.23597162750860662,0.8400954653937946,1.0
0,0,0,0,0,0,0,0,0,0,1,0,0,0,0,1,0,0.13114786759010885,0.23519495232983834,0.47016706443914075,0.15415821501014199
0,0,0,0,0,0,0,0,0,0,1,0,0,0,1,0,0,0.4283735152517715,0.08824249947657688,0.8019093078758948,1.0
0,0,0,0,0,0,0,0,0,0,1,0,0,0,0,1,0,0.4580369704786456,0.0891558323331235,0.8305489260143197,1.0
0,1,1,0,0,0,0,0,0,0,0,0,1,0,0,1,0,0.2267162972694668,0.1627038825282544,0.8400954653937946,1.0
0,0,0,0,0,0,0,0,0,0,1,0,0,0,0,1,0,0.3583446205996975,0.09132653416913739,0.7780429594272076,1.0
0,0,0,0,0,0,0,0,0,0,1,0,0,0,0,1,0,0.22378576832405694,0.16018317264359758,0.8019093078758948,1.0
0,1,0,0,0,0,0,0,0,0,1,0,0,0,0,1,0,0.2444728992610291,0.12249440416636716,0.8305489260143197,1.0
0,1,0,0,0,0,0,0,0,0,0,0,1,0,0,1,0,0.22928399680296455,0.14206539392939388,0.8019093078758948,1.0
0,0,0,0,0,0,0,0,0,0,1,0,0,0,0,1,0,0.3698806161763044,0.09134340640539945,0.8019093078758948,1.0
0,0,0,0,0,0,0,0,1,0,0,0,0,0,0,1,0,0.4079456710828259,0.0865289894577673,0.8114558472553699,0.5943204868154158
0,0,0,0,0,0,0,0,0,0,1,0,0,0,0,1,0,0.2872159410582804,0.0814733042933776,0.8305489260143197,1.0
0,0,0,0,0,0,0,0,0,0,1,0,0,0,0,1,0,0.3965301689575871,0.10402246259570075,0.8019093078758948,1.0
0,0,0,0,0,0,0,0,0,0,1,0,0,0,0,1,0,0.38997429561870317,0.09025443368900553,0.5823389021479712,1.0
0,0,0,0,0,0,0,0,0,0,1,0,0,0,1,0,0,0.4072140491010212,0.10403550832065724,0.8305489260143197,1.0
0,0,0,0,0,0,0,0,0,0,1,0,0,0,0,1,0,0.40254013749095024,0.10409233251847606,0.7159904534606205,1.0
0,0,0,0,0,0,0,0,0,0,1,0,0,0,1,0,0,0.46930644969031343,0.08932444542242564,0.6491646778042959,1.0
0,1,1,0,0,0,0,0,1,0,0,0,0,0,0,1,0,0.24742674822959532,0.16553447762638204,0.36515513126491655,0.5943204868154158
0,1,0,0,0,0,0,0,0,0,0,0,1,0,0,1,0,0.2136164795642835,0.17371361305612523,0.27207637231503584,0.5943204868154158
1,0,1,0,0,0,0,0,0,0,1,0,0,0,0,1,0,0.08839877370970291,0.3778118573081305,0.8782816229116945,0.17038539553752538
0,0,0,0,0,0,0,0,0,0,1,0,0,0,0,1,0,0.33619509429677324,0.10091620258276625,0.7828162291169449,0.5943204868154158
0,0,0,0,0,0,0,0,0,0,0,1,0,0,0,1,0,0.2937268639426267,0.14133667479391487,0.8782816229116945,1.0
0,0,0,0,0,0,0,0,0,0,1,0,0,0,0,1,0,0.08346194497217055,0.40355936018942107,0.7899761336515512,0.13387423935091278
0,0,0,0,0,0,0,0,0,0,1,0,0,0,0,1,0,0.4365756810278873,0.09476369055316182,0.7040572792362769,1.0
0,0,1,0,0,0,0,0,0,0,1,0,0,0,0,1,0,0.13897729523948682,0.27049959968442244,0.8782816229116945,1.0
0,0,0,0,0,0,0,0,0,0,1,0,0,0,0,1,0,0.30258737841691846,0.08711880857763964,0.7804295942720763,1.0
0,1,1,0,0,0,0,0,0,0,1,0,0,0,0,1,0,0.42240257404283793,0.09302646911146699,0.36515513126491655,0.5943204868154158
0,1,1,0,0,1,0,0,0,0,1,0,0,0,0,1,0,0.1202484413855003,0.23617455926723865,0.8782816229116945,1.0
1,0,1,0,0,0,0,0,0,0,1,0,0,0,0,1,0,0.12162360878317476,0.2131876817744679,0.8782816229116945,0.17038539553752538
0,0,0,0,0,0,0,0,0,0,1,0,0,0,0,1,0,0.3453612368140028,0.12073864893288663,0.8782816229116945,0.797160243407708
0,0,1,0,0,0,0,0,0,0,1,0,0,0,0,1,0,0.24373492584227607,0.11046691535814225,0.7828162291169449,1.0
0,1,0,0,0,0,0,0,1,0,0,0,0,0,0,1,0,0.3460464897818563,0.08895901721152336,0.8400954653937946,1.0
0,0,0,0,0,0,0,0,0,0,1,0,0,0,0,1,0,0.33722385323594334,0.09610114549714738,0.8400954653937946,1.0
0,1,0,0,0,0,0,0,0,0,1,0,0,0,0,1,0,0.3418583153767994,0.12153776759916964,0.8782816229116945,1.0
1,0,1,0,0,0,0,0,0,0,1,0,0,0,0,1,0,0.14662574251577568,0.22290757453002097,0.29594272076372313,0.13793103448275862
1,0,1,0,0,0,0,0,0,0,1,0,0,0,0,1,0,0.11504424217017899,0.31575534882289436,0.8782816229116945,0.17038539553752538
0,1,0,0,0,1,0,0,0,0,1,0,0,0,0,1,0,0.19474056764217643,0.17877749372475202,0.7804295942720763,0.3914807302231238
0,0,0,0,0,0,0,0,0,0,1,0,0,0,0,1,0,0.11306589918652075,0.31847355126640814,0.8782816229116945,0.17038539553752538
0,1,0,1,0,1,0,0,0,0,1,0,0,0,0,1,0,0.03800372886703847,0.6677218893103177,0.7804295942720763,1.0
0,0,0,0,0,0,0,0,1,0,0,0,0,0,0,1,0,0.326345624167779,0.09205238042155571,0.8400954653937946,1.0
0,0,0,0,0,0,0,0,0,0,1,0,0,0,0,1,0,0.37706293067566854,0.07062445576640548,0.8400954653937946,1.0
0,0,0,0,0,0,0,0,0,0,1,0,0,0,1,0,0,0.422683560356673,0.09529595256463834,0.6491646778042959,1.0
0,1,0,0,0,0,0,0,0,0,1,0,0,0,0,1,0,0.4767089016259677,0.08234261436663103,0.7613365155131264,1.0
0,0,0,0,0,0,0,0,0,0,1,0,0,0,0,1,0,0.4370406278182719,0.09329613027206697,0.8353221957040573,1.0
0,1,0,0,0,0,0,0,0,0,1,0,0,0,0,1,0,0.2545918941899027,0.12868102945750512,0.7971360381861574,1.0
0,0,1,0,0,0,0,0,1,0,0,0,0,0,0,1,0,0.366453081663173,0.11346127065586156,0.9785202863961813,1.0
0,1,0,0,0,0,0,0,0,0,1,0,0,0,0,1,0,0.2939125260424956,0.09280388793265802,0.8544152744630071,1.0
1,0,1,0,0,0,0,0,0,0,1,0,0,0,0,1,0,0.16659365478812493,0.20898059817592765,0.8377088305489258,0.16024340770791076
0,1,0,0,0,0,0,0,1,0,0,0,0,0,0,1,0,0.2517265992773644,0.1366932132510331,0.9116945107398566,0.5943204868154158
0,1,0,0,0,0,0,0,1,0,0,0,0,0,0,1,0,0.3364500186554837,0.09331243937116551,0.9785202863961813,1.0
0,0,0,0,0,0,0,0,0,0,1,0,0,0,0,1,0,0.21727391507762445,0.14153169084868122,0.6945107398568018,0.5943204868154158
0,0,0,0,0,0,0,0,0,0,1,0,0,0,0,1,0,0.48255241141394795,0.07156725389429894,0.8424821002386635,1.0
0,0,0,0,0,0,0,0,0,0,1,0,0,0,0,1,0,0.24896594620418522,0.16460247898136668,0.8424821002386635,1.0
0,0,0,0,0,0,0,0,0,0,1,0,0,0,1,0,0,0.44777548034164394,0.09489749326820333,0.7923627684964201,1.0
0,0,0,0,0,1,0,0,0,0,1,0,0,0,0,1,0,0.35192512588192226,0.10567156540537638,0.6945107398568018,1.0
0,0,0,0,0,0,0,0,0,0,1,0,0,0,0,1,0,0.41288690879253503,0.09427063088818431,0.9785202863961813,1.0
0,0,0,0,0,0,0,0,0,0,1,0,0,0,0,1,0,0.24371183015252473,0.16557441351831365,0.6992840095465394,0.15415821501014199
0,0,0,0,0,0,0,0,0,0,1,0,0,0,0,1,0,0.41050343698695674,0.07556586882326807,0.6945107398568018,1.0
0,0,0,0,0,0,0,0,0,0,1,0,0,0,0,1,0,0.11552263722719695,0.3183127685343041,0.8544152744630071,0.12170385395537527
0,0,0,0,0,0,0,0,0,0,1,0,0,0,0,1,0,0.3814235764372415,0.10939677135357431,0.7088305489260143,0.5943204868154158
0,1,0,0,0,0,0,0,1,0,0,0,0,0,0,1,0,0.2724340878895027,0.11742647355011905,0.8544152744630071,0.5943204868154158
0,0,0,0,0,1,0,0,0,0,1,0,0,0,0,0,1,0.1679329306804293,0.2341856459872897,0.8544152744630071,1.0
0,0,0,0,0,0,0,0,0,0,1,0,0,0,1,0,0,0.4250009424663875,0.09364130123450731,0.9140811455847255,1.0
0,0,0,0,0,0,0,0,0,0,1,0,0,0,0,1,0,0.45882097118967746,0.07560018137898718,0.9140811455847255,1.0
0,0,0,0,0,1,0,0,0,0,1,0,0,0,0,1,0,0.12936662429305576,0.2910605758082796,0.928400954653938,0.16024340770791076
0,0,0,0,0,0,0,0,0,0,1,0,0,0,0,1,0,0.30947031118450086,0.13450562571833868,0.6157517899761338,1.0
0,0,0,0,0,0,0,0,0,0,1,0,0,0,1,0,0,0.39779875321350183,0.10150527169930755,0.8019093078758948,1.0
0,1,0,0,0,1,0,0,0,0,0,0,1,0,0,1,0,0.17717002503035292,0.17736252933538643,0.844868735083532,1.0
0,1,0,0,0,0,0,0,0,0,1,0,0,0,0,1,0,0.2661129995806272,0.14173827245559434,0.8520286396181382,1.0
0,1,0,0,0,0,0,0,0,0,1,0,0,0,0,1,0,0.19573602113950944,0.12953523142082865,0.6157517899761338,1.0
0,1,0,0,0,0,0,0,1,0,0,0,0,0,0,1,0,0.253739524558857,0.1450478213888192,0.6157517899761338,0.3914807302231238
0,1,0,0,0,0,0,0,1,0,0,0,0,0,0,1,0,0.29421012556236575,0.11463207505116484,0.8377088305489258,1.0
0,1,1,0,0,0,0,0,0,0,1,0,0,0,0,1,0,0.22943074352326506,0.10146687767983598,0.8520286396181382,1.0
0,0,0,0,0,0,0,0,0,0,1,0,0,0,0,1,0,0.4120128393931388,0.1028378139895003,0.8830548926014319,1.0
0,1,0,0,0,0,0,0,1,0,0,0,0,0,0,1,0,0.13011973491985152,0.2174148119951792,0.809069212410501,1.0
1,0,1,0,0,0,0,0,0,0,1,0,0,0,0,1,0,0.059994634090018574,0.4714615237243815,0.5346062052505967,0.14807302231237324
0,0,0,0,0,0,0,0,0,0,1,0,0,0,0,0,1,0.17256392367885756,0.22876211755321757,0.8830548926014319,1.0
0,1,0,0,0,0,0,0,0,0,0,0,1,0,0,1,0,0.10869452665183982,0.23650037307295538,0.809069212410501,0.3914807302231238
0,1,0,0,0,0,0,0,1,0,0,0,0,0,0,1,0,0.29067838042463395,0.119292290712968,0.3556085918854415,0.5943204868154158
0,0,0,0,0,0,0,0,0,0,1,0,0,0,0,1,0,0.17288259105029868,0.19001052024184018,0.7899761336515512,0.13387423935091278
0,0,0,0,0,0,0,0,0,0,1,0,0,0,0,1,0,0.33404636306385443,0.08310324197742441,0.8042959427207637,1.0
0,0,0,0,0,1,0,0,0,0,1,0,0,0,0,1,0,0.2506986609112537,0.15250684821128163,0.7422434367541766,1.0
0,0,0,0,0,0,0,0,0,0,1,0,0,0,0,1,0,0.2555299236745675,0.09549443633574094,0.6825775656324582,0.797160243407708
0,0,0,0,0,0,0,0,0,0,1,0,0,0,0,1,0,0.225417159254264,0.17545295933144167,0.7661097852028638,0.797160243407708
0,0,0,0,0,0,0,0,0,0,1,0,0,0,0,1,0,0.5982971025554918,0.06964356828603303,0.26968973747016706,1.0
0,0,0,0,0,0,0,0,0,0,1,0,0,0,0,1,0,0.27912285859949215,0.11523711491300229,0.7899761336515512,0.3914807302231238
0,0,0,0,0,0,0,0,0,0,1,0,0,0,0,1,0,0.4380533981397137,0.09416014543425849,0.7494033412887828,1.0
0,1,0,0,0,1,0,0,0,0,1,0,0,0,0,1,0,0.11195656579808604,0.32466331739411497,0.8042959427207637,1.0
0,0,0,0,0,0,0,0,0,0,1,0,0,0,1,0,0,0.4241945133643672,0.10004518831049551,0.7494033412887828,1.0
0,0,0,0,0,0,0,0,0,0,1,0,0,0,0,1,0,0.42891967178783164,0.07725819564872716,0.7494033412887828,1.0
0,1,0,0,0,0,0,0,1,0,0,0,0,0,0,1,0,0.2284065634416574,0.174451808614265,0.8042959427207637,1.0
1,0,1,0,0,0,0,0,0,0,1,0,0,0,0,1,0,0.11318752326406163,0.3135748890338105,0.477326968973747,0.15415821501014199
0,1,0,0,0,0,0,0,0,0,0,0,1,0,0,1,0,0.17639027695272722,0.2081029752346223,0.7899761336515512,0.3914807302231238
0,0,0,0,0,0,0,0,1,0,0,0,0,0,0,1,0,0.5154857618815267,0.08264256206237261,0.7661097852028638,1.0
0,0,0,0,0,0,0,0,0,0,1,0,0,0,0,1,0,0.35446755656221196,0.1183320155509367,0.7661097852028638,1.0
1,0,1,0,0,0,0,0,0,0,1,0,0,0,0,1,0,0.20621687558851504,0.18450180677070388,0.8042959427207637,0.14198782961460446
0,0,0,0,0,0,0,0,0,0,1,0,0,0,0,1,0,0.11081833797675834,0.3288154031329192,0.8042959427207637,0.14198782961460446
0,1,0,0,0,0,0,0,1,0,0,0,0,0,0,1,0,0.22272210685688884,0.15940838823144166,0.6443914081145585,0.5943204868154158
0,0,0,0,0,0,0,0,0,0,1,0,0,0,0,1,0,0.25767686389875044,0.14025517690567943,0.8782816229116945,1.0
1,0,1,0,0,0,0,0,0,0,1,0,0,0,0,1,0,0.10790686838392491,0.3240191826711944,0.6348448687350834,0.127789046653144
0,1,0,0,0,0,0,0,0,0,0,0,1,0,0,1,0,0.16653434055177846,0.2342443065378221,0.7899761336515512,1.0
0,0,0,0,0,0,0,0,0,0,1,0,0,0,0,1,0,0.3547453794067598,0.1176984200395685,0.8042959427207637,1.0
0,0,0,0,0,0,0,0,0,0,1,0,0,0,0,1,0,0.41784609631621866,0.09842937617680961,0.7422434367541766,0.797160243407708
0,0,1,0,0,0,0,0,0,0,1,0,0,0,0,1,0,0.39625159928010073,0.07771316975914086,0.7422434367541766,1.0
0,0,0,0,0,0,0,0,0,0,1,0,0,0,0,1,0,0.14319662349142784,0.19832204417422272,0.5704057279236276,0.1237322515212982
0,0,0,0,0,0,0,0,0,0,1,0,0,0,1,0,0,0.45834971830995613,0.09283518059270959,0.7422434367541766,1.0
0,0,0,0,0,1,0,0,0,0,1,0,0,0,0,1,0,0.28056529243747513,0.10515540140359525,0.7040572792362769,1.0
0,0,0,0,0,0,0,0,0,0,1,0,0,0,0,1,0,0.4512057541775554,0.07960284755171229,0.6587112171837708,1.0
0,0,0,0,0,0,0,0,0,0,1,0,0,0,0,1,0,0.09967897514814426,0.3374585742667829,0.8042959427207637,1.0
0,0,0,0,0,0,0,0,0,0,1,0,0,0,0,1,0,0.2356831834087446,0.15769821057910488,0.477326968973747,0.5943204868154158
0,0,0,0,0,1,0,0,0,0,1,0,0,0,0,1,0,0.10819918451490572,0.2826240508462968,0.6443914081145585,1.0
0,1,0,0,0,0,0,0,0,0,1,0,0,0,0,1,0,0.4612955303677282,0.09229074640355842,0.7661097852028638,1.0
0,1,0,0,0,0,0,0,0,0,0,0,1,0,0,1,0,0.3525006589775261,0.11767858486336263,0.6443914081145585,1.0
0,0,0,0,0,1,0,0,0,0,1,0,0,0,0,1,0,0.1018035000360956,0.3204120989530772,0.8902147971360381,0.13793103448275862
0,1,0,0,0,0,0,0,0,0,1,0,0,0,0,1,0,0.2490881503639928,0.1644623247576969,0.8902147971360381,1.0
0,1,0,0,0,0,0,0,1,0,0,0,0,0,0,1,0,0.2831889154856581,0.11216975966511906,0.8066825775656323,0.3914807302231238
0,0,0,0,0,0,0,0,1,0,0,0,0,0,0,1,0,0.4583976210641036,0.09281681050672021,0.5155131264916468,0.5943204868154158
0,0,0,0,0,1,0,0,0,0,1,0,0,0,0,1,0,0.3139666511225058,0.13275465732674005,0.6491646778042959,1.0
0,1,0,0,0,0,0,0,0,0,1,0,0,0,0,1,0,0.2946424857327869,0.13927304453599318,0.6491646778042959,0.5943204868154158
0,1,0,0,0,1,0,0,0,0,1,0,0,0,0,1,0,0.1964668014190586,0.1502645683147761,0.7159904534606205,0.797160243407708
0,0,1,0,0,0,0,0,0,0,1,0,0,0,0,1,0,0.3012494272868313,0.13689698075743376,0.6968973747016707,1.0
0,0,0,0,0,0,0,0,0,0,1,0,0,0,0,1,0,0.2630617281195297,0.11274412642770128,0.6968973747016707,1.0
0,1,0,0,0,1,0,0,0,0,0,0,1,0,0,1,0,0.24547960099591604,0.14939028839779106,0.6968973747016707,0.5943204868154158
0,1,0,0,0,0,0,0,1,0,0,0,0,0,0,1,0,0.14195805282872057,0.2152590355297537,0.8902147971360381,1.0
0,1,1,0,0,1,0,0,0,0,0,0,1,0,0,1,0,0.07783589552871538,0.33951543752719504,0.7159904534606205,1.0
0,1,1,0,0,0,0,0,1,0,0,0,0,0,0,1,0,0.08859595190114344,0.3548050769373323,0.7804295942720763,0.5943204868154158
0,0,0,0,0,0,0,0,0,0,1,0,0,0,0,1,0,0.5350537737578054,0.07475057224170456,0.5226730310262531,1.0
0,0,0,0,0,0,0,0,1,0,0,0,0,0,0,1,0,0.2928550765584518,0.14015763218706728,0.8186157517899761,1.0
0,1,1,0,0,0,0,0,1,0,0,0,0,0,0,1,0,0.14230096883643892,0.26859653931028493,0.7159904534606205,1.0
0,0,0,0,0,0,0,0,0,0,1,0,0,0,0,1,0,0.42363974204766736,0.0818857292724237,0.5131264916467779,1.0
0,0,0,0,0,0,0,0,0,0,1,0,0,0,0,1,0,0.19761730871556846,0.20290894670485235,0.7804295942720763,0.12981744421906694
0,1,0,0,0,0,0,0,1,0,0,0,0,0,0,1,0,0.20517122631120388,0.19185537973926317,0.9021479713603817,0.797160243407708
0,0,0,0,0,0,0,0,0,0,1,0,0,0,0,1,0,0.43381841931341364,0.08548922525246755,0.8210023866348448,1.0
0,0,1,0,0,0,0,0,0,0,1,0,0,0,0,1,0,0.3671160575370648,0.09400668894766857,0.8186157517899761,0.3914807302231238
0,0,0,0,0,0,0,0,0,0,1,0,0,0,0,1,0,0.38721157939873524,0.08535059542440172,0.7159904534606205,1.0
0,0,0,0,0,0,0,0,0,0,1,0,0,0,0,1,0,0.31666393549969496,0.12101188650765707,0.7804295942720763,1.0
0,0,0,0,0,0,0,0,0,0,1,0,0,0,0,1,0,0.3594654627881718,0.10709498000367917,0.7159904534606205,1.0
0,0,0,0,0,0,0,0,0,0,1,0,0,0,0,1,0,0.2242059065951781,0.14684507292153723,0.5226730310262531,1.0
0,0,0,0,0,1,0,0,0,0,1,0,0,0,0,1,0,0.13254268857115148,0.09025443368900571,0.6491646778042959,0.5943204868154158
0,0,0,0,0,0,0,0,1,0,0,0,0,0,0,1,0,0.6373155411928737,0.0660160653040344,0.7613365155131264,1.0
0,1,0,0,0,0,0,0,1,0,0,0,0,0,0,1,0,0.4990835808791025,0.08042741881529929,0.9045346062052504,1.0
0,0,0,0,0,0,0,0,0,0,1,0,0,0,0,1,0,0.061786934191675906,0.48739333693537773,0.7899761336515512,0.13387423935091278
0,0,0,0,0,0,0,0,0,0,1,0,0,0,0,1,0,0.4815512323398346,0.08504922613732084,0.7661097852028638,1.0
0,1,0,0,0,0,0,0,0,0,0,0,1,0,0,1,0,0.1625890890415292,0.22409075649587976,0.9045346062052504,1.0
0,0,0,0,0,0,0,0,0,0,1,0,0,0,0,1,0,0.2701513861630606,0.1529217776180691,0.9045346062052504,1.0
0,0,0,0,0,0,0,0,0,0,1,0,0,0,0,1,0,0.1292005754347734,0.2896319819242873,0.7422434367541766,0.09330628803245437
0,1,0,0,0,0,0,0,1,0,0,0,0,0,0,1,0,0.16885288097515752,0.19610045040766977,0.9045346062052504,1.0
0,0,1,0,0,0,0,0,0,0,1,0,0,0,0,1,0,0.27906598870205174,0.12492472138395494,0.7971360381861574,0.797160243407708
0,1,0,0,0,0,0,0,1,0,0,0,0,0,0,1,0,0.36013126486337654,0.11627168022855684,0.6801909307875893,1.0
0,0,0,0,0,0,0,0,0,0,1,0,0,0,0,1,0,0.34263377803887557,0.11707534436738318,0.7422434367541766,0.797160243407708
0,0,0,0,0,1,0,0,0,0,1,0,0,0,0,1,0,0.06295353914551263,0.46494893063723586,0.7661097852028638,0.077079107505071
0,0,0,0,0,0,0,0,0,0,1,0,0,0,0,1,0,0.3783519298460591,0.10691241996437176,0.7613365155131264,1.0
1,0,1,0,0,0,0,0,0,0,1,0,0,0,0,1,0,0.13403692919520804,0.2012480684611249,0.29594272076372313,0.13793103448275862
0,0,1,0,0,0,0,0,0,0,1,0,0,0,0,1,0,0.35533586552393254,0.09616204182858434,0.5178997613365155,1.0
1,0,1,0,0,0,0,0,0,0,1,0,0,0,0,1,0,0.15019355756979705,0.24095772217251038,0.9045346062052504,0.15010141987829617
0,0,0,0,0,0,0,0,0,0,1,0,0,0,0,1,0,0.5379442724456409,0.07354340974877857,0.9045346062052504,1.0
0,1,0,0,0,0,0,0,0,0,1,0,0,0,0,1,0,0.23384561441373597,0.15209420337895013,0.7088305489260143,1.0
0,1,0,0,0,0,0,0,0,0,1,0,0,0,0,1,0,0.23334559236477154,0.17470461522519223,0.9140811455847255,0.797160243407708
0,1,0,0,0,0,0,0,0,0,1,0,0,0,0,1,0,0.2610347287513487,0.14671687717558435,0.9045346062052504,1.0
0,0,0,0,0,0,0,0,0,0,1,0,0,0,0,1,0,0.25250947140171714,0.08340912011731505,0.7708830548926013,0.5943204868154158
0,0,0,0,0,1,0,0,0,0,1,0,0,0,0,1,0,0.09667924709055593,0.331335371397976,0.9140811455847255,0.15618661257606492
1,0,1,0,0,0,0,0,0,0,1,0,0,0,0,1,0,0.1417137426849964,0.241665829114866,0.7947494033412885,0.14807302231237324
0,0,0,0,0,0,0,0,0,0,1,0,0,0,0,1,0,0.38381054947218324,0.1057081622705874,0.9188544152744629,1.0
0,0,1,0,0,0,0,0,0,0,1,0,0,0,0,1,0,0.21652641186620766,0.18678396662274926,0.9045346062052504,1.0
0,0,0,0,0,0,0,0,0,0,1,0,0,0,1,0,0,0.40231421893596075,0.09300468759239583,0.9188544152744629,1.0
0,0,1,0,0,0,0,0,0,0,1,0,0,0,0,1,0,0.32910183398884596,0.10007784508662979,0.9188544152744629,1.0
0,0,1,0,0,0,0,0,0,0,1,0,0,0,0,1,0,0.18881207257858065,0.10943516907776962,0.9045346062052504,1.0
1,0,1,0,0,0,0,0,0,0,1,0,0,0,0,1,0,0.10318158606754027,0.34699387497650097,0.19093078758949883,0.14807302231237324
0,0,0,0,0,0,0,0,0,0,1,0,0,0,1,0,0,0.4713155219821724,0.0777110698822396,0.9045346062052504,1.0
1,0,1,0,0,0,0,0,0,0,1,0,0,0,0,1,0,0.1602077976717286,0.24381147941329304,0.9140811455847255,0.15618661257606492
0,0,0,0,0,0,0,0,0,0,1,0,0,0,1,0,0,0.5140938210951584,0.07953308959539976,0.9188544152744629,1.0
1,0,1,0,0,0,0,0,0,0,1,0,0,0,0,1,0,0.14593537705007634,0.2443314464563584,0.5393794749403342,0.16024340770791076
0,0,0,0,0,0,0,0,0,0,1,0,0,0,0,1,0,0.335497352961095,0.11654689693251195,0.5417661097852029,1.0
1,0,1,0,0,0,0,0,0,0,1,0,0,0,0,1,0,0.11858124088483422,0.3012708318406081,0.7971360381861574,0.12981744421906694
0,0,0,0,0,0,0,0,0,0,1,0,0,0,0,1,0,0.3419118497684268,0.11353147403900059,0.7398568019093079,0.5943204868154158
0,0,0,0,0,0,0,0,0,0,1,0,0,0,0,1,0,0.34424282954066665,0.12097224678640925,0.9140811455847255,1.0
0,0,0,0,0,0,0,1,0,0,0,0,0,0,0,1,0,0.16845545684799998,0.16687785477415376,0.5393794749403342,0.16024340770791076
0,0,0,0,0,0,0,0,0,0,1,0,0,0,0,1,0,0.19915842084648516,0.2015205595101715,0.9045346062052504,0.15010141987829617
0,1,1,0,0,1,0,0,0,0,1,0,0,0,0,1,0,0.20845401369691832,0.10416937780247375,0.9045346062052504,1.0
0,0,0,0,0,0,0,0,0,0,1,0,0,0,0,1,0,0.3612182123898523,0.0705167904485548,0.9188544152744629,0.797160243407708
0,0,0,0,0,0,0,0,1,0,0,0,0,0,0,1,0,0.40513655647972413,0.0725596913504334,0.5894988066825775,1.0
0,0,0,0,0,0,0,0,0,0,0,1,0,0,0,1,0,0.3177101510984703,0.1310519276511675,0.9045346062052504,1.0
0,1,0,0,0,0,0,0,1,0,0,0,0,0,0,1,0,0.14963461737354797,0.19244700296026443,0.8782816229116945,1.0
0,0,0,0,0,0,0,0,0,0,1,0,0,0,0,1,0,0.3802171215573584,0.10593461271765392,0.7804295942720763,1.0
0,0,0,0,0,0,0,0,0,0,1,0,0,0,0,1,0,0.06944228296357445,0.43021681995445926,0.3842482100238663,0.14198782961460446
0,1,0,0,0,0,0,0,0,0,1,0,0,0,0,1,0,0.4352866457595996,0.09657805150104899,0.8568019093078758,0.5943204868154158
0,0,0,0,0,0,0,0,0,0,1,0,0,0,0,1,0,0.2503701381031929,0.11345720573308725,0.3842482100238663,0.14198782961460446
0,0,0,0,0,0,0,0,0,0,1,0,0,0,0,1,0,0.31859917564779144,0.11276774923968712,0.8400954653937946,1.0
0,0,0,0,0,0,0,0,0,0,1,0,0,0,0,1,0,0.470603340471126,0.08996804086739511,0.6491646778042959,1.0
1,0,1,0,0,0,0,0,0,0,1,0,0,0,0,1,0,0.12402309378383149,0.29385938422557933,0.8400954653937946,0.13995943204868155
1,0,1,0,0,0,0,0,0,0,1,0,0,0,0,1,0,0.09778031958854978,0.35997536151262427,0.5894988066825775,0.1359026369168357
0,0,0,0,0,0,0,0,0,0,1,0,0,0,0,1,0,0.19558274500916628,0.17480763866757645,0.7040572792362769,0.13387423935091278
0,0,0,0,0,0,0,0,0,0,1,0,0,0,0,1,0,0.2883718644224836,0.10842512815333837,0.8400954653937946,1.0
0,0,0,0,0,0,0,0,1,0,0,0,0,0,0,1,0,0.20322927363551627,0.16090807785295858,0.8377088305489258,1.0
0,0,1,0,0,0,0,0,0,0,1,0,0,0,0,1,0,0.29315757617887866,0.09185000249656375,0.6706443914081146,0.797160243407708
0,0,0,0,0,0,0,0,0,0,1,0,0,0,0,1,0,0.3385638475873573,0.12119964333128246,0.6706443914081146,1.0
0,1,0,0,0,0,0,0,0,0,1,0,0,0,0,1,0,0.3253365434625206,0.1095690636979265,0.6491646778042959,1.0
0,1,0,0,0,0,0,0,0,0,1,0,0,0,0,1,0,0.3424233665767756,0.12067610544673053,0.6491646778042959,1.0
0,1,0,0,0,0,0,0,1,0,0,0,0,0,0,1,0,0.24186207919946562,0.10197214839722263,0.8782816229116945,1.0
0,0,1,0,0,0,0,0,0,0,1,0,0,0,0,1,0,0.2650612189884216,0.10442818647849715,0.7828162291169449,1.0
0,0,0,0,0,0,0,0,0,0,1,0,0,0,0,1,0,0.29464248573278684,0.12498230475755709,0.8544152744630071,0.797160243407708
0,0,0,0,0,0,0,0,0,0,1,0,0,0,0,1,0,0.24171780455224673,0.10615819194407398,0.7828162291169449,1.0
0,0,0,0,0,0,0,0,0,0,1,0,0,0,0,1,0,0.28568234712705626,0.09352575452592053,0.8782816229116945,1.0
0,1,0,0,0,0,0,0,0,0,1,0,0,0,0,1,0,0.43190223418941165,0.08720476631872282,0.8568019093078758,1.0
0,1,0,0,0,0,0,0,0,0,1,0,0,0,0,1,0,0.3443425324647812,0.08308023916158934,0.8782816229116945,0.797160243407708
0,0,0,0,0,0,0,0,0,0,1,0,0,0,0,1,0,0.26755437350262096,0.15405286008417698,0.7828162291169449,0.5943204868154158
0,1,0,0,0,1,0,0,0,0,1,0,0,0,0,1,0,0.295378421452215,0.14055713926998384,0.8782816229116945,1.0
0,0,0,0,0,0,0,0,0,0,1,0,0,0,0,1,0,0.24085978519373907,0.16452249900477514,0.5894988066825775,1.0
0,0,0,0,0,0,0,0,0,0,1,0,0,0,0,1,0,0.5016953035610063,0.07140089813680323,0.4988066825775656,1.0
0,1,1,0,0,0,0,0,0,0,1,0,0,0,0,1,0,0.19439817590816522,0.2023140452478793,0.8782816229116945,0.797160243407708
0,1,0,0,0,0,0,0,0,0,1,0,0,0,0,1,0,0.21072717040194347,0.14592070814425012,0.6945107398568018,0.5943204868154158
0,1,0,0,0,0,0,0,0,0,1,0,0,0,0,1,0,0.31088805297039396,0.12812648599294182,0.8257756563245822,1.0
0,0,0,0,0,0,0,0,1,0,0,0,0,0,0,1,0,0.31438752161808203,0.11970711826998422,0.8042959427207637,1.0
0,0,0,0,0,0,0,0,0,0,1,0,0,0,0,1,0,0.4138482722007463,0.1023351460702457,0.7494033412887828,1.0
0,0,0,0,0,0,0,0,0,0,1,0,0,0,0,1,0,0.4539242417951854,0.07989978938319246,0.4988066825775656,1.0
0,0,0,0,0,0,0,0,0,0,1,0,0,0,0,1,0,0.4080387982840436,0.08575185557980805,0.6945107398568018,0.5943204868154158
0,0,1,0,0,0,0,0,0,0,1,0,0,0,0,1,0,0.270431969559431,0.12533899079809196,0.7684964200477327,1.0
0,1,0,0,0,0,0,0,0,0,0,0,1,0,0,1,0,0.2849504392234918,0.11949699463849091,0.7684964200477327,1.0
0,0,0,0,0,0,0,0,0,0,1,0,0,0,0,1,0,0.21981284132660991,0.16744457508254412,0.7684964200477327,1.0
0,1,0,0,0,1,0,0,1,0,0,0,0,0,0,1,0,0.18471573081764356,0.20383424154800803,0.8782816229116945,1.0
0,0,0,0,0,0,0,0,0,0,0,0,1,0,0,1,0,0.4190935236842932,0.0888537326685093,0.6945107398568018,1.0
0,0,0,0,0,0,0,0,0,0,1,0,0,0,0,1,0,0.34886974333502196,0.10054286034077788,0.5823389021479712,1.0
0,1,0,0,0,0,0,0,1,0,0,0,0,0,0,1,0,0.25157423090072384,0.16329851612904636,0.8902147971360381,1.0
0,1,0,0,0,0,0,0,1,0,0,0,0,0,0,1,0,0.381007765597962,0.11084196716385926,0.5155131264916468,1.0
0,1,0,0,0,0,0,0,0,0,1,0,0,0,0,1,0,0.2958437387481361,0.10401338273566482,0.6945107398568018,1.0
0,0,0,0,0,0,0,0,0,0,1,0,0,0,1,0,0,0.3968491313054013,0.05872534269305219,0.5823389021479712,1.0
0,0,0,0,0,0,0,0,0,0,1,0,0,0,0,1,0,0.32633862697208676,0.09262623955719344,0.6348448687350834,0.5943204868154158
0,0,0,0,0,0,0,0,0,0,1,0,0,0,0,1,0,0.35850768729288185,0.09361370467260582,0.7684964200477327,1.0
1,0,1,0,0,0,0,0,0,0,1,0,0,0,0,1,0,0.10865574844678294,0.31387899996673946,0.8042959427207637,0.14198782961460446
0,0,1,0,0,0,0,0,0,0,1,0,0,0,0,1,0,0.270431969559431,0.12533899079809196,0.8042959427207637,1.0
0,0,1,0,0,0,0,0,1,0,0,0,0,0,0,1,0,0.29181344036593304,0.12385422573045127,0.6945107398568018,1.0
0,0,0,0,0,0,0,0,0,0,1,0,0,0,0,1,0,0.3575442394370071,0.0893300902572194,0.7971360381861574,1.0
0,0,0,0,0,0,0,0,0,0,1,0,0,0,0,1,0,0.2555299236745674,0.15810288333552777,0.9021479713603817,0.797160243407708
0,1,0,0,0,0,0,0,0,0,1,0,0,0,0,1,0,0.3256697310489057,0.12850475955240068,0.477326968973747,1.0
0,1,0,0,0,0,0,0,0,0,1,0,0,0,0,1,0,0.08208624586496042,0.40793533438125545,0.8042959427207637,0.5943204868154158
0,0,1,0,0,0,0,0,0,0,1,0,0,0,0,1,0,0.5230614607282144,0.08173461433678457,0.4797136038186158,1.0
0,0,0,0,0,0,0,0,0,0,1,0,0,0,0,1,0,0.4016901615820123,0.10041189638952544,0.8591885441527445,1.0
0,1,0,0,0,0,0,0,0,0,0,0,1,0,0,1,0,0.11698368277118822,0.3153173681933617,0.8758949880668256,0.5943204868154158
0,1,0,0,0,0,0,0,1,0,0,0,0,0,0,1,0,0.4355834244842393,0.09034302554090293,,1.0
0,0,0,0,0,0,0,0,0,0,1,0,0,0,0,1,0,0.11393343862799497,0.32181930308039547,0.8758949880668256,0.11561866125760652
1,0,1,0,0,0,0,0,0,0,1,0,0,0,0,1,0,0.07675538205011145,0.4234069099244788,0.5894988066825775,0.1359026369168357
1,0,1,0,0,0,0,0,0,0,1,0,0,0,0,1,0,0.21768529931217176,0.1745991480362418,0.5894988066825775,0.1359026369168357
0,1,0,0,0,0,0,0,0,0,0,0,1,0,0,1,0,0.23924787145982485,0.10824441435145668,0.8782816229116945,0.797160243407708
0,0,0,0,0,0,0,0,0,0,1,0,0,0,0,1,0,0.4903959149314288,0.0677946085516999,0.7565632458233891,1.0
0,0,0,0,0,1,0,0,0,0,1,0,0,0,0,1,0,0.1467442165681726,0.12709064206257803,0.27207637231503584,0.14198782961460446
1,0,1,0,0,0,0,0,0,0,1,0,0,0,0,1,0,0.17476440074030222,0.16484045262907582,0.8329355608591884,0.14604462474645033
1,0,1,0,0,0,0,0,0,0,1,0,0,0,0,1,0,0.10790686838392477,0.3286555994264979,0.20047732696897375,0.13793103448275862
0,0,0,0,0,0,0,0,0,0,1,0,0,0,0,1,0,0.32104249970651694,0.11459102370916371,0.7828162291169449,0.5943204868154158
1,0,1,0,0,0,0,0,0,0,1,0,0,0,0,1,0,0.0984696350171681,0.35935939231404274,0.8782816229116945,0.17038539553752538
0,1,0,1,0,1,0,0,0,0,0,0,1,0,0,1,0,0.04434761379334622,0.6226094424422431,0.5894988066825775,0.5943204868154158
0,0,0,0,0,0,0,0,0,0,0,0,1,0,0,1,0,0.4477135794176921,0.08450877823661519,0.6730310262529833,1.0
0,0,0,0,0,0,0,0,0,0,1,0,0,0,0,1,0,0.4476516701978827,0.08576446516732254,0.6730310262529833,1.0
0,0,0,0,0,0,0,0,0,0,1,0,0,0,0,1,0,0.17912720640119947,0.1723824277904838,0.5202863961813842,1.0
0,0,0,0,0,0,0,0,0,0,1,0,0,0,0,1,0,0.30062562730259385,0.09492727426605513,0.7804295942720763,0.3914807302231238
0,1,0,0,0,0,0,0,1,0,0,0,0,0,0,1,0,0.15702993911191335,0.226424258017883,0.8758949880668256,1.0
0,0,0,0,0,0,0,0,0,0,1,0,0,0,0,1,0,0.4162519755185061,0.08824049439929774,0.8758949880668256,1.0
0,0,0,0,0,0,0,0,0,0,1,0,0,0,0,1,0,0.29179007957556613,0.10813802727291134,0.8758949880668256,1.0
0,1,0,0,0,0,0,0,1,0,0,0,0,0,0,1,0,0.25191917553960236,0.10095835026209263,0.8782816229116945,1.0
0,1,0,0,0,0,0,0,0,0,0,0,1,0,0,1,0,0.27374868861555907,0.15010658738068333,0.7613365155131264,1.0
0,0,0,0,0,0,0,0,0,0,1,0,0,0,0,1,0,0.38979738700598193,0.09434361902613884,0.8305489260143197,0.797160243407708
0,1,0,0,0,0,0,0,1,0,0,0,0,0,0,1,0,0.4416065137984911,0.09616924287879654,0.6730310262529833,1.0
0,0,0,0,0,0,0,0,0,0,1,0,0,0,0,1,0,0.27873673902074486,0.1389800293936894,0.7613365155131264,1.0
0,0,0,0,0,0,0,0,0,0,1,0,0,0,0,1,0,0.3400165153342871,0.10757207596810893,0.8305489260143197,1.0
0,1,0,0,0,0,0,0,0,0,1,0,0,0,0,1,0,0.295701525790858,0.10952716989671743,0.8782816229116945,1.0
0,0,0,0,0,0,0,0,0,0,1,0,0,0,1,0,0,0.43523097793267973,0.0757768892261596,0.7303102625298328,1.0
0,0,0,0,0,1,0,0,0,0,1,0,0,0,0,1,0,0.12753779485771388,0.2581915225390574,0.8758949880668256,0.11561866125760652
0,1,0,0,0,0,0,0,1,0,0,0,0,0,0,1,0,0.3001560175612669,0.08847531929389117,0.8758949880668256,1.0
0,1,0,0,0,0,0,0,1,0,0,0,0,0,0,1,0,0.34066508642232496,0.11732407307308036,0.6730310262529833,1.0
0,0,0,0,0,0,0,0,0,0,1,0,0,0,0,1,0,0.4841591995612004,0.08523411565822407,0.8400954653937946,1.0
0,0,1,0,0,0,0,0,0,0,1,0,0,0,0,1,0,0.26655891942146703,0.11739059256917227,0.7303102625298328,1.0
0,1,0,0,0,0,0,0,0,0,1,0,0,0,0,1,0,0.17468242425366107,0.2230226729500955,0.8758949880668256,0.5943204868154158
0,0,0,0,0,0,0,0,0,0,1,0,0,0,0,1,0,0.35389186178596577,0.11261549026709841,0.7303102625298328,1.0
0,0,0,0,0,0,0,0,0,1,0,0,0,0,0,1,0,0.7847593343461283,0.05291623850272243,0.7828162291169449,1.0
1,0,1,0,0,0,0,0,0,0,1,0,0,0,0,1,0,0.10633588017786824,0.3391211911255825,0.8758949880668256,0.11561866125760652
0,0,0,0,0,0,0,0,0,0,1,0,0,0,0,1,0,0.21325535861212286,0.18193760912111917,0.5202863961813842,0.15415821501014199
0,0,0,0,0,1,0,0,0,0,1,0,0,0,0,1,0,0.20129746590015757,0.18495032466356243,0.8758949880668256,1.0
0,1,1,0,0,0,0,0,1,0,0,0,0,0,0,1,0,0.2624551875316129,0.14609385914992665,0.5202863961813842,1.0
0,0,1,0,0,0,0,0,0,0,1,0,0,0,0,1,0,0.3286156230428681,0.126941166027817,0.8305489260143197,1.0
0,0,0,0,0,0,0,0,0,0,1,0,0,0,0,1,0,0.25220554291968783,0.12914398577548541,0.9307875894988065,0.797160243407708
0,0,1,0,0,0,0,0,0,0,1,0,0,0,0,1,0,0.2923308141427978,0.12946218887433888,0.8305489260143197,1.0
0,0,1,0,0,0,0,0,0,0,1,0,0,0,0,1,0,0.4390271038489875,0.08963841332786299,,1.0
0,1,0,0,0,1,0,0,0,0,0,0,1,0,0,1,0,0.1349901818263088,0.2644034317546491,0.8758949880668256,1.0
1,0,1,0,0,0,0,0,0,0,1,0,0,0,0,1,0,0.11655619368122137,0.28971334998537984,0.7804295942720763,0.14198782961460446
0,0,0,0,0,0,0,0,0,0,1,0,0,0,0,1,0,0.41491577892728393,0.0783728743592334,0.7303102625298328,1.0
0,0,1,0,0,1,0,0,0,0,1,0,0,0,0,1,0,0.21842395786359628,0.12361482598553547,0.8305489260143197,1.0
0,0,0,0,0,0,0,0,0,0,1,0,0,0,1,0,0,0.4705173167699093,0.08610234476462368,0.7684964200477327,1.0
0,0,0,0,0,0,0,0,0,0,1,0,0,0,0,1,0,0.15684198731767607,0.24532838259642065,0.9164677804295942,1.0
0,1,0,1,0,0,0,0,0,0,0,0,1,0,0,1,0,0.06202168301965034,0.42559799143694976,0.6157517899761338,1.0
0,1,0,0,0,0,0,0,1,0,0,0,0,0,0,1,0,0.06449725753481768,0.39087052270860717,0.6157517899761338,1.0
0,0,0,0,0,0,0,0,0,0,1,0,0,0,0,1,0,0.13425375013899127,0.28213531645257106,0.8854415274463008,0.1359026369168357
1,0,1,0,0,0,0,0,0,0,1,0,0,0,0,1,0,0.11464730490793827,0.3192889480592266,0.5202863961813842,0.15415821501014199
0,1,0,0,0,0,0,0,0,0,1,0,0,0,0,1,0,0.4667591566136899,0.09109783796146143,0.7804295942720763,1.0
0,0,0,0,0,1,0,0,0,0,1,0,0,0,0,1,0,0.046934721547206716,0.5667919942084594,0.8758949880668256,0.15010141987829617
0,0,1,0,0,0,0,0,0,0,1,0,0,0,0,1,0,0.27945167540181853,0.14329529328172155,0.8186157517899761,0.09736308316430023
0,0,0,0,0,0,0,0,0,0,1,0,0,0,0,1,0,0.35350000414425775,0.11846402433041507,0.7303102625298328,1.0
0,0,0,0,0,0,0,0,1,0,0,0,0,0,0,1,0,0.3694864550741646,0.10827279320676027,0.8758949880668256,1.0
0,1,0,0,0,0,0,0,0,0,1,0,0,0,0,1,0,0.3149092328510238,0.10871746470705602,0.7804295942720763,0.797160243407708
0,0,0,0,0,0,0,0,0,0,1,0,0,0,0,1,0,0.33026939923119386,0.12578291762866164,0.8400954653937946,1.0
0,0,0,0,0,0,0,0,0,0,1,0,0,0,0,1,0,0.22790023042012367,0.17120260035076598,0.9785202863961813,0.797160243407708
0,0,0,0,0,0,0,0,0,0,1,0,0,0,0,1,0,0.3601630917408143,0.1167031020916109,0.7613365155131264,0.5943204868154158
0,1,0,0,0,0,0,0,0,0,1,0,0,0,0,1,0,0.3673190976961123,0.1147072101465265,0.9785202863961813,1.0
1,0,1,0,0,0,0,0,0,0,1,0,0,0,0,1,0,0.13108228497803825,0.2877676986336127,0.35083532219570407,0.15821501014198783
0,1,0,0,0,0,0,0,0,0,0,0,1,0,0,1,0,0.3191428898346626,0.12998499544256717,0.9785202863961813,1.0
0,0,0,0,0,1,0,0,0,0,1,0,0,0,0,1,0,0.19290793857289065,0.20733772274516152,0.7899761336515512,1.0
0,0,0,0,0,1,0,0,0,0,1,0,0,0,0,1,0,0.2963965964149243,0.1377934316974042,0.7613365155131264,1.0
0,1,0,0,0,0,0,0,0,0,0,1,0,0,0,1,0,0.14911753616007656,0.2325166854312259,0.9785202863961813,1.0
0,0,0,0,0,0,0,0,0,0,1,0,0,0,0,1,0,0.3981976357713832,0.1024511984914329,0.7613365155131264,1.0
0,0,1,0,0,1,0,0,0,0,1,0,0,0,0,1,0,0.11711982259313324,0.29958963957675566,0.8424821002386635,0.797160243407708
0,1,0,0,0,0,0,0,0,0,0,0,1,0,0,1,0,0.28846635197225845,0.10906784313534368,0.6229116945107398,1.0
0,0,0,0,0,0,0,0,1,0,0,0,0,0,0,1,0,0.3685911057596758,0.09908540595028165,0.8114558472553699,1.0
0,0,0,0,0,0,0,0,0,0,1,0,0,0,1,0,0,0.37642293635884166,0.10751785699196326,0.8544152744630071,1.0
0,1,0,0,0,0,0,0,0,0,1,0,0,0,0,1,0,0.29285507655845194,0.13886382634507136,0.6014319809069213,1.0
0,1,0,0,0,0,0,0,0,0,1,0,0,0,0,1,0,0.18540329677396666,0.12353299528170503,0.7661097852028638,1.0
0,0,0,0,0,0,0,0,0,0,1,0,0,0,0,1,0,0.1494672910431129,0.25161741151061817,0.35083532219570407,0.15821501014198783
0,0,0,0,0,0,0,0,0,0,1,0,0,0,0,1,0,0.40975093620396397,0.0920127295300283,0.8186157517899761,1.0
0,0,0,0,0,0,0,0,0,0,1,0,0,0,0,1,0,0.620369201882937,0.06806807424734283,0.8591885441527445,1.0
0,0,0,0,0,1,0,0,0,0,1,0,0,0,0,1,0,0.2001166841858597,0.1975948372040139,0.7159904534606205,0.797160243407708
0,0,0,0,0,0,0,0,0,0,1,0,0,0,0,1,0,0.3435940833797665,0.09377829652253905,0.675417661097852,1.0
0,1,0,0,0,0,0,0,0,0,1,0,0,0,0,1,0,0.15568887584245358,0.23301165679437932,0.8186157517899761,1.0
0,1,0,0,0,0,0,0,0,0,1,0,0,0,0,1,0,0.3584213667556034,0.07207250745406192,0.5990453460620524,1.0
0,0,0,0,0,0,0,0,0,0,1,0,0,0,0,1,0,0.3649131528605864,0.0991676801048585,0.675417661097852,0.797160243407708
1,0,1,0,0,0,0,0,0,0,1,0,0,0,0,1,0,0.1518160433571699,0.25422446864411874,0.8782816229116945,0.15821501014198783
0,1,0,0,0,0,0,0,0,0,1,0,0,0,0,1,0,0.14339328690828212,0.26208269030911024,0.8782816229116945,1.0
1,0,1,0,0,0,0,0,0,0,1,0,0,0,0,1,0,0.14232380319738178,0.26495796718400616,0.8782816229116945,0.15821501014198783
0,0,0,0,0,0,0,0,0,0,1,0,0,0,0,1,0,0.28718827092427807,0.12198380570670557,0.7875894988066825,1.0
0,1,0,0,0,1,0,0,0,0,1,0,0,0,0,1,0,0.19042532463477768,0.1803049825147006,0.8186157517899761,1.0
1,0,1,0,0,0,0,0,0,0,1,0,0,0,0,1,0,0.19024476054647174,0.20954622299414835,0.34367541766109794,0.13793103448275862
1,0,1,0,0,0,0,0,0,0,1,0,0,0,0,1,0,0.15806346687474698,0.24245984928901043,0.34367541766109794,0.13793103448275862
0,1,0,0,0,0,0,0,0,0,0,0,1,0,0,1,0,0.2137419527654143,0.18662350088487994,0.441527446300716,1.0
0,0,1,0,0,0,0,0,0,0,1,0,0,0,0,1,0,0.22192121678419588,0.16042432101626644,0.8782816229116945,0.797160243407708
0,0,0,0,0,0,0,0,0,0,1,0,0,0,0,1,0,0.33949814965528796,0.08749259007000268,0.8186157517899761,0.3914807302231238
0,0,0,0,0,0,0,0,0,0,1,0,0,0,0,1,0,0.38337026452422046,0.10997796844644267,0.8591885441527445,1.0
0,1,0,0,0,0,0,0,0,0,1,0,0,0,0,1,0,0.1715854068221757,0.14105278005273625,0.8424821002386635,1.0
0,0,0,1,0,0,0,0,0,0,1,0,0,0,0,1,0,0.06295353914551263,0.46494893063723586,0.8782816229116945,0.15821501014198783
0,1,0,0,0,0,0,0,0,0,1,0,0,0,0,1,0,0.3161269617905127,0.1322449726828523,0.7875894988066825,1.0
0,0,0,0,0,0,0,0,0,0,1,0,0,0,0,1,0,0.42477301174582716,0.09576028564251851,0.8186157517899761,1.0
0,0,0,0,0,0,0,0,0,0,1,0,0,0,0,1,0,0.2813443435454986,0.13170075356325975,0.675417661097852,1.0
0,0,0,0,0,0,0,0,0,0,1,0,0,0,0,1,0,0.23920556167798507,0.16468931421479144,0.8830548926014319,1.0
0,1,0,0,0,0,0,0,0,0,0,0,1,0,0,1,0,0.14838646412153392,0.24907421130155458,0.7875894988066825,1.0
0,1,0,0,0,0,0,0,0,0,0,0,1,0,0,1,0,0.40183051290533883,0.07757904082940087,0.8591885441527445,1.0
1,0,1,0,0,0,0,0,0,0,1,0,0,0,0,1,0,0.13134443815593827,0.25361191268716315,0.2673031026252984,0.15415821501014199
1,0,1,0,0,1,0,0,0,0,1,0,0,0,0,1,0,0.10592009218028406,0.28553890209606747,0.2673031026252984,0.15415821501014199
0,0,0,0,0,0,0,0,0,0,1,0,0,0,0,1,0,0.4387904491348118,0.09195771617037997,0.8186157517899761,1.0
0,0,0,0,0,0,0,0,0,0,1,0,0,0,0,1,0,0.35168098287284605,0.10725090075123782,0.8186157517899761,0.797160243407708
0,0,0,0,0,0,0,0,0,0,1,0,0,0,0,1,0,0.554076175836011,0.07665742342439796,0.5990453460620524,1.0
0,0,0,0,0,0,0,0,0,0,1,0,0,0,0,1,0,0.4574537985640631,0.06792712238965802,0.8186157517899761,1.0
0,0,0,0,0,0,0,0,0,0,1,0,0,0,0,1,0,0.3047799288601089,0.10731933531933893,0.7708830548926013,1.0
0,0,0,0,0,0,0,0,0,0,1,0,0,0,0,1,0,0.33578682913918334,0.1074917496004576,0.2458233890214797,1.0
0,1,1,0,0,0,0,0,0,0,1,0,0,0,0,1,0,0.31930368780703294,0.11689456892002979,0.8186157517899761,1.0
0,0,0,0,0,0,0,0,0,0,1,0,0,0,0,1,0,0.374374003978527,0.08048931360007223,0.7875894988066825,1.0
1,0,1,0,0,0,0,0,0,0,1,0,0,0,0,1,0,0.18358053979205974,0.2166070078411304,0.34367541766109794,0.13793103448275862
0,0,0,0,0,0,0,0,0,0,1,0,0,0,0,1,0,0.22199688844708815,0.1687834403216842,0.8329355608591884,0.797160243407708
0,1,0,0,0,0,0,0,0,0,1,0,0,0,0,1,0,0.27770595061913006,0.14277429930165084,0.8186157517899761,1.0
0,0,0,0,0,0,0,0,0,0,1,0,0,0,0,1,0,0.2787042004540096,0.09726111279323775,0.7875894988066825,1.0
0,0,0,0,0,0,0,0,1,0,0,0,0,0,0,1,0,0.3736835022664719,0.08958395764525089,0.6420047732696896,1.0
0,0,0,0,0,0,0,0,0,0,1,0,0,0,0,1,0,0.3921205148256065,0.10777026914096727,0.6992840095465394,1.0
0,0,0,0,0,0,0,0,0,0,1,0,0,0,0,1,0,0.3016570657036772,0.09497493192799057,0.7875894988066825,1.0
0,0,0,0,0,0,0,0,0,0,1,0,0,0,0,1,0,0.40279164950495033,0.08789409035343297,0.8186157517899761,1.0
0,0,0,0,0,0,0,0,0,0,1,0,0,0,0,1,0,0.1392181972138534,0.2357480215301175,0.2458233890214797,0.12981744421906694
0,0,0,0,0,0,0,0,1,0,0,0,0,0,0,1,0,0.20348117460591836,0.08730484135051167,0.7708830548926013,1.0
0,0,0,0,0,0,0,0,0,0,1,0,0,0,0,1,0,0.291416064105695,0.10421040433380394,0.7708830548926013,0.5943204868154158
0,0,0,0,0,0,0,0,0,0,1,0,0,0,0,1,0,0.14996875850220623,0.2554922851146631,0.8758949880668256,0.11561866125760652
0,0,0,0,0,0,0,1,0,0,0,0,0,0,0,1,0,0.2033059700267503,0.1936378249736743,0.34367541766109794,0.13793103448275862
0,0,0,0,0,0,0,0,1,0,0,0,0,0,0,1,0,0.2967607908294752,0.1161220183621347,0.8830548926014319,1.0
0,0,0,0,0,0,0,0,1,0,0,0,0,0,0,1,0,0.3232634386921048,0.11982741376086155,0.7875894988066825,1.0
0,0,0,0,0,0,0,0,0,0,1,0,0,0,0,1,0,0.4138538390278305,0.09278666023891739,0.6992840095465394,1.0
0,0,0,0,0,0,0,0,0,0,1,0,0,0,0,1,0,0.4686974103439943,0.08307840520776161,0.6420047732696896,1.0
0,0,1,0,0,0,0,0,0,0,1,0,0,0,0,1,0,0.2759086593368865,0.14874088034417854,0.8305489260143197,1.0
0,1,0,0,0,0,0,0,0,0,0,0,1,0,0,1,0,0.2864917279563404,0.14175892578064903,0.8758949880668256,0.5943204868154158
1,0,1,0,0,0,0,0,0,0,1,0,0,0,0,1,0,0.12420396070160607,0.2994062054694282,0.8782816229116945,0.15821501014198783
0,1,0,0,0,1,0,0,0,0,1,0,0,0,0,1,0,0.19357986784528428,0.20247849311941976,0.8782816229116945,1.0
0,1,0,0,0,0,0,0,1,0,0,0,0,0,0,1,0,0.10821864744561191,0.3026166720762947,0.7613365155131264,1.0
0,0,0,0,0,0,0,0,0,0,1,0,0,0,0,1,0,0.4306826856815937,0.09853310971230433,0.6992840095465394,1.0
0,0,0,0,0,0,0,0,0,0,1,0,0,0,0,1,0,0.4264444698458235,0.0920346187765295,0.8186157517899761,1.0
0,0,0,0,0,0,0,0,1,0,0,0,0,0,0,1,0,0.3087849290067274,0.11154360171539031,0.8830548926014319,0.797160243407708
0,0,0,0,0,0,0,0,0,0,0,0,1,0,0,1,0,0.09210505607354408,0.37522527760545993,0.7661097852028638,1.0
0,0,0,0,0,0,0,0,0,0,1,0,0,0,0,1,0,0.18409187944875863,0.21564809395285658,0.8782816229116945,1.0
1,0,1,0,0,0,0,0,0,0,1,0,0,0,0,1,0,0.13550830344284848,0.2803504363081531,0.7661097852028638,0.12981744421906694
0,0,0,0,0,0,0,0,0,0,1,0,0,0,0,1,0,0.5616076871807809,0.07628775648730486,0.5823389021479712,1.0
0,0,0,0,0,0,0,0,0,0,1,0,0,0,0,1,0,0.4345119783070826,0.08424743514335786,0.5465393794749402,1.0
0,0,0,0,0,0,0,0,0,0,1,0,0,0,0,1,0,0.508340806400146,0.08367458164729871,0.6515513126491648,1.0
0,0,0,0,0,0,0,0,0,0,1,0,0,0,0,1,0,0.37571467381614126,0.11041535968539581,0.8138424821002386,1.0
0,0,0,0,0,0,0,0,1,0,0,0,0,0,0,1,0,0.26630844218011146,0.15002313656884014,0.7804295942720763,1.0
0,1,0,0,1,1,0,0,0,0,1,0,0,0,0,1,0,0.16550311702573933,0.23649405159972847,0.9069212410501193,0.5943204868154158
0,1,0,0,0,0,0,0,0,0,1,0,0,0,0,1,0,0.38463290675766965,0.10970763066234517,0.7684964200477327,1.0
0,1,0,0,0,0,0,0,0,0,0,1,0,0,0,1,0,0.10799463662858041,0.3139274491633996,0.6443914081145585,1.0
1,0,1,0,0,0,0,0,0,0,1,0,0,0,0,1,0,0.16248798078813012,0.23551981987264411,0.8591885441527445,0.17038539553752538
0,0,0,0,0,0,0,0,0,0,1,0,0,0,0,1,0,0.4987701167976247,0.07625239126748823,0.7112171837708829,1.0
0,0,0,1,0,1,0,0,0,0,1,0,0,0,0,1,0,0.03893073497703003,0.6825652048724445,0.5966587112171837,0.15010141987829617
0,0,0,0,0,0,0,0,0,0,1,0,0,0,0,1,0,0.24716705496018798,0.16413439292501172,0.8878281622911692,1.0
0,0,0,0,0,0,0,0,0,0,1,0,0,0,0,1,0,0.17949658954491707,0.17651499121509123,0.7804295942720763,0.10750507099391482
0,1,0,0,0,0,0,0,0,0,1,0,0,0,0,1,0,0.37642293635884166,0.033542579263906726,0.8042959427207637,1.0
0,0,0,0,0,0,0,0,0,0,1,0,0,0,0,1,0,0.2601893450876815,0.15709444019511576,0.9069212410501193,0.5943204868154158
0,0,0,0,0,0,0,0,0,0,1,0,0,0,0,1,0,0.41254922201270855,0.10258729325942803,0.7804295942720763,1.0
0,0,0,0,0,0,0,0,1,0,0,0,0,0,0,1,0,0.2935410898434711,0.13763411631285388,0.8591885441527445,0.5943204868154158
0,1,1,0,0,0,0,0,0,0,1,0,0,0,0,1,0,0.29680676399979855,0.13997472778127598,0.7804295942720763,1.0
0,1,1,0,0,0,0,0,0,0,0,1,0,0,0,1,0,0.2103773191016789,0.18283223212128305,0.9069212410501193,0.5943204868154158
0,1,1,0,0,1,0,0,0,0,1,0,0,0,0,1,0,0.37177439520893263,0.11345031491179973,0.9069212410501193,1.0
0,0,1,0,0,0,0,0,0,0,1,0,0,0,0,1,0,0.27437278093245365,0.07262519987033962,0.8878281622911692,1.0
0,1,0,0,0,0,0,0,0,0,0,0,1,0,0,1,0,0.19721196214144393,0.1889671466029117,0.8138424821002386,1.0
0,0,0,0,0,0,0,0,1,0,0,0,0,0,0,1,0,0.2367916095302,0.14092027878006086,0.8878281622911692,1.0
0,0,1,0,0,0,0,0,0,0,1,0,0,0,0,1,0,0.3353576375806563,0.09979144244681219,0.9069212410501193,1.0
0,0,0,0,0,0,0,0,0,0,1,0,0,0,0,1,0,0.402643047110349,0.10514969121143483,0.9069212410501193,1.0
0,0,0,0,0,0,0,0,0,0,1,0,0,0,0,1,0,0.3997720549983799,0.10581842861941879,0.7494033412887828,0.5943204868154158
1,0,1,0,0,0,0,0,0,0,1,0,0,0,0,1,0,0.087254630000785,0.3756101762413442,0.477326968973747,0.15415821501014199
0,1,0,0,0,0,0,0,0,0,0,0,1,0,0,1,0,0.229445413334766,0.17116331188762723,0.7470167064439142,1.0
0,1,0,0,0,0,0,0,1,0,0,0,0,0,0,1,0,0.18212956968952845,0.21131993231421728,0.7470167064439142,1.0
0,1,0,0,0,1,0,0,0,0,1,0,0,0,0,1,0,0.250874006249675,0.15909039243221845,0.6873508353221955,1.0
0,0,0,0,0,1,0,0,0,0,1,0,0,0,0,1,0,0.20561067958065754,0.1235427126513333,0.7494033412887828,0.5943204868154158
0,0,0,0,0,0,0,0,0,0,1,0,0,0,0,1,0,0.4825979806292742,0.08655717105342511,0.7470167064439142,1.0
0,0,0,0,0,0,0,0,0,0,1,0,0,0,0,1,0,0.2557065448372968,0.07668416041986215,0.7040572792362769,1.0
0,1,0,0,0,0,0,0,0,0,1,0,0,0,0,1,0,0.3924663745786878,0.09392231234958086,0.7613365155131264,1.0
0,1,0,0,0,0,0,0,1,0,0,0,0,0,0,1,0,0.2870498821353807,0.12557345139740306,0.9069212410501193,1.0
1,0,1,0,0,1,0,0,0,0,1,0,0,0,0,1,0,0.06764292711413315,0.4237655420376033,0.9069212410501193,0.14807302231237324
0,0,0,0,0,0,0,0,0,0,1,0,0,0,0,1,0,0.24353161275145352,0.14419415416926856,0.8210023866348448,1.0
0,1,0,0,0,0,0,0,1,0,0,0,0,0,0,1,0,0.08104143647694272,0.37271385887264985,0.9069212410501193,0.797160243407708
0,0,0,0,0,0,0,0,1,0,0,0,0,0,0,1,0,0.21117165035407454,0.18717994874073407,0.8496420047732696,0.5943204868154158
0,0,0,0,0,0,0,0,0,0,1,0,0,0,0,1,0,0.2946424857327869,0.13927304453599318,0.9069212410501193,1.0
0,0,0,0,0,0,0,0,0,0,1,0,0,0,0,1,0,0.22516843107144596,0.17077457942743451,0.9069212410501193,1.0
0,0,0,0,0,0,0,0,0,0,1,0,0,0,0,1,0,0.13000412769271705,0.22044398246468058,0.11933174224343679,0.13387423935091278
0,0,1,0,0,1,0,0,0,0,1,0,0,0,0,1,0,0.027476593772167844,0.7675799526749127,0.7613365155131264,1.0
0,1,0,0,0,0,0,0,1,0,0,0,0,0,0,1,0,0.2586610550102497,0.14668871453121116,0.7780429594272076,1.0
0,1,0,0,0,0,0,0,0,0,1,0,0,0,0,1,0,0.3028580489137344,0.13680718705646736,0.7422434367541766,0.797160243407708
0,0,0,0,0,0,0,0,0,0,1,0,0,0,0,1,0,0.23875852688805227,0.17065227346586115,0.8210023866348448,1.0
0,0,0,0,0,0,0,0,0,0,1,0,0,0,0,1,0,0.3916481460572507,0.10373424189916824,0.7326968973747017,0.5943204868154158
0,1,0,0,0,0,0,0,1,0,0,0,0,0,0,1,0,0.12442756430552236,0.2966675973649239,0.7899761336515512,1.0
0,0,0,0,0,0,0,0,0,0,1,0,0,0,0,1,0,0.4828473381089417,0.079012638344632,0.7613365155131264,1.0
0,0,1,0,0,0,0,0,0,0,1,0,0,0,0,1,0,0.13104948257010385,0.23298877914143248,0.7112171837708829,1.0
1,0,1,0,0,0,0,0,0,0,1,0,0,0,0,1,0,0.17398734785933173,0.2258446370425503,0.7112171837708829,0.1359026369168357
0,0,1,0,0,0,0,0,1,0,0,0,0,0,0,1,0,0.4900628744630789,0.08689519542419173,0.4295942720763723,0.5943204868154158
0,0,1,0,0,0,0,0,0,0,1,0,0,0,0,1,0,0.452024242489283,0.08901809109132255,0.7661097852028638,1.0
0,0,0,0,0,0,0,0,0,0,1,0,0,0,0,1,0,0.5467834280984728,0.07485286632165954,0.7494033412887828,1.0
0,1,0,0,0,0,0,0,0,0,1,0,0,0,0,1,0,0.17476440074030225,0.08785729395933675,0.8615751789976134,1.0
1,0,1,0,0,0,0,0,0,0,1,0,0,0,0,1,0,0.10220328913815191,0.3486604655744815,0.9140811455847255,0.11764705882352942
0,1,0,0,0,0,0,0,1,0,0,0,0,0,0,1,0,0.087254630000785,0.3756101762413442,0.8353221957040573,1.0
0,0,0,0,0,0,0,0,0,0,1,0,0,0,1,0,0,0.4575826128075902,0.09196126629465964,0.9140811455847255,1.0
0,1,0,0,0,0,0,0,0,0,0,0,1,0,0,1,0,0.17355003230105281,0.20916669117719802,0.8758949880668256,1.0
0,0,0,0,0,0,0,0,0,0,1,0,0,0,0,1,0,0.36654383991025663,0.09833747494961177,0.9140811455847255,1.0
0,0,0,0,0,0,0,0,0,0,1,0,0,0,0,1,0,0.08927736235596957,0.3786057032725193,0.8353221957040573,0.09736308316430023
0,1,0,0,0,0,0,0,0,0,1,0,0,0,0,1,0,0.20378197850547355,0.15758096059999308,0.9140811455847255,1.0
0,0,0,0,0,0,0,0,0,0,1,0,0,0,0,1,0,0.22474499903904482,0.11602528856800759,0.8353221957040573,1.0
0,0,0,0,0,0,0,0,0,0,1,0,0,0,0,1,0,0.5659367527065781,0.07536539663327728,0.3556085918854415,1.0
0,1,0,0,0,0,0,0,1,0,0,0,0,0,0,1,0,0.22596345463422995,0.15328699051045067,0.8830548926014319,1.0
0,0,0,0,0,0,0,0,0,0,1,0,0,0,0,1,0,0.5091997084330059,0.08388434915449851,0.5560859188544152,0.5943204868154158
0,0,0,0,0,1,0,0,0,0,1,0,0,0,0,1,0,0.2388715365306186,0.16871480562523647,0.8353221957040573,1.0
1,0,1,0,0,0,0,0,0,0,1,0,0,0,0,1,0,0.12942469604980103,0.16560411348977605,0.8353221957040573,0.09736308316430023
0,1,0,0,0,0,0,0,1,0,0,0,0,0,0,1,0,0.37531418085398444,0.11189202617747367,0.8114558472553699,1.0
0,1,0,0,0,0,0,0,0,0,0,0,1,0,0,1,0,0.29533223616006216,0.12967604001841931,0.8281622911694511,0.5943204868154158
0,0,0,0,0,0,0,0,0,0,1,0,0,0,0,1,0,0.4649573027366105,0.07427040481104266,0.5966587112171837,1.0
0,1,0,0,0,0,0,0,0,0,0,0,1,0,0,1,0,0.3678745630965457,0.11047039900602271,0.5560859188544152,0.5943204868154158
0,0,1,0,0,0,0,0,0,0,1,0,0,0,0,1,0,0.30831611631819966,0.09238387169406202,0.9140811455847255,1.0
0,0,0,0,0,0,0,0,0,0,1,0,0,0,0,1,0,0.31132022370254525,0.10065580973371421,0.8758949880668256,1.0
0,0,0,0,0,0,0,0,0,0,1,0,0,0,0,1,0,0.3381448013815689,0.06538238116714336,0.8424821002386635,1.0
0,0,0,0,0,0,0,0,0,0,1,0,0,0,0,1,0,0.2917394584110866,0.142417630710156,0.8424821002386635,1.0
0,1,0,0,0,0,0,0,1,0,0,0,0,0,0,1,0,0.2786228382202509,0.12602630848125376,0.8424821002386635,1.0
0,0,0,0,0,0,0,0,0,0,1,0,0,0,0,1,0,0.4961877812515248,0.0726827297306139,0.5966587112171837,1.0
0,1,1,0,0,0,0,0,0,0,0,0,1,0,0,1,0,0.1497291175907856,0.21737951682920753,0.8353221957040573,1.0
0,0,1,0,0,0,0,0,0,0,1,0,0,0,0,1,0,0.3556967909821496,0.06023571910676025,0.8830548926014319,1.0
0,0,1,0,0,0,0,0,0,0,1,0,0,0,0,1,0,0.22643425725899713,0.10867231849327322,0.9140811455847255,1.0
0,0,0,0,0,0,0,0,0,0,1,0,0,0,0,1,0,0.16698858690193527,0.09401500981515465,0.8520286396181382,1.0
0,0,0,0,0,0,0,0,0,0,1,0,0,0,0,1,0,0.35582560762096355,0.08580294093594396,0.9140811455847255,1.0
0,0,0,0,0,0,0,0,0,0,1,0,0,0,0,1,0,0.155246527242271,0.1824633220811473,0.8353221957040573,0.5943204868154158
0,0,0,0,0,0,0,0,0,0,1,0,0,0,0,1,0,0.40183051290533883,0.07757904082940087,0.7923627684964201,1.0
0,0,0,0,0,0,0,0,0,0,1,0,0,0,0,1,0,0.3177855236554893,0.09801044260641958,0.8758949880668256,1.0
0,0,0,0,0,0,0,0,0,0,1,0,0,0,0,1,0,0.28460374990440385,0.14004086616851422,0.8830548926014319,1.0
0,1,1,0,0,0,0,0,0,0,1,0,0,0,0,1,0,0.23156326861003912,0.1517679380649447,0.8353221957040573,1.0
0,0,0,0,0,0,0,0,0,0,1,0,0,0,0,1,0,0.3300825780027593,0.0995174890978114,0.9140811455847255,1.0
0,1,0,0,0,0,0,0,0,0,1,0,0,0,0,1,0,0.15633977003613528,0.23149082897066475,0.928400954653938,1.0
0,0,1,0,0,0,0,0,0,0,1,0,0,0,0,1,0,0.29473505562479096,0.13663021363319225,0.8830548926014319,1.0
0,0,0,0,0,1,0,0,0,0,1,0,0,0,0,1,0,0.10796538755139808,0.31654109268500596,0.928400954653938,0.16024340770791076
0,0,0,0,0,0,0,0,0,0,1,0,0,0,0,1,0,0.4283735152517715,0.09590258727439756,0.8210023866348448,1.0
0,0,0,0,0,0,0,0,0,0,1,0,0,0,0,1,0,0.15355070630313097,0.234575754602628,0.3556085918854415,0.15618661257606492
0,0,0,0,0,0,0,0,0,0,1,0,0,0,0,1,0,0.3792492943007409,0.09304401640978438,0.7708830548926013,1.0
0,1,0,0,0,0,0,0,1,0,0,0,0,0,0,1,0,0.2079451135132806,0.1819072837980064,0.5059665871121717,1.0
0,0,0,0,0,1,0,0,0,0,1,0,0,0,0,1,0,0.08734851254659659,0.385186585406311,0.809069212410501,0.13995943204868155
0,0,0,0,0,0,0,0,0,0,1,0,0,0,0,1,0,0.12252399291776421,0.2812500173038147,0.8210023866348448,0.13387423935091278
0,0,0,0,0,0,0,0,0,0,1,0,0,0,0,1,0,0.4337120318491018,0.09788507455615074,0.701670644391408,1.0
0,0,0,0,0,1,0,0,0,0,1,0,0,0,0,1,0,0.37985144133343085,0.10488497038611416,0.809069212410501,0.5943204868154158
0,0,0,0,0,0,0,0,0,0,1,0,0,0,0,1,0,0.3835859751798862,0.08271211155801475,0.8186157517899761,1.0
0,0,0,0,0,0,0,0,0,0,1,0,0,0,0,1,0,0.21901217876022855,0.12657825245789073,0.6133651551312649,1.0
0,0,0,0,0,1,0,0,0,0,1,0,0,0,0,1,0,0.5077293746641176,0.08145421228023765,0.7804295942720763,1.0
0,0,0,0,0,0,0,0,0,0,1,0,0,0,0,1,0,0.3106277409997526,0.10293773742230129,0.9307875894988065,1.0
0,0,0,0,0,0,0,0,0,0,1,0,0,0,0,1,0,0.14334792482746517,0.23327502562397204,0.4391408114558472,0.16835699797160245
0,0,0,0,0,0,0,0,0,0,1,0,0,0,0,1,0,0.5174189437677097,0.07878907934902511,0.7804295942720763,1.0
0,0,0,0,0,0,0,0,0,0,1,0,0,0,0,1,0,0.30806112116187057,0.13502851339474659,0.9164677804295942,1.0
0,1,0,0,0,0,0,0,0,0,1,0,0,0,0,1,0,0.41040243232570284,0.09354671830029915,0.9307875894988065,1.0
0,0,1,0,0,0,0,0,0,0,1,0,0,0,0,1,0,0.16041941829145417,0.2417675732842251,0.6157517899761338,0.5943204868154158
0,0,0,0,0,0,0,0,0,0,1,0,0,0,0,1,0,0.3739322243859743,0.11266057588747631,0.8186157517899761,1.0
1,0,1,0,0,0,0,0,0,0,1,0,0,0,0,1,0,0.1370598977413735,0.25440765547340566,0.7326968973747017,0.12170385395537527
0,1,0,0,0,0,0,0,0,0,1,0,0,0,0,1,0,0.27990573014743014,0.1293296946570328,0.5059665871121717,0.5943204868154158
0,0,0,0,0,0,0,0,0,0,1,0,0,0,0,1,0,0.1738543594574933,0.21602424124053063,0.3031026252983294,0.1359026369168357
0,0,0,0,0,0,0,0,0,0,1,0,0,0,0,1,0,0.31150683189676653,0.10973141823292613,0.9069212410501193,1.0
0,0,0,0,0,0,0,0,0,0,1,0,0,0,0,1,0,0.3848300203421941,0.07127781687816709,0.701670644391408,0.5943204868154158
0,0,1,0,0,0,0,0,0,0,1,0,0,0,0,1,0,0.2503566284398117,0.06503430918851852,0.9069212410501193,0.797160243407708
0,0,0,0,0,0,0,0,0,0,1,0,0,0,0,1,0,0.3544837147847223,0.07956031794761134,0.8210023866348448,1.0
0,0,0,0,0,0,0,0,0,0,1,0,0,0,0,1,0,0.2765199194069939,0.12555280553191797,0.9069212410501193,0.797160243407708
0,0,0,0,0,0,0,0,0,0,1,0,0,0,0,1,0,0.4526677921610336,0.07086074365565631,0.7326968973747017,0.5943204868154158
0,0,0,0,0,0,0,0,0,0,1,0,0,0,0,1,0,0.33414556390227096,0.09993762886615444,0.7804295942720763,0.5943204868154158
0,0,1,0,0,1,0,0,0,0,1,0,0,0,0,1,0,0.1959685600597863,0.08922345123654399,0.809069212410501,1.0
0,0,0,0,0,0,0,0,0,0,1,0,0,0,0,1,0,0.12242811832546209,0.25172753504723877,0.9331742243436754,0.17038539553752538
0,0,0,0,0,0,0,0,0,0,1,0,0,0,1,0,0,0.47008450884538355,0.08737087938722497,0.7708830548926013,1.0
0,0,0,0,0,0,0,0,0,0,1,0,0,0,0,1,0,0.20615200577173784,0.13232896526510524,0.7804295942720763,1.0
0,0,0,0,0,0,0,0,0,0,1,0,0,0,0,1,0,0.3481076268318398,0.09298736672971611,0.8210023866348448,1.0
0,1,0,0,0,1,0,0,1,0,0,0,0,0,0,1,0,0.0855496405696438,0.36728862209428,0.8210023866348448,1.0
0,0,0,0,0,0,0,0,0,0,1,0,0,0,0,1,0,0.34172779156679534,0.10809102908160466,0.8424821002386635,1.0
0,1,0,0,0,0,0,0,1,0,0,0,0,0,0,1,0,0.24749504573679637,0.1551433290754303,0.7565632458233891,1.0
0,0,0,0,0,0,0,0,0,0,1,0,0,0,0,1,0,0.4149241083699983,0.08269434007945047,0.8400954653937946,1.0
0,0,1,0,0,0,0,0,0,0,1,0,0,0,0,1,0,0.20738128529465003,0.14641012116992824,0.8424821002386635,0.797160243407708
0,0,0,0,0,0,0,0,0,0,1,0,0,0,0,1,0,0.462779099895168,0.09201687793596668,0.8926014319809068,1.0
0,0,0,0,0,0,0,0,0,0,1,0,0,0,0,1,0,0.4931463125712599,0.08560829020176579,0.6563245823389021,0.797160243407708
0,0,0,0,0,0,0,0,0,0,1,0,0,0,0,1,0,0.12625447482013852,0.2968414319247612,0.27207637231503584,0.14198782961460446
0,1,0,0,0,0,0,0,0,0,0,0,1,0,0,1,0,0.39739658946006845,0.1005554995118971,0.6563245823389021,1.0
0,0,0,0,0,0,0,0,0,0,1,0,0,0,0,1,0,0.42484900179942453,0.08997954655698509,0.8400954653937946,1.0
0,1,0,0,0,0,0,0,1,0,0,0,0,0,0,1,0,0.17293989355916473,0.14458421927947915,0.7040572792362769,1.0
0,0,1,0,0,0,0,0,0,0,1,0,0,0,0,1,0,0.21449334651624535,0.13034191331172376,0.7804295942720763,1.0
0,1,0,0,0,0,0,0,0,0,1,0,0,0,0,1,0,0.5098708119462282,0.08199885228335106,0.7565632458233891,1.0
0,1,0,0,0,0,0,0,0,0,1,0,0,0,0,1,0,0.22671135204431625,0.17961041437198524,0.8424821002386635,1.0
0,0,0,0,0,0,0,0,0,0,1,0,0,0,0,1,0,0.42567319173997065,0.09772296961962033,0.8424821002386635,1.0
0,0,0,0,0,0,0,0,1,0,0,0,0,0,0,1,0,0.22059555245481885,0.14785033748507384,0.7804295942720763,0.3914807302231238
1,0,1,0,0,0,0,0,0,0,1,0,0,0,0,1,0,0.12637316508160584,0.29449048533180433,0.8782816229116945,0.17038539553752538
0,1,0,0,0,0,0,0,0,0,1,0,0,0,0,1,0,0.42120841166672124,0.09797824843669009,0.7040572792362769,1.0
0,0,0,0,0,0,0,0,0,0,1,0,0,0,0,1,0,0.35390157196569744,0.11495296794798932,0.7828162291169449,0.5943204868154158
0,0,0,0,0,0,0,0,0,0,1,0,0,0,0,1,0,0.3658641922373326,0.10137813600254489,0.8019093078758948,0.797160243407708
0,0,0,0,0,0,0,0,0,0,1,0,0,0,0,1,0,0.24010664382994523,0.12566347732909794,0.8400954653937946,0.797160243407708
0,0,0,0,0,0,0,0,0,0,1,0,0,0,0,1,0,0.19084989597255775,0.19307888932988748,0.27207637231503584,0.14198782961460446
0,1,0,0,0,0,0,0,0,0,1,0,0,0,0,1,0,0.36817380502200175,0.10680367992853465,0.8926014319809068,1.0
0,0,0,0,0,0,0,0,0,0,1,0,0,0,0,1,0,0.3288553416929328,0.08051658773043417,0.8019093078758948,1.0
0,0,0,0,0,0,0,0,0,0,1,0,0,0,0,1,0,0.270503118383959,0.13532916892095337,0.8162291169451072,0.5943204868154158
1,0,1,0,0,0,0,0,0,0,1,0,0,0,0,1,0,0.18969042326681362,0.18835705916866585,0.7875894988066825,0.1359026369168357
0,1,0,0,0,0,0,0,0,0,1,0,0,0,0,1,0,0.17873241834338893,0.0878667869253659,0.8782816229116945,1.0
0,1,0,0,0,0,0,0,1,0,0,0,0,0,0,1,0,0.19384917727554324,0.17752406023347056,0.8019093078758948,1.0
0,0,0,0,0,0,0,0,0,0,1,0,0,0,0,1,0,0.3750816449489343,0.11118199457192203,0.7040572792362769,0.5943204868154158
0,0,0,0,0,0,0,0,0,0,1,0,0,0,0,1,0,0.3874667564860042,0.07824088971675026,0.8019093078758948,0.797160243407708
0,1,0,0,0,0,0,0,1,0,0,0,0,0,0,1,0,0.33197722961934306,0.11141159088082814,0.6610978520286397,1.0
0,1,0,0,0,0,0,0,0,0,1,0,0,0,0,1,0,0.3952722034265916,0.09732729968867983,0.6443914081145585,1.0
0,0,1,0,0,0,0,0,1,0,0,0,0,0,0,1,0,0.29218697079871175,0.10993640300628593,0.7303102625298328,0.5943204868154158
0,0,1,0,0,0,0,0,1,0,0,0,0,0,0,1,0,0.23811246116518364,0.13061750522950308,0.7875894988066825,1.0
0,1,0,0,0,0,0,0,1,0,0,0,0,0,0,1,0,0.27642154826408805,0.13599068667236006,0.7255369928400954,1.0
0,0,0,0,0,0,0,0,0,0,1,0,0,0,0,1,0,0.5686393788044053,0.06841827446711765,0.6443914081145585,1.0
0,0,0,0,0,0,0,0,0,0,1,0,0,0,0,1,0,0.3668410000243392,0.09594204868302242,0.7303102625298328,0.5943204868154158
0,0,1,0,0,0,0,0,0,0,1,0,0,0,0,1,0,0.32488007205871583,0.1269142265179069,0.8758949880668256,1.0
0,1,0,0,0,0,0,0,0,0,0,0,1,0,0,1,0,0.3223725737453708,0.12652483856377558,0.7255369928400954,1.0
0,1,0,0,0,0,0,0,0,0,0,0,1,0,0,1,0,0.19453519998701305,0.20574207296405128,0.8758949880668256,1.0
0,0,0,0,0,0,0,0,0,0,1,0,0,0,0,1,0,0.26379125873683523,0.15640826596572122,0.7303102625298328,1.0
0,0,0,0,0,1,0,0,0,0,1,0,0,0,0,1,0,0.2770235500432972,0.12438759324464004,,1.0
0,0,0,0,0,0,0,0,0,0,1,0,0,0,0,1,0,0.41989296036238016,0.08223662375586376,0.477326968973747,1.0
0,0,0,0,0,0,0,0,0,0,1,0,0,0,0,1,0,0.26400118007704126,0.14220249123003686,0.8758949880668256,1.0
1,0,1,0,0,0,0,0,0,0,1,0,0,0,0,1,0,0.09598954508990643,0.32850691465361903,0.20047732696897375,0.13793103448275862
0,0,0,0,0,1,0,0,0,0,1,0,0,0,0,0,1,0.17102025844515364,0.23054285427069207,0.8758949880668256,1.0
0,0,0,0,0,1,0,0,0,0,1,0,0,0,0,0,1,0.1710138263968638,0.23055631149023684,0.8615751789976134,1.0
0,0,0,0,0,0,0,0,0,0,1,0,0,0,0,1,0,0.2513589737905996,0.13617351671970848,0.8305489260143197,1.0
0,1,0,0,0,0,0,0,1,0,0,0,0,0,0,1,0,0.14512990920511812,0.18426809782640724,0.8305489260143197,1.0
0,1,0,0,0,0,0,0,0,0,1,0,0,0,0,1,0,0.34438905100993344,0.12185292668587085,0.8615751789976134,1.0
0,0,0,0,0,0,0,0,0,0,1,0,0,0,0,1,0,0.4778749222966609,0.08792312075361261,0.7303102625298328,1.0
0,1,0,0,0,0,0,0,0,0,1,0,0,0,0,1,0,0.2119368520738291,0.14685004205823965,0.9140811455847255,1.0
0,0,0,0,0,0,0,0,0,0,1,0,0,0,0,1,0,0.33464114498398506,0.09858497053792711,0.8042959427207637,1.0
0,1,0,0,0,0,0,0,0,0,1,0,0,0,0,1,0,0.4266580238881712,0.06633421017967013,0.8138424821002386,1.0
0,0,0,0,0,0,0,0,0,0,1,0,0,0,0,1,0,0.17793420873531687,0.16460332468228903,0.6515513126491648,0.15415821501014199
0,1,0,0,0,0,0,0,1,0,0,0,0,0,0,1,0,0.31031582530486335,0.11296029106299382,0.665871121718377,0.5943204868154158
0,1,0,0,0,1,0,0,0,0,1,0,0,0,0,1,0,0.20026116546317668,0.1396128391583816,0.9069212410501193,1.0
0,1,1,0,0,0,0,0,0,0,1,0,0,0,0,1,0,0.1166108445258661,0.3058784855832161,0.9140811455847255,1.0
0,0,0,0,0,0,0,0,0,0,1,0,0,0,0,1,0,0.3304353775342595,0.07295883325503558,0.9069212410501193,1.0
0,0,0,0,0,0,0,0,0,0,1,0,0,0,0,1,0,0.35946227428083094,0.0931427184579175,0.809069212410501,1.0
0,0,0,0,0,0,0,0,0,0,1,0,0,0,0,1,0,0.3291434771782498,0.06717100694364375,0.8138424821002386,1.0
0,0,0,0,0,0,0,0,0,0,1,0,0,0,0,1,0,0.05807562632724227,0.5046553951026721,0.928400954653938,0.16024340770791076
1,0,1,0,0,0,0,0,0,0,1,0,0,0,0,1,0,0.2117260207696577,0.1707223888616226,0.3556085918854415,0.15618661257606492
0,0,0,0,0,0,0,0,0,0,1,0,0,0,0,1,0,0.0774728079559179,0.3962765716113339,0.928400954653938,0.16024340770791076
0,1,0,0,0,0,0,0,0,0,1,0,0,0,0,1,0,0.2926571271290745,0.10615474238098566,0.8138424821002386,1.0
0,1,0,0,0,0,0,0,1,0,0,0,0,0,0,1,0,0.27189323082866557,0.10756155250218538,0.7804295942720763,1.0
0,1,0,0,0,0,0,0,0,0,1,0,0,0,0,1,0,0.2796828444876792,0.09738373194824847,0.9069212410501193,1.0
0,0,0,0,0,0,0,0,0,0,1,0,0,0,0,1,0,0.1891169971294749,0.18796286524687636,0.6515513126491648,0.15415821501014199
0,0,0,0,0,0,0,0,0,0,1,0,0,0,0,1,0,0.31290846381038995,0.11362119703111388,0.8138424821002386,1.0
0,0,0,0,0,0,0,0,0,0,1,0,0,0,0,1,0,0.06925695679300058,0.4367766872481795,0.5966587112171837,0.15010141987829617
0,0,0,0,0,0,0,0,0,0,1,0,0,0,0,1,0,0.38294749179776816,0.10899190960748956,0.9069212410501193,1.0
0,1,1,0,0,1,0,0,0,0,0,0,1,0,0,1,0,0.07435338530217539,0.38098465495274686,0.6157517899761338,1.0
0,1,0,0,0,0,0,0,0,0,0,0,1,0,0,1,0,0.15522543422127255,0.23582714411539987,0.3484486873508353,0.5943204868154158
0,1,0,0,0,0,0,0,1,0,0,0,0,0,0,1,0,0.17966258237756463,0.21873968637633368,0.928400954653938,1.0
1,0,1,0,0,0,0,0,0,0,1,0,0,0,0,1,0,0.14955461306463044,0.2548382676487392,0.928400954653938,0.16024340770791076
0,0,1,0,0,0,0,0,0,0,1,0,0,0,0,1,0,0.29905498847638234,0.09249689725852418,0.9069212410501193,0.5943204868154158
0,0,0,0,0,0,0,0,0,0,1,0,0,0,0,1,0,0.43217724111462563,0.06537663229084001,0.9069212410501193,1.0
1,0,1,0,0,0,0,0,0,0,1,0,0,0,0,1,0,0.11788863186087535,0.2558296293302812,0.4677804295942721,0.15010141987829617
0,0,0,0,0,0,0,0,0,0,1,0,0,0,0,1,0,0.5177953309605454,0.07937884949689625,0.6563245823389021,1.0
0,1,0,0,0,0,0,0,0,0,0,0,1,0,0,1,0,0.21321869111997213,0.10760008198015497,0.7828162291169449,1.0
0,1,0,0,0,0,0,0,0,0,1,0,0,0,0,1,0,0.21178929081040376,0.144595054274066,0.7804295942720763,0.3914807302231238
0,0,0,0,0,0,0,0,0,0,1,0,0,0,0,1,0,0.5305755623612356,0.07641572754809901,0.5894988066825775,1.0
0,1,0,0,0,0,0,0,1,0,0,0,0,0,0,1,0,0.21443082467630653,0.18667965430452244,0.7828162291169449,0.5943204868154158
0,1,0,0,0,0,0,0,1,0,0,0,0,0,0,1,0,0.2544367158549857,0.15601941078071555,0.6491646778042959,0.5943204868154158
0,0,0,0,0,0,0,0,0,0,1,0,0,0,0,1,0,0.43396731933876614,0.0964879310817009,0.8496420047732696,1.0
0,1,0,0,0,0,0,0,0,0,0,0,1,0,0,1,0,0.35827425606662294,0.06578199712333889,0.8377088305489258,1.0
0,1,0,0,0,0,0,0,1,0,0,0,0,0,0,1,0,0.4025429964346066,0.09665515774349517,0.8066825775656323,1.0
0,0,0,0,0,0,0,0,0,0,1,0,0,0,0,1,0,0.38265038226286163,0.11036308618042533,0.7828162291169449,1.0
0,0,0,0,0,0,0,0,0,0,1,0,0,0,0,1,0,0.19085570591565248,0.18097742823301693,0.7828162291169449,0.5943204868154158
0,0,0,0,0,0,0,0,0,0,0,0,1,0,0,1,0,0.18855957710156113,0.14511571710054888,0.8782816229116945,1.0
1,0,1,0,0,0,0,0,0,0,1,0,0,0,0,1,0,0.09494682310437236,0.3139118828475682,0.27207637231503584,0.14198782961460446
0,0,0,0,0,0,0,0,0,0,1,0,0,0,0,1,0,0.23230867765741486,0.15783789878894697,0.6587112171837708,1.0
0,0,0,0,0,0,0,0,1,0,0,0,0,0,0,1,0,0.23276256196906445,0.1443469809188236,0.6610978520286397,1.0
0,0,0,0,0,0,0,0,0,0,1,0,0,0,0,1,0,0.37028986721687956,0.1108585651634483,0.6491646778042959,0.5943204868154158
0,0,0,0,0,1,0,0,0,0,1,0,0,0,0,0,1,0.16638926819560548,0.23604889989831807,0.7804295942720763,1.0
1,0,1,0,0,0,0,0,0,0,1,0,0,0,0,1,0,0.16537711481674414,0.23677056787835865,0.6587112171837708,0.08519269776876269
0,1,0,0,0,0,0,0,1,0,0,0,0,0,0,1,0,0.28084808754564344,0.07491614919946278,0.8377088305489258,1.0
0,0,0,0,0,0,0,0,0,0,1,0,0,0,1,0,0,0.40559091082403337,0.0993366331184859,0.8066825775656323,1.0
0,1,0,0,0,0,0,0,0,0,1,0,0,0,0,1,0,0.3670285607623383,0.10918838213937819,0.6491646778042959,0.5943204868154158
0,0,0,0,0,0,0,0,0,0,1,0,0,0,0,1,0,0.15762723033134007,0.2369484098961807,0.7613365155131264,0.14604462474645033
0,1,1,0,0,0,0,0,0,0,0,0,1,0,0,1,0,0.40418650184601895,0.08919521987676156,0.8377088305489258,1.0
0,0,0,0,0,0,0,0,0,0,1,0,0,0,0,1,0,0.24202952201689537,0.16933027733423714,0.7613365155131264,0.14604462474645033
0,1,0,0,0,0,0,0,0,1,0,0,0,0,0,1,0,0.42023590935230454,0.09600312909858827,0.7923627684964201,1.0
0,1,0,0,0,0,0,0,0,0,1,0,0,0,0,1,0,0.39838826938122407,0.10349303690933859,0.5990453460620524,1.0
0,0,0,0,0,0,0,0,0,0,1,0,0,0,0,1,0,0.6238183829926724,0.058957400390807255,0.8400954653937946,1.0
0,0,0,0,0,0,0,0,0,0,1,0,0,0,0,1,0,0.3420991568014639,0.11491862798972959,0.7899761336515512,1.0
0,1,0,0,0,1,0,0,0,0,1,0,0,0,0,1,0,0.23905506965981776,0.17118313185139641,0.6229116945107398,1.0
0,1,0,0,0,0,0,0,0,0,1,0,0,0,0,1,0,0.3163685276837106,0.12979965517939762,0.7899761336515512,1.0
0,0,0,0,0,0,0,0,0,0,0,0,1,0,0,1,0,0.1744047010363001,0.21492803644051298,0.7899761336515512,0.5943204868154158
0,0,0,0,0,0,0,0,0,0,1,0,0,0,1,0,0,0.3674783305148144,0.11418071716745223,0.7899761336515512,1.0
0,0,0,0,0,0,0,0,0,0,1,0,0,0,0,1,0,0.035551041861723136,0.640628312308904,0.7899761336515512,0.12981744421906694
0,0,0,0,0,1,0,0,0,0,1,0,0,0,0,0,1,0.16640905765006092,0.23600580037868846,0.8114558472553699,1.0
0,0,0,0,0,0,0,0,0,0,1,0,0,0,1,0,0,0.46987780501773296,0.06764063063325976,0.8878281622911692,1.0
0,0,0,0,0,0,0,0,0,0,1,0,0,0,0,1,0,0.11698368277118819,0.27548027326120345,0.8782816229116945,0.15821501014198783
0,0,0,0,0,0,0,0,0,0,1,0,0,0,0,1,0,0.3876861977889677,0.09491418783737969,0.7923627684964201,0.5943204868154158
0,0,0,0,0,0,0,0,0,0,1,0,0,0,0,1,0,0.3539015719656975,0.08227797443507565,0.675417661097852,0.797160243407708
0,1,0,0,0,1,0,0,0,0,0,1,0,0,0,1,0,0.2049810665223144,0.1684384153887591,0.8782816229116945,1.0
0,0,0,0,0,1,0,0,0,0,1,0,0,0,0,1,0,0.17808296369686896,0.16102691935174107,0.8424821002386635,1.0
0,1,1,0,0,0,0,0,0,0,0,0,1,0,0,1,0,0.3615132420729548,0.11634660847055917,0.9045346062052504,0.5943204868154158
0,0,0,0,0,0,0,0,0,0,1,0,0,0,0,1,0,0.2527639684349276,0.15783887016253545,0.9045346062052504,0.5943204868154158
0,0,0,0,0,0,0,0,0,0,1,0,0,0,0,1,0,0.3820975870124688,0.08501834935746956,0.7947494033412885,1.0
0,1,0,0,0,0,0,0,0,0,1,0,0,0,0,1,0,0.3933092744567864,0.10754821311054695,0.9045346062052504,1.0
0,0,0,1,0,1,0,0,0,0,1,0,0,0,0,1,0,0.13423770018699518,0.2803032772272869,0.9045346062052504,0.5943204868154158
0,0,1,0,0,0,0,0,0,0,1,0,0,0,0,1,0,0.25144868544798343,0.1069588832941074,0.6587112171837708,1.0
0,0,0,0,0,0,0,0,0,0,1,0,0,0,0,1,0,0.5227508990502023,0.07771177648802875,0.7947494033412885,1.0
0,0,0,0,0,0,0,0,0,0,1,0,0,0,0,1,0,0.3801174242164487,0.09264145795195193,0.6587112171837708,1.0
0,0,0,0,0,0,0,0,0,0,1,0,0,0,0,1,0,0.38275544639726333,0.10421616818441898,0.9045346062052504,1.0
0,1,0,0,0,0,0,0,1,0,0,0,0,0,0,1,0,0.36654383991025663,0.09833747494961177,0.8066825775656323,1.0
0,0,0,0,0,0,0,0,0,0,1,0,0,0,0,1,0,0.3823590590584269,0.08742950564886282,0.7589498806682577,1.0
0,0,0,0,0,0,0,0,0,0,1,0,0,0,0,1,0,0.5714251615734036,0.07494272580558345,0.7947494033412885,1.0
0,0,0,0,0,0,0,0,0,0,1,0,0,0,1,0,0,0.5018823388835151,0.06984641005695724,0.8257756563245822,1.0
0,0,0,0,0,0,0,0,0,0,1,0,0,0,0,1,0,0.361665424858232,0.11580910621549881,0.9045346062052504,0.5943204868154158
1,0,1,0,0,0,0,0,0,0,1,0,0,0,0,1,0,0.20301547662895814,0.1964045542703958,0.7947494033412885,0.14807302231237324
1,0,1,0,0,1,0,0,0,0,1,0,0,0,0,1,0,0.1176449075848207,0.27051385721895516,0.7947494033412885,0.14807302231237324
0,1,0,0,0,0,0,0,0,0,1,0,0,0,0,1,0,0.3771086045054832,0.11173543404427626,0.5417661097852029,1.0
0,0,0,0,0,0,0,0,0,0,1,0,0,0,0,1,0,0.09462986994556023,0.3617675888735129,0.7947494033412885,0.14807302231237324
0,0,0,0,0,0,0,0,0,0,1,0,0,0,0,1,0,0.2729158387336894,0.04633311488483923,0.7947494033412885,0.5943204868154158
0,0,0,0,0,0,0,0,0,0,1,0,0,0,0,1,0,0.32123790723524176,0.12678868005851388,0.7088305489260143,0.797160243407708
0,1,0,0,0,0,1,0,0,0,0,0,0,0,0,1,0,0.12705791581312847,0.26204360077870087,0.5417661097852029,1.0
0,0,0,0,0,0,0,0,0,0,1,0,0,0,0,1,0,0.44224908890046793,0.08871519755320294,0.5178997613365155,1.0
0,0,0,0,0,0,0,0,0,0,1,0,0,0,0,1,0,0.45831693994344347,0.09051458310948882,0.7947494033412885,1.0
0,0,0,0,0,0,0,0,0,0,1,0,0,0,0,1,0,0.3365587299979436,0.059866578571587774,0.477326968973747,1.0
0,1,1,0,0,1,0,0,1,0,0,0,0,0,0,1,0,0.14429780275255877,0.25234978035517636,0.7828162291169449,1.0
0,0,0,0,0,0,0,0,0,0,1,0,0,0,0,1,0,0.1621843083442,0.14620792871769717,0.6443914081145585,0.14807302231237324
0,0,0,0,0,0,0,0,0,0,1,0,0,0,0,1,0,0.28332109116382864,0.132142360726934,0.8042959427207637,1.0
0,0,0,0,0,1,0,0,0,0,1,0,0,0,0,1,0,0.16486556669624586,0.2378968229919624,0.7828162291169449,1.0
0,1,0,0,0,0,0,0,0,0,1,0,0,0,0,1,0,0.2674697909541681,0.07458607189789053,0.7828162291169449,1.0
0,0,0,0,0,0,0,0,0,0,0,0,1,0,0,1,0,0.126178120957422,0.2910822292038122,0.6801909307875893,1.0
0,0,0,0,0,0,0,0,0,0,1,0,0,0,0,1,0,0.5075581367279711,0.07373083367725577,0.477326968973747,1.0
0,0,0,0,0,0,0,0,0,0,1,0,0,0,0,1,0,0.40833215580680027,0.10350267585531825,0.7350835322195703,1.0
0,1,0,0,0,0,0,0,0,0,1,0,0,0,0,1,0,0.3578133595844459,0.11721036388505666,0.6348448687350834,1.0
0,0,0,0,0,0,0,0,0,0,1,0,0,0,0,1,0,0.5174996205949085,0.07899902983593778,0.7350835322195703,1.0
0,1,0,0,0,0,0,0,0,0,1,0,0,0,0,1,0,0.24059807544308554,0.16303260523274501,0.8042959427207637,1.0
0,0,0,0,0,1,0,0,0,0,1,0,0,0,0,0,1,0.1710138263968638,0.23055631149023684,0.7684964200477327,1.0
0,0,0,0,0,0,0,0,0,0,1,0,0,0,0,1,0,0.3599529843228709,0.10819893525353982,0.8782816229116945,1.0
0,0,1,0,0,0,0,0,1,0,0,0,0,0,0,1,0,0.18008614207456788,0.061477615260292266,0.8042959427207637,1.0
0,1,0,0,0,1,0,0,0,0,1,0,0,0,0,1,0,0.1234444538478726,0.184611576055647,0.6443914081145585,1.0
0,0,0,0,0,0,0,0,0,0,1,0,0,0,0,1,0,0.3932537201979896,0.07402355319341099,0.8042959427207637,1.0
0,1,0,0,0,0,0,0,0,0,1,0,0,0,0,1,0,0.5573521542429432,0.07680495234098468,0.8042959427207637,1.0
0,0,1,0,0,0,0,0,0,0,1,0,0,0,0,1,0,0.2757648878859044,0.1438564540552195,0.6801909307875893,1.0
0,0,0,0,0,1,0,0,0,0,1,0,0,0,0,1,0,0.19914166876535155,0.1693980762002375,0.6801909307875893,1.0
0,1,0,0,0,0,0,0,0,0,0,0,1,0,0,1,0,0.30818310052855563,0.12175527590686457,0.7684964200477327,1.0
0,0,0,0,0,1,0,0,0,0,1,0,0,0,0,0,1,0.1694765941047743,0.23235050004409918,0.7828162291169449,1.0
0,0,0,0,0,1,0,0,0,0,1,0,0,0,0,1,0,0.24412723668348485,0.16769204151823092,0.675417661097852,0.5943204868154158
0,0,0,0,0,0,0,0,0,0,1,0,0,0,0,1,0,0.551006806184731,0.07685994461979992,0.6706443914081146,1.0
0,0,0,0,0,0,0,0,0,0,1,0,0,0,0,1,0,0.3507713372216584,0.09016488860129894,0.6443914081145585,1.0
1,0,1,0,0,0,0,0,0,0,1,0,0,0,0,1,0,0.209356457310425,0.18434457672022145,0.737470167064439,0.10953346855983774
0,1,1,0,0,0,0,0,0,0,0,1,0,0,0,1,0,0.15737051101347183,0.24728059821415974,0.8615751789976134,1.0
0,0,0,0,0,0,0,0,0,0,1,0,0,0,0,1,0,0.38578136672472546,0.10710447206020116,0.8615751789976134,1.0
0,1,0,0,0,1,0,0,1,0,0,0,0,0,0,1,0,0.1820385279026968,0.2168769480434153,0.8186157517899761,1.0
1,0,1,0,0,0,0,0,0,0,1,0,0,0,0,1,0,0.1123901736733763,0.3252310781990343,0.7112171837708829,0.1359026369168357
0,0,0,0,0,0,0,0,0,0,1,0,0,0,0,1,0,0.3485710005275716,0.1206108498133835,0.7708830548926013,1.0
0,0,0,0,0,0,0,0,0,0,1,0,0,0,0,1,0,0.4296853093816429,0.0986364024961047,0.7708830548926013,1.0
0,0,1,0,0,0,0,0,0,0,1,0,0,0,0,1,0,0.37818192735301737,0.06846603881214622,0.7708830548926013,1.0
0,0,1,0,0,0,0,0,0,0,1,0,0,0,0,1,0,0.4164014156259632,0.09627930126046348,0.6443914081145585,0.5943204868154158
0,0,0,0,0,0,0,0,1,0,0,0,0,0,0,1,0,0.3899772434396049,0.08379212574570381,0.8186157517899761,1.0
0,0,0,0,0,0,0,0,0,0,1,0,0,0,0,1,0,0.10520394523640969,0.20352301430387576,0.9069212410501193,0.14807302231237324
0,0,0,0,0,0,0,0,0,0,1,0,0,0,0,1,0,0.42765414362999177,0.09154157082656729,0.8615751789976134,1.0
0,0,0,0,0,0,0,0,0,0,1,0,0,0,0,1,0,0.28994282498503643,0.08657099840864696,0.6181384248210025,0.5943204868154158
0,0,0,0,0,0,0,0,0,0,1,0,0,0,0,1,0,0.4853626881055006,0.07530589572404925,0.7350835322195703,1.0
0,1,0,0,0,0,0,0,1,0,0,0,0,0,0,1,0,0.3550359004121415,0.11798306004745639,0.8400954653937946,1.0
0,0,0,0,0,0,0,0,0,0,1,0,0,0,0,1,0,0.09658251712916335,0.3557062044073352,0.8210023866348448,0.13387423935091278
0,1,1,0,0,1,0,0,0,0,1,0,0,0,0,1,0,0.3836638419550252,0.10941896118988838,0.7708830548926013,1.0
0,0,0,0,0,0,0,1,0,0,0,0,0,0,0,1,0,0.2638769600548155,0.14547477344433324,0.8615751789976134,0.13793103448275862
0,0,0,0,0,1,0,0,0,0,1,0,0,0,0,1,0,0.27580597271549445,0.14741081576756643,0.7875894988066825,1.0
1,0,1,0,0,0,0,0,0,0,1,0,0,0,0,1,0,0.2588007406987522,0.11275370571968506,0.5131264916467779,0.14604462474645033
0,1,1,0,0,1,0,0,0,0,1,0,0,0,0,1,0,0.22381079731017656,0.11577629295002997,0.8210023866348448,1.0
0,0,0,0,0,0,0,0,0,0,1,0,0,0,0,1,0,0.4236533477861955,0.09522300294099457,0.6181384248210025,1.0
0,1,0,0,0,0,0,0,0,0,0,0,1,0,0,1,0,0.24819974586211463,0.08225849508862332,0.9069212410501193,1.0
0,1,0,0,0,0,0,0,0,0,1,0,0,0,0,1,0,0.16178536627896598,0.17543988875691965,0.928400954653938,1.0
0,0,0,0,0,0,0,0,0,0,1,0,0,0,0,1,0,0.4643950105872656,0.08799114714199185,0.9140811455847255,1.0
0,1,0,0,0,0,0,0,0,0,0,0,1,0,0,1,0,0.3321423895531755,0.1260478245050275,0.8591885441527445,1.0
0,0,0,0,0,0,0,0,0,0,1,0,0,0,0,1,0,0.1914300778387149,0.17175106661686396,0.9140811455847255,1.0
0,0,0,0,0,0,0,0,0,0,1,0,0,0,0,1,0,0.15714817338173112,0.16163467005100726,0.9140811455847255,1.0
0,0,0,0,0,0,0,0,0,0,1,0,0,0,0,1,0,0.5008076933364828,0.07615676833099913,0.8758949880668256,1.0
0,0,0,0,0,0,0,0,0,0,1,0,0,0,0,1,0,0.273102507392321,0.15145913001593275,0.9140811455847255,1.0
1,0,1,0,0,0,0,0,0,0,1,0,0,0,0,1,0,0.168846372781092,0.22479929359456471,0.3556085918854415,0.15618661257606492
0,1,0,0,0,0,0,0,0,0,1,0,0,0,0,1,0,0.43085405197039595,0.08428768972083478,0.8591885441527445,1.0
0,0,0,0,0,1,0,0,0,0,0,1,0,0,0,1,0,0.18528389029334347,0.20280777468950525,0.928400954653938,1.0
0,0,0,0,0,0,0,0,0,0,1,0,0,0,0,1,0,0.2823263287219676,0.0616111389416057,0.9140811455847255,1.0
0,0,0,0,0,0,0,0,0,0,1,0,0,0,0,1,0,0.13627026668147874,0.25869598889653433,0.9140811455847255,0.11764705882352942
0,1,0,0,0,1,0,0,0,0,1,0,0,0,0,1,0,0.37918266870596445,0.09603061813126862,0.5131264916467779,1.0
0,1,0,0,0,0,0,0,1,0,0,0,0,0,0,1,0,0.19824631082007876,0.19223616521824183,0.928400954653938,1.0
0,0,0,0,0,0,0,0,1,0,0,0,0,0,0,1,0,0.09129519708626929,0.06430765513560249,0.8520286396181382,1.0
0,1,0,0,0,0,0,0,0,0,1,0,0,0,0,1,0,0.30448472175902624,0.13246023941806362,0.8830548926014319,1.0
0,1,0,0,0,0,0,0,0,0,1,0,0,0,0,1,0,0.3551165601367296,0.10673385585081313,0.8591885441527445,0.797160243407708
0,1,1,0,0,0,0,0,1,0,0,0,0,0,0,1,0,0.11449003860747063,0.30659421810893567,0.7804295942720763,1.0
0,0,0,0,0,0,0,0,0,0,1,0,0,0,0,1,0,0.2433882730906115,0.15077375205935173,0.8186157517899761,0.3914807302231238
0,1,0,0,0,0,0,0,0,0,0,0,1,0,0,1,0,0.1032526015632723,0.3467136726281734,0.9140811455847255,1.0
0,1,0,0,0,0,0,0,0,0,1,0,0,0,0,1,0,0.2140814297441214,0.12584071152963447,0.8758949880668256,0.5943204868154158
1,0,1,0,0,0,0,0,0,0,1,0,0,0,0,1,0,0.13244523913987696,0.23632937302965148,0.9140811455847255,0.11764705882352942
0,0,0,0,0,0,0,0,1,0,0,0,0,0,0,1,0,0.2390503653434447,0.12369069952297353,0.8186157517899761,1.0
0,1,0,0,0,0,0,0,1,0,0,0,0,0,0,1,0,0.23281079845859556,0.13508984473109728,0.8758949880668256,0.5943204868154158
0,0,0,0,0,0,0,0,0,0,1,0,0,0,0,1,0,0.2783175283132914,0.10904894014013689,0.7661097852028638,1.0
0,0,0,0,0,0,0,0,1,0,0,0,0,0,0,1,0,0.26313047162438247,0.14857067674427815,0.7804295942720763,0.5943204868154158
0,0,0,0,0,0,0,0,0,0,1,0,0,0,0,1,0,0.03279405564944855,0.6679385371143585,0.7279236276849643,0.12170385395537527
1,0,1,0,0,0,0,0,0,0,1,0,0,0,0,1,0,0.095848921348429,0.35397265893098107,0.5131264916467779,0.13793103448275862
0,1,1,0,0,0,0,0,0,0,1,0,0,0,0,1,0,0.2259237659632793,0.1317610221959805,0.8830548926014319,1.0
0,0,1,0,0,0,0,0,0,0,1,0,0,0,0,1,0,0.32454610784606736,0.12661038008032147,0.8186157517899761,1.0
0,0,0,0,0,0,0,0,0,0,1,0,0,0,0,1,0,0.2538462189742644,0.11055581463582086,0.7661097852028638,1.0
0,0,0,0,0,0,0,0,0,0,1,0,0,0,0,1,0,0.5118382183349921,0.07470799248062393,0.7804295942720763,1.0
0,0,0,0,0,0,0,0,0,0,1,0,0,0,0,1,0,0.4645319123985546,0.09079126667110558,0.7613365155131264,1.0
0,1,0,0,0,0,0,0,0,0,1,0,0,0,0,1,0,0.04913533223430006,0.5540432704133251,0.7637231503579953,1.0
0,0,1,0,0,0,0,0,0,0,1,0,0,0,0,1,0,0.31901062004380576,0.08595775238967003,0.7279236276849643,1.0
0,0,0,0,0,0,0,0,0,0,1,0,0,0,1,0,0,0.41730801409459817,0.08746290799955571,0.7422434367541766,1.0
0,1,0,0,0,0,0,0,0,0,1,0,0,0,0,1,0,0.28332509557086555,0.13284074533298473,0.8186157517899761,0.3914807302231238
0,1,0,0,0,0,0,0,1,0,0,0,0,0,0,1,0,0.04541590744243782,0.5759676771658488,0.8019093078758948,0.5943204868154158
1,0,1,0,0,0,0,0,0,0,1,0,0,0,0,1,0,0.1973865815416024,0.0879678174682797,0.5131264916467779,0.13793103448275862
0,0,0,0,0,0,0,0,1,0,0,0,0,0,0,1,0,0.5651084926824345,0.06865228428675854,0.8353221957040573,1.0
0,1,0,0,0,1,0,0,0,0,0,0,1,0,0,1,0,0.1412239705521938,0.16767106247934546,0.6968973747016707,1.0
0,0,1,0,0,0,0,0,0,0,1,0,0,0,0,1,0,0.24780443783723627,0.14153870131458646,0.7279236276849643,1.0
0,1,0,0,0,0,0,0,0,0,1,0,0,0,0,1,0,0.29812178431258146,0.13509958910621211,0.7613365155131264,0.5943204868154158
0,0,0,0,0,0,0,0,0,0,1,0,0,0,0,1,0,0.3505721519501412,0.1131687101766381,0.7422434367541766,1.0
1,0,1,0,0,0,0,0,0,0,1,0,0,0,0,1,0,0.16659365478812493,0.20898059817592765,0.8353221957040573,0.13995943204868155
0,1,1,0,0,1,0,0,0,0,1,0,0,0,0,1,0,0.12003562708092545,0.13273739792532765,0.39618138424821,0.5943204868154158
0,0,1,0,0,0,0,0,0,0,1,0,0,0,0,1,0,0.1585813602953421,0.0920630229966096,0.7637231503579953,1.0
0,0,0,0,0,0,0,1,0,0,0,0,0,0,0,1,0,0.1032526015632723,0.3467136726281734,0.8353221957040573,0.13995943204868155
0,0,0,0,0,0,0,0,0,0,1,0,0,0,0,1,0,0.4053865122497856,0.0883202716836075,0.6825775656324582,0.797160243407708
0,0,0,0,0,0,0,0,1,0,0,0,0,0,0,1,0,0.34003669604861975,0.12323363988802999,0.7661097852028638,1.0
0,0,0,0,0,0,0,0,0,0,1,0,0,0,0,1,0,0.39744290169927327,0.10622466050570627,0.8353221957040573,1.0
0,0,0,0,0,1,0,0,0,0,1,0,0,0,0,1,0,0.4769758032742403,0.08850954609531604,0.7040572792362769,1.0
0,1,0,0,0,0,0,0,0,0,0,0,1,0,0,1,0,0.25251393835449637,0.09579967498399738,0.6825775656324582,1.0
0,0,0,0,0,0,0,0,0,0,1,0,0,0,0,1,0,0.432500091246293,0.09385476723459746,0.8591885441527445,1.0
0,0,0,0,0,0,0,0,0,0,1,0,0,0,0,1,0,0.3391038180239241,0.12185054839533771,0.7804295942720763,1.0
0,1,0,0,0,0,0,0,0,0,1,0,0,0,0,1,0,0.34149674750559533,0.12078252172253534,0.7422434367541766,1.0
0,0,0,0,0,0,0,0,0,0,1,0,0,0,0,1,0,0.3291538871865134,0.12708996002103437,0.7159904534606205,1.0
0,0,0,0,0,0,0,0,0,0,1,0,0,0,0,1,0,0.16102555437524801,0.2340552980859843,0.7899761336515512,0.13387423935091278
0,1,0,0,0,1,0,0,0,0,1,0,0,0,0,1,0,0.17671503893965024,0.21896980954517012,0.8591885441527445,1.0
0,0,0,0,0,0,0,0,0,0,1,0,0,0,0,1,0,0.3821276500443274,0.1004304692635669,0.8663484486873507,0.797160243407708
0,0,0,0,0,0,0,0,0,0,1,0,0,0,0,1,0,0.3613705147121368,0.08565679886460041,0.5465393794749402,1.0
0,0,0,0,0,0,0,0,0,0,1,0,0,0,0,1,0,0.10072023405278546,0.1849469414343824,0.8305489260143197,1.0
0,1,0,0,0,0,0,0,0,0,0,1,0,0,0,1,0,0.17469503833604239,0.21288312175676538,0.5202863961813842,1.0
0,1,0,0,0,0,0,0,0,0,0,0,1,0,0,1,0,0.18191707312112662,0.1860875365974516,0.8329355608591884,1.0
0,0,0,1,0,1,0,0,0,0,1,0,0,0,0,1,0,0.057146861082738025,0.42815329274441766,0.8329355608591884,0.14604462474645033
0,0,0,0,0,0,0,0,0,0,1,0,0,0,0,1,0,0.3815771351129009,0.1097217521611314,0.7303102625298328,1.0
0,1,0,0,0,1,0,0,0,0,1,0,0,0,0,1,0,0.18318258612514654,0.21070651765120693,0.8305489260143197,1.0
0,0,0,0,0,0,0,0,0,0,1,0,0,0,0,1,0,0.1027342156737844,0.18288967049146654,0.6443914081145585,0.14807302231237324
0,0,0,0,0,0,0,0,0,0,1,0,0,0,0,1,0,0.31999958509086457,0.10200753623400621,0.7684964200477327,0.5943204868154158
0,1,0,0,0,0,0,0,0,0,1,0,0,0,0,1,0,0.2868916456420837,0.14474660266910278,0.8782816229116945,1.0
0,0,0,0,0,1,0,0,0,0,1,0,0,0,0,1,0,0.20981429345347052,0.18921485277933514,0.8782816229116945,1.0
0,0,0,0,0,0,0,0,0,0,1,0,0,0,0,1,0,0.07790058202292352,0.32314189479821215,0.8042959427207637,0.14198782961460446
0,1,0,0,0,0,0,0,0,0,1,0,0,0,0,1,0,0.3101285319129308,0.11794155525767563,0.8782816229116945,1.0
0,0,0,0,0,0,0,0,0,0,1,0,0,0,1,0,0,0.4541150898506112,0.09329581933949792,0.8305489260143197,1.0
0,0,0,0,0,0,0,0,0,0,1,0,0,0,0,1,0,0.4425230834902892,0.09236778398924884,0.6610978520286397,1.0
0,1,0,0,0,0,0,0,0,0,0,0,1,0,0,1,0,0.2281068240514315,0.13270183784136966,0.7303102625298328,1.0
0,0,1,0,0,0,0,0,0,0,1,0,0,0,0,1,0,0.25935877026938253,0.13446825489763656,0.6730310262529833,1.0
0,1,1,0,0,0,0,0,1,0,0,0,0,0,0,1,0,0.1141285231607148,0.32112636318056176,0.8042959427207637,0.5943204868154158
0,1,0,0,0,0,0,0,0,0,1,0,0,0,0,1,0,0.2515249165460028,0.11248144324328477,0.7780429594272076,1.0
0,0,1,0,0,0,0,0,0,0,1,0,0,0,0,1,0,0.5559370340543078,0.07167777150399095,0.7159904534606205,0.5943204868154158
0,0,0,0,0,0,0,0,1,0,0,0,0,0,0,1,0,0.3284731021059756,0.12757070774489604,0.8186157517899761,1.0
0,0,0,0,0,0,0,0,0,0,1,0,0,0,0,1,0,0.1899356843087671,0.1998839411550951,0.7708830548926013,1.0
0,0,1,0,0,0,0,0,0,0,1,0,0,0,0,1,0,0.4118450813467411,0.10291634495554658,0.60381861575179,1.0
0,1,1,0,0,0,0,0,0,0,1,0,0,0,0,1,0,0.14593537705007642,0.2606852424167976,0.6968973747016707,0.5943204868154158
0,0,1,0,0,0,0,0,0,0,1,0,0,0,0,1,0,0.42380298301804636,0.09887371327796937,0.5823389021479712,1.0
0,1,0,0,0,0,0,0,0,0,1,0,0,0,0,1,0,0.40358805598644715,0.10321867744175757,0.8591885441527445,1.0
0,0,0,0,0,0,0,0,0,0,1,0,0,0,0,1,0,0.33859086573584557,0.11253637633731664,0.6968973747016707,1.0
1,0,1,0,0,0,0,0,0,0,1,0,0,0,0,1,0,0.16108673236265406,0.17083175247660254,0.8019093078758948,0.14604462474645033
1,0,1,0,0,0,0,0,0,0,1,0,0,0,0,1,0,0.16595996300301297,0.17514301478495797,0.7708830548926013,0.13995943204868155
0,0,0,0,0,0,0,0,0,0,1,0,0,0,0,1,0,0.5246403300840721,0.08103777217502438,0.8424821002386635,1.0
0,0,0,0,0,0,0,0,0,0,1,0,0,0,0,1,0,0.22792975458680398,0.06381233520222317,0.5823389021479712,0.5943204868154158
1,0,1,0,0,0,0,0,0,0,1,0,0,0,0,1,0,0.17912720640119947,0.16099415045418516,0.7780429594272076,0.15618661257606492
0,1,0,0,0,0,0,0,0,0,1,0,0,0,0,1,0,0.08785165199451443,0.2098615364507972,0.8424821002386635,1.0
0,0,0,0,0,0,0,0,0,0,1,0,0,0,0,1,0,0.3183986358614053,0.12378324729501461,0.7971360381861574,0.5943204868154158
0,0,0,0,0,0,0,0,0,0,1,0,0,0,1,0,0,0.4127641444990157,0.08316128870880149,0.8591885441527445,1.0
0,0,0,0,0,0,0,0,0,0,1,0,0,0,0,1,0,0.2888125542694147,0.13369755660812432,0.5823389021479712,0.5943204868154158
0,0,0,0,0,0,0,0,0,0,1,0,0,0,0,1,0,0.20524181512636985,0.19060214218357763,0.7780429594272076,0.15618661257606492
0,0,0,0,0,0,0,0,0,0,1,0,0,0,0,1,0,0.2506986609112537,0.15250684821128163,0.7780429594272076,1.0
0,0,1,0,0,0,0,0,1,0,0,0,0,0,0,1,0,0.27362867494411214,0.12111566488934797,0.7279236276849643,0.797160243407708
0,1,1,0,0,0,0,0,0,0,1,0,0,0,0,1,0,0.20569738130841564,0.18296247743515728,0.8424821002386635,0.5943204868154158
0,1,0,0,0,0,0,0,0,0,1,0,0,0,0,1,0,0.2653469108799034,0.154799741692627,0.8186157517899761,1.0
1,0,1,0,0,1,0,0,0,0,1,0,0,0,0,1,0,0.18049654305502275,0.20322521137014896,0.2673031026252984,0.15415821501014199
0,0,0,0,0,0,0,0,0,0,1,0,0,0,0,1,0,0.22981675442919622,0.10340018959519508,0.8424821002386635,1.0
0,1,0,0,0,0,0,0,0,0,1,0,0,0,0,1,0,0.37685276235494075,0.09587685895152681,0.8186157517899761,1.0
0,0,0,0,0,0,0,0,0,0,1,0,0,0,0,1,0,0.2509998237221628,0.036506858857287786,0.8424821002386635,1.0
0,1,0,0,0,0,0,0,0,0,0,0,1,0,0,1,0,0.34755474716879653,0.11885961617495729,0.532219570405728,1.0
0,0,0,0,0,1,0,0,0,0,1,0,0,0,0,1,0,0.30143066490578624,0.11473119414997407,0.8424821002386635,1.0
0,0,0,0,0,0,0,0,0,0,1,0,0,0,0,1,0,0.27504083978335253,0.1416268108868213,1.0,1.0
0,0,1,0,0,0,0,0,0,0,1,0,0,0,0,1,0,0.29878102939569556,0.08171286679148738,0.7708830548926013,1.0
0,0,0,0,0,0,0,0,0,0,1,0,0,0,0,1,0,0.2215576547530205,0.18170267812764432,1.0,1.0
0,1,1,0,0,0,0,0,0,0,1,0,0,0,0,1,0,0.2457822262423247,0.1570545084630131,1.0,1.0
0,0,0,0,0,0,0,0,0,0,1,0,0,0,0,1,0,0.11806887889172733,0.21107128871591946,0.7804295942720763,0.14198782961460446
0,1,0,0,0,0,0,0,0,0,0,0,1,0,0,1,0,0.08173923990767223,0.39535028393939375,1.0,1.0
0,0,0,0,0,0,0,0,0,0,1,0,0,0,0,1,0,0.5037995826685808,0.08169344594958368,0.6157517899761338,1.0
0,0,0,0,0,0,0,0,0,0,1,0,0,0,0,1,0,0.3890298862069616,0.1066218106549934,0.7684964200477327,1.0
0,1,0,0,0,0,0,0,0,0,0,0,1,0,0,1,0,0.15409664354287167,0.24863519668474035,0.9188544152744629,0.797160243407708
0,0,1,0,0,1,0,0,0,0,1,0,0,0,0,1,0,0.2167792869785283,0.18223402637782116,1.0,0.797160243407708
0,0,0,0,0,0,0,0,0,0,1,0,0,0,0,1,0,0.08008616035828098,0.24719946971738463,0.5465393794749402,0.16024340770791076
0,1,1,0,0,0,0,0,0,0,1,0,0,0,0,1,0,0.34040983212621073,0.12049366043715731,0.7470167064439142,1.0
0,0,1,0,0,0,0,0,0,0,1,0,0,0,0,1,0,0.39520527498390984,0.09697087245947761,0.8854415274463008,1.0
0,0,0,0,0,0,0,0,0,0,1,0,0,0,0,1,0,0.11970687588292235,0.2906798812041417,0.40095465393794755,0.15415821501014199
0,1,0,0,0,0,0,0,0,0,1,0,0,0,0,1,0,0.298811481133263,0.11920662465085098,0.9188544152744629,1.0
0,0,0,0,0,0,0,0,0,0,1,0,0,0,0,1,0,0.32002810378503654,0.12933177252094055,1.0,0.797160243407708
0,0,0,0,0,0,0,0,0,0,1,0,0,0,0,1,0,0.45016778669767576,0.0753364523375603,0.7470167064439142,1.0
0,0,0,0,0,0,0,0,0,0,1,0,0,0,0,1,0,0.2388338722570693,0.14454426203826698,1.0,0.797160243407708
0,0,0,0,0,0,0,0,0,0,1,0,0,0,0,1,0,0.4552712384701057,0.08453831996249017,0.9188544152744629,1.0
0,0,0,0,0,0,0,0,0,0,1,0,0,0,0,1,0,0.1835142697961014,0.21673164723563637,0.9307875894988065,1.0
1,0,1,0,0,1,0,0,0,0,1,0,0,0,0,1,0,0.12491651486815973,0.26644596593780234,0.5369928400954653,0.15618661257606492
0,1,0,0,0,0,0,0,0,0,1,0,0,0,0,1,0,0.43860103631544334,0.0964692339272002,0.9188544152744629,1.0
0,1,0,0,0,0,0,0,0,0,1,0,0,0,0,1,0,0.33447375154639236,0.10775230940165521,0.8544152744630071,1.0
0,0,0,0,0,0,0,0,0,0,1,0,0,0,0,1,0,0.3621595939653546,0.11103563581669748,0.9331742243436754,1.0
0,1,0,0,0,1,0,0,0,0,1,0,0,0,0,1,0,0.30097737547026604,0.12778512249665586,,1.0
0,1,0,0,0,0,0,0,0,0,0,0,1,0,0,1,0,0.309558641918773,0.12136335627612077,0.5465393794749402,1.0
0,0,1,0,0,0,0,0,0,0,1,0,0,0,0,1,0,0.32751911927185107,0.08459095142194253,0.8066825775656323,0.5943204868154158
0,1,1,0,0,0,0,0,0,0,0,0,1,0,0,1,0,0.15957138982465524,0.24056313258866874,0.9164677804295942,1.0
0,1,0,0,0,0,0,0,0,0,1,0,0,0,0,1,0,0.14979450892483653,0.09507623056893096,0.9331742243436754,0.797160243407708
0,1,0,0,0,0,0,0,0,0,0,0,1,0,0,1,0,0.22258126610315057,0.14987355563843252,0.8782816229116945,0.797160243407708
0,0,0,0,0,0,0,0,0,0,1,0,0,0,1,0,0,0.4143378761847094,0.06911037203421545,0.7708830548926013,1.0
0,0,0,0,0,0,0,0,0,0,1,0,0,0,0,1,0,0.2637226786570901,0.12140720268112214,0.8210023866348448,1.0
0,1,0,0,0,0,0,0,0,0,1,0,0,0,0,1,0,0.15103202831336343,0.04307709745171973,0.7828162291169449,0.5943204868154158
0,1,0,0,0,0,0,0,1,0,0,0,0,0,0,1,0,0.15877430974284187,0.2118454722943528,0.7804295942720763,0.3914807302231238
0,0,0,0,0,0,0,0,0,0,1,0,0,0,0,1,0,0.13118884170323888,0.24714111446411702,0.8782816229116945,0.17038539553752538
0,0,0,0,0,0,0,0,0,0,1,0,0,0,0,1,0,0.486820180866902,0.06796193055894599,0.34367541766109794,1.0
0,0,0,0,0,0,0,0,0,0,1,0,0,0,0,1,0,0.21088072100579497,0.09647379479761148,0.7828162291169449,0.5943204868154158
0,0,0,0,0,1,0,0,0,0,1,0,0,0,0,1,0,0.09854361768630313,0.3497673323486212,0.9069212410501193,0.14807302231237324
0,0,0,0,0,0,0,0,0,0,1,0,0,0,0,1,0,0.21019687983667062,0.02894509245028932,0.701670644391408,1.0
0,1,0,0,0,0,0,0,0,0,1,0,0,0,0,1,0,0.23499568275241345,0.17352884689980205,0.7708830548926013,1.0
0,1,0,0,0,0,0,0,1,0,0,0,0,0,0,1,0,0.2548621339685114,0.11063348884832885,0.7780429594272076,1.0
0,0,0,0,0,0,0,0,0,0,1,0,0,0,0,1,0,0.09112569291719387,0.3772769437263578,0.7040572792362769,0.13387423935091278
0,1,1,0,0,1,0,0,0,0,1,0,0,0,0,1,0,0.2811991841721913,0.14724941526534602,0.9069212410501193,1.0
1,0,1,0,0,0,0,0,0,0,1,0,0,0,0,1,0,0.14429780275255877,0.25234978035517636,0.7040572792362769,0.13387423935091278
0,0,0,0,0,0,0,0,0,0,1,0,0,0,0,1,0,0.20283989617338258,0.19553382824169507,0.8782816229116945,1.0
0,1,0,0,0,0,0,0,0,0,0,0,1,0,0,1,0,0.30899143354083786,0.10021161626268074,0.7565632458233891,1.0
0,1,0,0,0,0,0,0,0,0,0,0,1,0,0,1,0,0.21436307338617439,0.18250265517434136,0.8782816229116945,0.797160243407708
0,0,0,0,0,0,0,0,1,0,0,0,0,0,0,1,0,0.21132489837350182,0.18804234329601754,0.8782816229116945,1.0
0,0,0,0,0,0,0,0,0,0,1,0,0,0,0,1,0,0.14201144474980337,0.2283407191489335,0.8782816229116945,0.17038539553752538
1,0,1,0,0,0,0,0,0,0,1,0,0,0,0,1,0,0.14598744356649054,0.24607729424527355,0.5131264916467779,0.14604462474645033
0,0,0,0,0,0,0,0,0,0,1,0,0,0,0,1,0,0.4717913642896054,0.0812016553946927,0.7828162291169449,1.0
0,0,0,0,0,0,0,0,0,0,1,0,0,0,0,1,0,0.30269642628113286,0.12333547720604683,0.7040572792362769,1.0
0,0,0,0,0,0,0,0,0,0,1,0,0,0,0,1,0,0.3863171793958335,0.09960202906614911,0.9069212410501193,1.0
0,1,0,0,0,0,0,0,0,0,0,0,1,0,0,1,0,0.27954903192452535,0.12379454456662797,0.7780429594272076,1.0
0,0,0,0,0,1,0,0,0,0,1,0,0,0,0,1,0,0.2329361692754848,0.16001341413363893,0.7708830548926013,1.0
0,0,0,0,0,0,0,0,1,0,0,0,0,0,0,1,0,0.27759573052088016,0.14001039323056347,0.8782816229116945,0.797160243407708
0,0,0,0,0,0,0,0,0,0,1,0,0,0,0,1,0,0.4763034188007318,0.08657231501586354,0.8400954653937946,1.0
0,1,0,0,0,0,0,0,1,0,0,0,0,0,0,1,0,0.21011722814297093,0.18655315159156208,0.8926014319809068,1.0
0,1,1,0,0,0,0,0,1,0,0,0,0,0,0,1,0,0.4659905970535682,0.08940359910540782,0.8281622911694511,0.5943204868154158
0,0,0,0,0,0,0,0,0,0,1,0,0,0,0,1,0,0.39368917956463473,0.10001330811353158,0.7875894988066825,1.0
0,0,0,0,0,0,0,0,0,0,1,0,0,0,0,1,0,0.3704261874713524,0.1099210035174565,0.8186157517899761,1.0
0,0,0,0,0,0,0,0,0,0,1,0,0,0,0,1,0,0.3665688728614524,0.06806823052784493,0.675417661097852,1.0
0,1,0,0,0,0,0,0,0,0,1,0,0,0,0,1,0,0.21745398556073964,0.1573687969284364,0.8019093078758948,0.797160243407708
0,0,1,0,0,0,0,0,0,0,1,0,0,0,0,1,0,0.16767110472980296,0.23327502562397195,0.6921241050119331,0.797160243407708
0,0,0,0,0,0,0,0,0,0,1,0,0,0,0,1,0,0.44922520105419006,0.07564104190093225,0.7923627684964201,0.797160243407708
0,0,1,0,0,0,0,0,0,0,1,0,0,0,0,1,0,0.30534715518122446,0.07436991235007054,0.34367541766109794,0.797160243407708
0,0,0,0,0,0,0,0,0,0,1,0,0,0,0,1,0,0.2272300476983623,0.1579755099772192,0.8782816229116945,1.0
1,0,1,0,0,0,0,0,0,0,1,0,0,0,0,1,0,0.1355162605427166,0.2803274598130945,0.34128878281622904,0.16024340770791076
0,1,0,0,0,0,0,0,0,0,0,0,1,0,0,1,0,0.4643601566006876,0.09170810711519095,0.8186157517899761,1.0
0,1,0,0,0,0,0,0,0,0,1,0,0,0,0,1,0,0.2610347287513487,0.14671687717558435,0.7923627684964201,0.797160243407708
0,0,0,0,0,1,0,0,0,0,1,0,0,0,0,1,0,0.44330241681977023,0.09330431182112628,0.8186157517899761,1.0
0,0,0,0,0,0,0,0,0,0,1,0,0,0,0,1,0,0.422716284874171,0.09969063064203405,0.8042959427207637,1.0
0,1,1,0,0,0,0,0,0,0,1,0,0,0,0,1,0,0.4222278894843053,0.09514931869167494,0.6730310262529833,0.797160243407708
0,1,0,0,0,0,0,0,0,0,0,0,1,0,0,1,0,0.20450222011515257,0.18477980527445195,0.7303102625298328,1.0
0,1,1,0,0,0,0,0,1,0,0,0,0,0,0,1,0,0.13496622508270661,0.2582880381317016,0.8329355608591884,0.797160243407708
0,0,0,0,0,0,0,0,0,0,1,0,0,0,0,1,0,0.3317396740835804,0.10726543237506646,0.8305489260143197,1.0
0,0,0,0,0,0,0,0,0,0,1,0,0,0,0,1,0,0.31736537266366527,0.10655944755533305,0.7303102625298328,1.0
1,0,1,0,0,0,0,0,0,0,1,0,0,0,0,1,0,0.08882744326170201,0.3806835048162756,0.6515513126491648,0.15415821501014199
0,0,1,0,0,0,0,0,0,0,1,0,0,0,0,1,0,0.37596515488444493,0.09972210303059376,0.8042959427207637,1.0
0,0,0,0,0,0,0,0,0,0,1,0,0,0,0,1,0,0.41834219352370366,0.08915747822260231,0.9069212410501193,1.0
0,1,0,0,0,0,0,0,1,0,0,0,0,0,0,1,0,0.2438088181582065,0.06956535045432899,0.9069212410501193,0.5943204868154158
0,0,0,0,0,0,0,0,0,0,1,0,0,0,0,1,0,0.4798467424169129,0.08857586016903246,0.7470167064439142,1.0
0,1,0,0,0,0,0,0,0,0,1,0,0,0,0,1,0,0.2624551875316129,0.15626570753244373,0.7470167064439142,1.0
0,0,0,0,0,0,0,0,0,0,1,0,0,0,0,1,0,0.32486953084965176,0.12800284366188114,0.8305489260143197,1.0
0,1,0,0,0,0,0,0,0,0,1,0,0,0,0,1,0,0.2316795848791552,0.08946514790611688,0.8520286396181382,1.0
0,1,1,0,0,0,0,0,0,0,1,0,0,0,0,1,0,0.1550143594274464,0.20904487674867184,0.8830548926014319,0.3914807302231238
1,0,1,0,0,0,0,0,0,0,1,0,0,0,0,1,0,0.11552263722719695,0.3183127685343041,0.8520286396181382,0.12170385395537527
0,0,0,0,0,0,0,0,0,0,1,0,0,0,0,1,0,0.29574765606092546,0.0868353510525674,0.6730310262529833,0.797160243407708
1,0,1,0,0,0,0,0,0,0,1,0,0,0,0,1,0,0.11643770510593697,0.27205101689752653,0.8520286396181382,0.12170385395537527
0,0,0,0,0,0,0,0,0,0,1,0,0,0,0,1,0,0.39729236786586947,0.1013674865892252,0.8520286396181382,1.0
0,0,0,0,0,0,0,0,0,0,1,0,0,0,0,1,0,0.18196566405602463,0.21298484701021722,0.9069212410501193,1.0
0,0,0,0,0,0,0,0,0,0,1,0,0,0,0,1,0,0.2879975613170725,0.11223665863353731,0.8520286396181382,1.0
0,0,0,0,0,0,0,0,0,0,1,0,0,0,0,1,0,0.48576559030362837,0.08285673284837233,0.6873508353221955,1.0
0,0,1,0,0,0,0,0,0,0,1,0,0,0,0,1,0,0.35935065937926486,0.11719059092503999,0.9069212410501193,1.0
0,0,0,0,0,0,0,0,0,0,1,0,0,0,0,1,0,0.2018551119711976,0.05812949429512882,0.8305489260143197,0.797160243407708
0,0,0,0,0,1,0,1,0,0,0,0,0,0,0,1,0,0.0678173775408228,0.41533668283542863,0.7804295942720763,0.10750507099391482
0,0,0,0,0,1,0,0,0,0,1,0,0,0,0,1,0,0.27796704699859653,0.0961950342572174,0.8305489260143197,1.0
0,0,0,0,0,0,0,0,0,0,1,0,0,0,1,0,0,0.38721157939873524,0.08535059542440172,0.8758949880668256,1.0
0,1,0,0,0,0,0,0,1,0,0,0,0,0,0,1,0,0.27285773928565427,0.1509755096804198,0.7661097852028638,1.0
0,0,0,0,0,0,0,0,0,0,1,0,0,0,0,1,0,0.5710812263422385,0.07425663186999065,0.8186157517899761,0.797160243407708
1,0,1,0,0,0,0,0,0,0,1,0,0,0,0,1,0,0.10790686838392477,0.3286555994264979,0.20047732696897375,0.13793103448275862
0,1,0,0,0,0,0,0,1,0,0,0,0,0,0,1,0,0.10395032803545791,0.32991469406088386,0.7804295942720763,1.0
0,0,0,0,0,0,0,0,0,0,0,0,1,0,0,1,0,0.2078109985598946,0.04893816934364471,0.5966587112171837,1.0
0,0,0,0,0,0,0,0,0,0,1,0,0,0,0,1,0,0.23154387721330427,0.1597433641462796,0.21002386634844872,0.1359026369168357
0,0,0,0,0,0,0,0,0,0,1,0,0,0,0,1,0,0.40431747574313703,0.09548434765367483,0.477326968973747,1.0
0,1,0,0,0,0,0,0,1,0,0,0,0,0,0,1,0,0.405704422598757,0.09855041714545189,0.7350835322195703,1.0
0,0,0,0,0,0,0,0,0,0,1,0,0,0,0,1,0,0.20155714383620732,0.11974787559125405,0.8162291169451072,0.5943204868154158
0,0,0,0,0,0,0,0,0,0,1,0,0,0,0,1,0,0.4579385634192569,0.06959269627356329,0.7350835322195703,0.3914807302231238
0,0,0,0,0,0,0,0,0,0,1,0,0,0,0,1,0,0.19309193045407166,0.1814098298599652,0.8782816229116945,0.17038539553752538
0,0,0,0,0,0,0,0,0,0,1,0,0,0,0,1,0,0.11731018163584796,0.27695447498626674,0.21002386634844872,0.1359026369168357
0,0,0,0,0,0,0,0,0,0,1,0,0,0,0,1,0,0.32305154141764014,0.10306490645750364,0.8615751789976134,1.0
0,1,0,0,0,0,0,0,0,0,1,0,0,0,0,1,0,0.2980187707887667,0.08349944821255618,0.8782816229116945,1.0
1,0,1,0,0,0,0,0,0,0,1,0,0,0,0,1,0,0.13955947469824986,0.10034731469243276,0.8162291169451072,0.13793103448275862
0,0,0,0,0,0,0,0,0,0,1,0,0,0,0,1,0,0.48157766830059556,0.06503661248492262,0.7565632458233891,0.797160243407708
0,0,1,0,0,0,0,0,0,0,1,0,0,0,0,1,0,0.33749835829838365,0.08633642106769188,0.8615751789976134,1.0
0,0,0,0,0,0,0,0,0,0,1,0,0,0,0,1,0,0.560240386199082,0.07383833259602639,0.6443914081145585,1.0
1,0,1,0,0,0,0,0,0,0,1,0,0,0,0,1,0,0.07139877939608753,0.42636617004110405,0.8615751789976134,0.13793103448275862
0,0,0,1,0,0,0,0,0,0,1,0,0,0,0,1,0,0.0547530074921783,0.5025191618645637,0.6443914081145585,0.127789046653144
0,0,0,0,0,0,0,0,0,0,1,0,0,0,0,1,0,0.35362959004713085,0.11182932422070102,0.8615751789976134,1.0
0,0,0,0,0,0,0,0,0,0,1,0,0,0,0,1,0,0.49534436006820043,0.08614700009287009,0.8329355608591884,1.0
0,0,0,0,0,0,0,0,0,0,1,0,0,0,0,1,0,0.40022079053517096,0.10559680925610604,0.7040572792362769,1.0
0,1,0,0,0,0,0,0,1,0,0,0,0,0,0,1,0,0.47502894391389394,0.06846791750750829,0.7565632458233891,1.0
0,0,0,0,0,0,0,0,1,0,0,0,0,0,0,1,0,0.26259295871264027,0.15068046617844524,0.8782816229116945,0.797160243407708
1,0,1,0,0,0,0,0,0,0,1,0,0,0,0,1,0,0.13646806233392442,0.22268229775008863,0.8400954653937946,0.13995943204868155
0,0,0,0,0,0,0,0,0,0,1,0,0,0,0,1,0,0.14459066126141787,0.2439970466657916,0.7875894988066825,0.1359026369168357
0,1,0,0,0,0,0,0,0,0,1,0,0,0,0,1,0,0.5474478108022504,0.05814498337020618,0.8162291169451072,1.0
0,0,0,0,0,0,0,0,0,0,1,0,0,0,0,1,0,0.5368945429537992,0.07969956439159902,0.7040572792362769,0.5943204868154158
0,0,0,0,0,0,0,0,0,0,1,0,0,0,0,1,0,0.37386775617929346,0.10719303783348995,0.8162291169451072,1.0
0,1,0,0,0,0,0,0,1,0,0,0,0,0,0,1,0,0.31237261218305173,0.12172544152170764,0.7326968973747017,1.0
0,0,0,0,0,0,0,0,0,0,1,0,0,0,0,1,0,0.2195173745902733,0.18149022224408357,0.21002386634844872,0.1359026369168357
0,0,0,0,0,0,0,0,0,0,1,0,0,0,0,1,0,0.4505806883721221,0.0910719414080905,0.7947494033412885,1.0
0,0,0,0,0,0,0,0,0,0,1,0,0,0,0,1,0,0.5858592291295055,0.07049985190315732,0.6324582338902147,1.0
0,0,0,0,0,0,0,0,0,0,1,0,0,0,0,1,0,0.5061472807660077,0.08436847459632994,0.9045346062052504,0.5943204868154158
0,0,0,0,0,0,0,0,0,0,1,0,0,0,0,1,0,0.31729349869173923,0.12967604001841937,0.7947494033412885,1.0
0,0,0,0,0,0,0,0,0,0,0,1,0,0,0,1,0,0.14470315546150814,0.24176757328422516,0.7780429594272076,1.0
0,0,0,0,0,0,0,0,1,0,0,0,0,0,0,1,0,0.1504904012738772,0.25418177704680894,0.9045346062052504,0.5943204868154158
0,0,0,0,0,0,0,0,0,0,1,0,0,0,0,1,0,0.22801338685155303,0.16710039299260734,0.9045346062052504,1.0
0,1,0,0,0,0,0,0,0,0,1,0,0,0,0,1,0,0.3089361327652996,0.13492622322684686,0.7947494033412885,1.0
0,1,1,0,0,1,0,0,0,0,1,0,0,0,0,1,0,0.23424874382067173,0.1366365344888135,0.9045346062052504,1.0
0,0,0,0,0,0,0,0,0,0,1,0,0,0,1,0,0,0.3553100716451803,0.04676191107005824,0.7947494033412885,1.0
0,0,0,0,0,0,0,0,0,0,1,0,0,0,0,1,0,0.10633588017786819,0.3346808766206856,0.7947494033412885,0.14807302231237324
0,0,0,0,0,0,0,0,0,0,1,0,0,0,0,1,0,0.23384561441373597,0.133997211493581,0.7589498806682577,1.0
0,0,0,0,0,0,0,0,0,0,1,0,0,0,0,1,0,0.2593152152025477,0.15326935808660194,0.2649164677804296,0.14198782961460446
0,0,0,0,0,0,0,0,0,0,1,0,0,0,0,1,0,0.4410808097279136,0.09388204767342681,0.7613365155131264,0.797160243407708
0,0,0,0,0,0,0,0,0,0,1,0,0,0,0,1,0,0.45604211427067065,0.09255075671686896,0.9045346062052504,1.0
0,0,0,0,0,0,0,0,0,0,1,0,0,0,0,1,0,0.09477206636421913,0.3658805457255085,0.7947494033412885,0.14807302231237324
0,0,1,0,0,1,0,0,0,0,1,0,0,0,0,1,0,0.22647386175798231,0.17107508598990012,0.9188544152744629,1.0
0,1,0,0,0,0,0,0,0,0,1,0,0,0,0,1,0,0.2888086223740864,0.14237489247645618,0.7613365155131264,1.0
0,0,0,0,0,0,0,0,0,0,1,0,0,0,0,1,0,0.3717898289977685,0.10097017166490348,0.7947494033412885,0.5943204868154158
0,0,0,0,0,0,0,0,0,0,1,0,0,0,0,1,0,0.33968673410964617,0.12346636629325371,0.9045346062052504,0.5943204868154158
1,0,1,0,0,0,0,0,0,0,1,0,0,0,0,1,0,0.10566197701106424,0.3372879844759895,0.9045346062052504,0.15010141987829617
0,0,0,0,0,0,0,0,0,0,1,0,0,0,0,1,0,0.4111733876106406,0.09967236437595933,0.9045346062052504,1.0
0,0,0,0,0,0,0,0,0,0,1,0,0,0,0,1,0,0.3407557246845024,0.09578582038722991,0.8424821002386635,1.0
0,0,0,0,0,0,0,0,0,0,1,0,0,0,0,1,0,0.3940599762822631,0.1067827644830071,0.7947494033412885,1.0
0,0,0,0,0,0,0,0,0,0,1,0,0,0,0,1,0,0.2688411258614545,0.10660116000534163,0.7589498806682577,1.0
1,0,1,0,0,0,0,0,0,0,1,0,0,0,0,1,0,0.20695612421038667,0.1947035582822341,0.7947494033412885,0.14807302231237324
1,0,1,0,0,0,0,0,0,0,1,0,0,0,0,1,0,0.13759450109647647,0.20996124670728175,0.19093078758949883,0.14807302231237324
0,0,0,0,0,0,0,0,0,0,1,0,0,0,1,0,0,0.34971866915966027,0.1165532326282053,0.8424821002386635,1.0
0,1,0,0,0,0,0,0,0,0,1,0,0,0,0,1,0,0.3626910515234285,0.11609410516752434,0.6324582338902147,0.3914807302231238
0,1,0,0,0,0,0,0,0,0,1,0,0,0,0,1,0,0.29796534298725463,0.12437365146387833,0.7947494033412885,1.0
1,0,1,0,0,0,0,0,0,0,1,0,0,0,0,1,0,0.1308853593106506,0.2883613844293069,0.35083532219570407,0.13793103448275862
0,0,0,0,0,0,0,0,0,0,1,0,0,0,1,0,0,0.3695702869855074,0.11126009700100285,0.8424821002386635,1.0
0,0,0,0,0,0,0,0,0,0,1,0,0,0,0,1,0,0.20042775379112032,0.15967546193832713,0.9164677804295942,0.797160243407708
0,0,0,0,0,0,0,0,0,0,1,0,0,0,0,0,1,0.17255754478616872,0.2287752872003128,0.844868735083532,1.0
1,0,1,0,0,0,0,0,0,0,1,0,0,0,0,1,0,0.1026119082900444,0.34248039914068856,0.3842482100238663,0.14198782961460446
0,0,0,0,0,1,0,0,0,0,1,0,0,0,0,1,0,0.26647403692262867,0.1483315594468081,0.8186157517899761,1.0
0,0,0,0,0,0,0,0,0,0,1,0,0,0,0,1,0,0.31992471193846816,0.10438441809896308,0.8186157517899761,1.0
0,0,0,1,0,1,0,0,0,0,1,0,0,0,0,1,0,0.09299772597477995,0.3616155013693402,0.9164677804295942,1.0
0,0,0,0,0,0,0,0,0,0,1,0,0,0,0,1,0,0.3494173471685847,0.11097250929112754,0.7684964200477327,0.797160243407708
0,1,0,0,0,1,0,0,1,0,0,0,0,0,0,1,0,0.21874638455852974,0.1836055050550381,0.844868735083532,1.0
0,0,1,0,0,0,0,0,0,0,1,0,0,0,0,1,0,0.4016701075265779,0.10451474924436732,0.7684964200477327,1.0
0,1,0,0,0,0,0,0,0,0,1,0,0,0,0,1,0,0.22049404912923196,0.18419932716542597,0.7684964200477327,1.0
0,1,1,0,0,1,0,0,0,0,1,0,0,0,0,1,0,0.225417159254264,0.17545295933144167,0.6133651551312649,1.0
0,1,0,0,0,0,0,0,0,0,1,0,0,0,0,1,0,0.3769502457614431,0.10556081719533086,0.6133651551312649,1.0
0,1,1,0,0,0,0,0,0,0,1,0,0,0,0,1,0,0.33103638002370095,0.1236787606886691,0.8186157517899761,1.0
0,0,0,0,0,0,0,0,0,0,1,0,0,0,1,0,0,0.3171928489451736,0.12236156906432182,0.8377088305489258,1.0
0,0,0,0,0,0,0,0,0,0,1,0,0,0,0,1,0,0.3895053183228251,0.09367617300432386,0.7923627684964201,0.3914807302231238
0,0,0,0,0,0,0,0,0,0,1,0,0,0,1,0,0,0.407055693507946,0.1015755515039333,0.7804295942720763,1.0
1,0,1,0,0,1,0,0,0,0,1,0,0,0,0,1,0,0.13639688582008136,0.26238615603106163,0.844868735083532,0.09533468559837731
0,1,0,0,0,0,0,0,1,0,0,0,0,0,0,1,0,0.21500850106212027,0.1406765532229091,0.9164677804295942,0.797160243407708
0,1,0,0,0,0,0,0,1,0,0,0,0,0,0,1,0,0.27824828042773886,0.14298696802162744,0.8377088305489258,1.0
0,0,0,0,0,0,0,0,0,0,1,0,0,0,0,1,0,0.21503968534794016,0.1045792651066782,0.6706443914081146,1.0
0,0,0,0,0,0,0,0,0,0,1,0,0,0,0,1,0,0.5092133665679917,0.08027868119538577,0.9212410501193318,1.0
0,0,0,0,0,0,0,0,0,0,1,0,0,0,0,1,0,0.4993226136852211,0.08135351314260192,0.3341288782816229,1.0
0,0,0,0,0,0,0,0,0,0,1,0,0,0,0,1,0,0.2311071655856362,0.15129412550416885,0.9164677804295942,1.0
0,1,1,0,0,0,0,0,0,0,1,0,0,0,0,1,0,0.1891169971294749,0.18796286524687636,0.9331742243436754,1.0
0,0,0,0,0,0,0,0,0,0,1,0,0,0,0,1,0,0.36412981623362844,0.05945073181442103,0.6133651551312649,1.0
0,0,0,0,0,0,0,0,0,0,1,0,0,0,0,1,0,0.35576120490764257,0.11800018615461047,0.6133651551312649,1.0
0,0,0,0,0,0,0,0,0,0,1,0,0,0,0,1,0,0.19626877848730204,0.13912024218672045,0.9307875894988065,0.797160243407708
0,0,0,0,0,0,0,0,0,0,1,0,0,0,0,1,0,0.37610865083545214,0.08935262875281023,0.7923627684964201,0.3914807302231238
0,0,1,0,0,0,0,0,0,0,1,0,0,0,0,1,0,0.2722261867930047,0.08950298016691126,0.8568019093078758,0.5943204868154158
0,0,0,0,0,0,0,0,0,0,1,0,0,0,0,1,0,0.10663199587681962,0.18898451507204583,0.8377088305489258,1.0
0,0,0,0,0,0,0,0,0,0,1,0,0,0,0,1,0,0.1565631600316481,0.1403290245632885,0.5346062052505967,0.14807302231237324
0,0,0,0,0,0,0,0,0,0,1,0,0,0,0,1,0,0.387288743063017,0.10751821263184418,0.8186157517899761,1.0
1,0,1,0,0,0,0,0,0,0,1,0,0,0,0,1,0,0.0956430705968061,0.36671474172968127,0.5894988066825775,0.1359026369168357
1,0,1,0,0,0,0,0,0,0,1,0,0,0,0,1,0,0.15203117852449655,0.24176757328422516,0.6992840095465394,0.127789046653144
0,1,0,0,0,0,0,0,0,0,0,0,1,0,0,1,0,0.23933716892676493,0.14303838624311097,0.8782816229116945,1.0
0,0,1,0,0,0,0,0,0,0,1,0,0,0,0,1,0,0.2081595292105778,0.1085622534868939,0.8162291169451072,1.0
0,0,0,0,0,0,0,0,0,0,1,0,0,0,0,1,0,0.39244586568153433,0.10295029625322168,0.9188544152744629,1.0
0,0,0,0,0,0,0,0,0,0,1,0,0,0,0,1,0,0.3195679427177202,0.13078125397190188,0.7708830548926013,1.0
0,0,0,0,0,1,0,0,0,0,1,0,0,0,0,1,0,0.4534939120750655,0.085772672646133,0.8186157517899761,1.0
0,1,0,0,0,0,0,0,0,0,1,0,0,0,0,1,0,0.40123727724922065,0.10398227677415608,0.6563245823389021,1.0
0,0,0,0,0,0,0,0,0,0,1,0,0,0,0,1,0,0.4333980415132302,0.07139420208095386,0.5990453460620524,1.0
0,1,1,0,0,0,0,0,0,0,1,0,0,0,0,1,0,0.24927813307794738,0.10777498827560687,0.7708830548926013,1.0
0,0,0,0,0,1,0,0,0,0,1,0,0,0,0,1,0,0.21611295793106794,0.13698122448245895,0.9188544152744629,1.0
0,0,0,0,0,0,0,0,0,0,1,0,0,0,0,1,0,0.16798525072487716,0.23407324284975328,0.5656324582338903,1.0
0,0,0,0,0,0,0,0,1,0,0,0,0,0,0,1,0,0.20950029746197385,0.08942613016420288,0.9188544152744629,1.0
0,0,0,0,0,0,0,0,0,0,1,0,0,0,0,1,0,0.26271345227469667,0.0975537118282514,0.9188544152744629,0.3914807302231238
0,0,0,0,0,0,0,0,1,0,0,0,0,0,0,1,0,0.19252217527155432,0.19416290512237436,0.5656324582338903,0.5943204868154158
0,0,1,0,0,0,0,0,0,0,1,0,0,0,0,1,0,0.23827767165907326,0.16853570271156426,0.8782816229116945,0.797160243407708
0,0,0,0,0,0,0,0,0,0,1,0,0,0,1,0,0,0.4820772832348989,0.0773735269400888,0.486873508353222,1.0
0,1,1,0,0,0,0,0,0,0,1,0,0,0,0,1,0,0.34582152636928665,0.11312633793542184,0.6610978520286397,1.0
0,0,0,0,0,0,0,0,0,0,1,0,0,0,0,0,1,0.1710138263968638,0.23055631149023684,0.7828162291169449,1.0
0,1,0,0,0,0,0,0,1,0,0,0,0,0,0,1,0,0.1810952780195517,0.08371677178208087,0.8162291169451072,0.5943204868154158
0,0,0,0,0,0,0,0,0,0,1,0,0,0,0,1,0,0.3504545489386165,0.07931392206228567,0.7708830548926013,1.0
0,1,0,0,0,0,0,0,0,0,1,0,0,0,0,1,0,0.1602077976717286,0.24381147941329304,0.6992840095465394,1.0
0,0,0,0,0,0,0,0,0,0,1,0,0,0,0,1,0,0.4420532777460476,0.09411606217023816,0.5894988066825775,1.0
1,0,1,0,0,0,0,0,0,0,1,0,0,0,0,1,0,0.18050878053647224,0.15549232689839906,0.8782816229116945,0.17038539553752538
0,0,1,0,0,0,0,0,0,0,1,0,0,0,0,1,0,0.434509323038587,0.09626092639306304,0.36515513126491655,1.0
0,0,1,0,0,1,0,0,0,0,1,0,0,0,0,1,0,0.22104671124302588,0.11494302236019129,0.7828162291169449,0.5943204868154158
0,0,0,0,0,0,0,0,0,0,1,0,0,0,0,1,0,0.316642329236736,0.1028627014797234,0.5990453460620524,1.0
0,0,0,0,0,0,0,0,0,0,1,0,0,0,0,1,0,0.2717724385689454,0.12883553888196012,0.8782816229116945,1.0
0,0,0,0,0,0,0,0,0,0,1,0,0,0,0,1,0,0.43396731933876626,0.0977766068186116,0.5656324582338903,1.0
0,0,1,0,0,1,0,0,0,0,1,0,0,0,0,1,0,0.30020907313813827,0.13713419756136924,0.8782816229116945,0.797160243407708
0,0,1,0,0,1,0,0,0,0,1,0,0,0,0,1,0,0.2768475831157784,0.13852177012992642,0.7828162291169449,0.5943204868154158
0,1,0,0,0,0,0,0,0,0,1,0,0,0,0,1,0,0.4237268114703548,0.09145533818253902,0.8782816229116945,1.0
0,0,0,0,0,0,0,0,0,0,1,0,0,0,0,1,0,0.4499137082619924,0.08219023877312208,0.8186157517899761,1.0
0,0,0,0,0,0,0,0,0,0,1,0,0,0,0,1,0,0.4024915324478726,0.10374612703495881,0.8138424821002386,1.0
0,0,1,0,0,0,0,0,0,0,1,0,0,0,0,1,0,0.39338236063012594,0.10751094786824657,0.7804295942720763,1.0
1,0,1,0,0,0,0,0,0,0,1,0,0,0,0,1,0,0.09897597383905712,0.3572721633173406,0.5966587112171837,0.15010141987829617
1,0,1,0,0,0,0,0,0,0,1,0,0,0,0,1,0,0.11119889490733152,0.3230698026292772,0.5966587112171837,0.15010141987829617
0,1,0,0,0,0,0,0,0,0,1,0,0,0,0,1,0,0.4568547290323254,0.0884162677602032,0.6515513126491648,1.0
0,0,0,0,0,0,0,0,0,0,1,0,0,0,0,1,0,0.34735708527415404,0.09034408700338485,0.8830548926014319,1.0
0,1,0,0,0,0,0,0,0,0,1,0,0,0,0,1,0,0.1832248313533059,0.19963864384200222,0.8329355608591884,0.797160243407708
0,1,0,0,0,0,0,0,1,0,0,0,0,0,0,1,0,0.18711489855613786,0.13446803859767822,,1.0
0,1,0,0,0,0,0,0,0,0,0,0,1,0,0,1,0,0.3465884715472515,0.11168234412441985,0.6730310262529833,1.0
0,0,1,0,0,0,0,0,0,0,1,0,0,0,0,1,0,0.5706168985457845,0.06424700215829614,0.5966587112171837,1.0
0,0,1,0,0,0,0,0,0,0,1,0,0,0,0,1,0,0.37557103283280613,0.10881474453122839,0.8138424821002386,1.0
0,0,0,0,0,0,0,0,1,0,0,0,0,0,0,1,0,0.3001143247545556,0.11889521749156291,0.7804295942720763,0.5943204868154158
0,0,0,0,0,0,0,0,0,0,1,0,0,0,0,1,0,0.4558926023612519,0.07773931727656995,0.6873508353221955,1.0
0,0,0,0,0,0,0,0,0,0,1,0,0,0,0,1,0,0.37252992657958195,0.11004806280145848,0.6730310262529833,1.0
0,1,1,0,0,0,0,0,0,0,1,0,0,0,0,1,0,0.14387633930972812,0.2458649457372429,0.8758949880668256,1.0
0,1,1,0,0,0,0,0,0,0,0,0,1,0,0,1,0,0.3335190982639922,0.12561393721629546,0.6730310262529833,1.0
0,0,0,0,0,0,0,0,0,0,1,0,0,0,1,0,0,0.4375499341877754,0.07369755845366191,0.8138424821002386,1.0
0,1,0,0,0,0,0,0,0,0,1,0,0,0,0,1,0,0.1677496920685999,0.23162323028438658,0.8830548926014319,1.0
0,1,0,0,0,0,0,0,0,0,0,0,1,0,0,1,0,0.3137669117283176,0.12131817144827908,0.6062052505966586,1.0
0,1,0,0,0,0,0,0,0,0,1,0,0,0,0,1,0,0.17145069812992175,0.16881120170573238,0.9069212410501193,1.0
0,1,0,0,0,0,0,0,0,0,1,0,0,0,0,1,0,0.29209752062227873,0.11754127158321646,0.7804295942720763,0.5943204868154158
0,0,0,0,0,0,0,0,0,0,1,0,0,0,0,1,0,0.4250307817788621,0.07862214882380596,0.9069212410501193,1.0
1,0,1,0,0,0,0,0,0,0,1,0,0,0,0,1,0,0.1504904012738772,0.25418177704680894,0.5966587112171837,0.15010141987829617
0,1,1,0,0,0,0,0,0,0,1,0,0,0,0,1,0,0.17531210003659795,0.22175798249646755,0.8830548926014319,1.0
0,1,0,0,0,0,0,0,0,0,1,0,0,0,0,1,0,0.1921645579736707,0.19605546964473652,0.8305489260143197,1.0
0,1,0,0,0,0,0,0,0,0,1,0,0,0,0,1,0,0.2212340172528713,0.16557344568515892,0.6730310262529833,0.797160243407708
0,1,0,0,0,0,0,0,1,0,0,0,0,0,0,1,0,0.12078783468864619,0.3065411918873412,0.7804295942720763,1.0
0,0,0,0,0,0,0,0,0,0,1,0,0,0,0,1,0,0.30178905793290933,0.1339946136525109,0.7804295942720763,1.0
0,0,0,0,0,0,0,0,0,0,1,0,0,0,0,1,0,0.25402394869796363,0.14305627727291848,0.9069212410501193,0.5943204868154158
0,0,0,0,0,1,0,0,0,0,1,0,0,0,0,1,0,0.1684032715046037,0.2196107041038696,0.5202863961813842,0.15415821501014199
0,0,1,0,0,0,0,0,1,0,0,0,0,0,0,1,0,0.3802896128900969,0.09508350314134452,0.9069212410501193,0.5943204868154158
0,0,0,0,0,0,0,0,0,0,1,0,0,0,0,1,0,0.3466181908869725,0.10475979623387983,0.6801909307875893,1.0
0,1,0,0,0,0,0,0,0,0,0,0,1,0,0,1,0,0.2408224145276267,0.16813853247704066,0.7613365155131264,1.0
0,0,0,0,0,1,0,0,0,0,1,0,0,0,0,1,0,0.10708463617339453,0.33179986564237773,0.5202863961813842,0.14198782961460446
0,0,0,0,0,0,0,0,1,0,0,0,0,0,0,1,0,0.15408956479756838,0.04128586256183488,0.8353221957040573,1.0
1,0,1,0,0,0,0,0,0,0,1,0,0,0,0,1,0,0.15001954647468888,0.17359302115733571,0.5202863961813842,0.14198782961460446
0,0,0,1,0,0,0,0,0,0,1,0,0,0,0,1,0,0.050105683456972604,0.5341403978893504,0.3484486873508353,0.16227180527383367
0,0,0,0,0,0,0,0,0,0,1,0,0,0,0,1,0,0.1719633525523683,0.16078500693068848,0.8353221957040573,0.5943204868154158
0,0,0,0,0,0,0,0,0,0,1,0,0,0,0,1,0,0.15790433404346607,0.2226814142951239,0.928400954653938,0.16024340770791076
0,0,0,0,0,0,0,0,0,0,1,0,0,0,0,1,0,0.41563152108767354,0.08564292523398916,0.7613365155131264,1.0
0,0,0,0,0,0,0,0,0,0,1,0,0,0,0,1,0,0.43251075999397365,0.0958031596298874,0.737470167064439,1.0
0,0,0,0,0,1,0,0,1,0,0,0,0,0,0,1,0,0.14870853993019678,0.13172892052222093,0.8520286396181382,1.0
0,0,0,0,0,0,0,0,0,0,1,0,0,0,0,1,0,0.21165745822734017,0.07666554208812437,0.5202863961813842,0.14198782961460446
0,1,0,0,0,0,0,0,0,0,0,0,1,0,0,1,0,0.12987189158147724,0.23134600751304982,0.8520286396181382,1.0
0,0,0,0,0,0,0,0,0,0,1,0,0,0,0,1,0,0.3111408326663361,0.12498623167484851,0.928400954653938,1.0
0,0,0,0,0,0,0,0,0,0,1,0,0,0,0,1,0,0.43156826005109267,0.09750196594161936,0.7350835322195703,1.0
0,0,0,0,0,0,0,0,0,0,1,0,0,0,0,1,0,0.4417528706621297,0.09110549106586747,0.7613365155131264,1.0
0,1,0,0,0,0,0,0,0,0,1,0,0,0,0,1,0,0.2027795075822513,0.19678228493137725,0.928400954653938,0.5943204868154158
0,0,0,0,0,0,0,0,0,0,1,0,0,0,0,1,0,0.2808157818232054,0.12349584482121377,,
0,0,0,0,0,0,0,0,0,0,1,0,0,0,0,1,0,0.2512916701562605,0.16113090584822526,0.7661097852028638,1.0
0,0,0,0,0,0,0,0,0,0,1,0,0,0,0,1,0,0.3678246666555631,0.081891424946841,0.6372315035799523,1.0
0,0,0,0,0,0,0,0,0,0,1,0,0,0,0,1,0,0.3007542689588159,0.09418192105291871,0.8019093078758948,0.5943204868154158
0,0,0,0,0,0,0,0,1,0,0,0,0,0,0,1,0,0.1838514134497246,0.0626967784452717,0.8353221957040573,1.0
0,0,0,0,0,0,0,0,0,0,1,0,0,0,0,1,0,0.4088844690482237,0.10359961627781324,0.7613365155131264,1.0
0,1,0,0,0,0,0,0,1,0,0,0,0,0,0,1,0,0.3777900339530192,0.10595804036686675,,1.0
1,0,1,0,0,0,0,0,0,0,1,0,0,0,0,1,0,0.18008001012163571,0.16757972338856267,0.3842482100238663,0.14198782961460446
0,0,0,0,0,0,0,0,0,0,1,0,0,0,0,1,0,0.38014461689982354,0.09850141779926622,0.8568019093078758,0.5943204868154158
0,1,0,0,0,0,0,0,0,0,1,0,0,0,0,1,0,0.5343439738253227,0.07999265215172952,0.7159904534606205,1.0
0,1,1,0,0,0,1,0,0,0,0,0,0,0,0,1,0,0.17050498691309116,0.18274030272939634,0.9188544152744629,1.0
0,0,1,0,0,0,0,0,0,0,1,0,0,0,0,1,0,0.2194867877467633,0.11769659584718002,0.9188544152744629,0.797160243407708
0,0,0,0,0,0,0,0,0,0,1,0,0,0,0,1,0,0.3016532936867206,0.13779305380381765,0.9188544152744629,1.0
0,1,1,0,0,0,0,0,0,0,1,0,0,0,0,1,0,0.2396752743316905,0.09119875193479741,0.9188544152744629,1.0
0,0,0,0,0,0,0,0,0,0,1,0,0,0,0,1,0,0.10467402547777885,0.3193626031401307,0.9188544152744629,0.1237322515212982
0,0,1,0,0,0,0,0,0,1,0,0,0,0,0,1,0,0.18226302134066252,0.16559786806168594,0.6181384248210025,1.0
0,0,1,0,0,0,0,0,0,0,1,0,0,0,0,1,0,0.3813512929051684,0.09957376106059487,0.9188544152744629,0.797160243407708
0,0,0,0,0,0,0,0,0,0,1,0,0,0,0,1,0,0.21328678318769792,0.18080096130639528,0.32696897374701667,1.0
0,0,0,0,0,0,0,0,0,0,1,0,0,0,0,1,0,0.417125741922743,0.09351645134128454,0.6181384248210025,1.0
0,0,0,0,0,0,0,0,0,0,1,0,0,0,0,1,0,0.15792509884151051,0.20262081433527657,0.9188544152744629,1.0
1,0,1,0,0,0,0,0,0,0,1,0,0,0,0,1,0,0.1628920675072745,0.23925598811427426,0.28162291169451076,0.1440162271805274
1,0,1,0,0,0,0,0,0,0,1,0,0,0,0,1,0,0.07538309819074264,0.39280015144819463,0.9188544152744629,0.1237322515212982
0,0,0,0,0,0,0,0,0,0,1,0,0,0,0,1,0,0.37789943895153516,0.08295206667967976,0.863961813842482,1.0
0,0,1,0,0,0,0,0,0,0,1,0,0,0,0,1,0,0.42464271247124924,0.09749844050333936,0.8377088305489258,1.0
0,0,0,0,0,0,0,0,0,0,1,0,0,0,0,1,0,0.34333092298880913,0.07936303542256803,0.8377088305489258,1.0
0,1,0,0,0,0,0,0,0,0,0,0,1,0,0,1,0,0.19508809176621716,0.1999139891819984,0.8377088305489258,1.0
0,0,0,0,0,0,0,0,0,0,1,0,0,0,0,1,0,0.4250009424663875,0.08855968858501698,0.6324582338902147,1.0
0,0,0,0,0,0,0,0,0,0,1,0,0,0,1,0,0,0.475907324647004,0.086709639341136,0.6324582338902147,1.0
0,0,0,0,0,0,0,0,0,0,1,0,0,0,0,1,0,0.31335615591653904,0.09881250126107782,0.8377088305489258,1.0
0,0,1,0,0,0,0,0,0,0,1,0,0,0,0,1,0,0.2821655704995345,0.10028636660925226,0.7828162291169449,1.0
0,0,1,0,0,0,0,0,0,0,1,0,0,0,0,1,0,0.18560016147969652,0.15722154667163127,0.9188544152744629,1.0
0,0,1,0,0,0,0,0,1,0,0,0,0,0,0,1,0,0.10912028232716248,0.3307737192092782,0.9188544152744629,1.0
0,0,1,0,0,0,0,0,0,0,1,0,0,0,0,1,0,0.3964431362317633,0.10672542007939707,0.8377088305489258,1.0
0,1,0,0,0,0,0,0,0,0,0,0,1,0,0,1,0,0.2631648369884027,0.11096740940419526,,1.0
0,1,0,0,0,0,0,0,0,0,0,0,1,0,0,1,0,0.205496831644884,0.18906056648803296,0.8377088305489258,1.0
0,0,0,0,0,0,0,0,0,0,1,0,0,0,0,1,0,0.20863051760968918,0.0456186736650596,0.8758949880668256,1.0
0,0,1,0,0,0,0,0,0,0,1,0,0,0,0,1,0,0.1626160414796647,0.18533733779980185,0.7947494033412885,0.13793103448275862
0,0,0,0,0,1,0,0,0,0,1,0,0,0,0,1,0,0.3859272979105412,0.10059992281928296,0.7494033412887828,1.0
0,1,1,0,0,0,0,0,0,0,1,0,0,0,0,1,0,0.35690269172904543,0.08482612827603213,0.8782816229116945,1.0
0,0,0,0,0,0,0,0,0,0,1,0,0,0,0,1,0,0.1938720811344563,0.2044427469334768,0.6157517899761338,0.16227180527383367
0,1,0,0,0,0,0,0,0,0,0,0,1,0,0,1,0,0.4515333221014491,0.09160945699733941,0.8782816229116945,1.0
0,0,0,0,0,0,0,0,0,0,1,0,0,0,0,1,0,0.13800204869281524,0.2497031126541451,0.6443914081145585,0.14807302231237324
0,0,0,0,0,0,0,0,0,0,1,0,0,0,0,1,0,0.40150964025875513,0.09900049520741273,0.701670644391408,0.5943204868154158
0,0,0,0,0,0,0,0,0,0,1,0,0,0,0,1,0,0.3016231159294024,0.09033206464454675,0.7684964200477327,1.0
0,0,0,0,0,0,0,0,0,0,1,0,0,0,0,1,0,0.15761336341634982,0.23863135775967062,0.8758949880668256,0.15010141987829617
0,1,0,0,0,0,0,0,0,0,1,0,0,0,0,1,0,0.2516683510900886,0.11143513186749877,0.5823389021479712,1.0
0,0,0,0,0,0,0,0,0,0,1,0,0,0,1,0,0,0.4481673270932961,0.0923087767053635,0.7684964200477327,1.0
0,0,0,0,0,1,0,0,0,0,1,0,0,0,1,0,0,0.376282607090258,0.10885051546620446,0.8854415274463008,1.0
0,1,0,0,0,0,0,0,1,0,0,0,0,0,0,1,0,0.12746213252975838,0.14647680807477564,0.809069212410501,1.0
0,0,0,0,0,0,0,0,0,0,1,0,0,0,0,1,0,0.3928412122203715,0.10624380309864376,0.809069212410501,1.0
0,1,0,0,0,0,0,0,0,0,1,0,0,0,0,1,0,0.2063087418330605,0.03461261733492917,0.5823389021479712,1.0
0,0,0,0,0,0,0,0,0,0,1,0,0,0,0,1,0,0.35172982450459933,0.10866114301504162,0.8758949880668256,1.0
0,1,0,0,0,1,0,0,0,0,1,0,0,0,0,1,0,0.24312450471550479,0.13241135735572945,0.8591885441527445,1.0
0,0,0,0,0,0,0,0,1,0,0,0,0,0,0,1,0,0.26336664758594,0.14043276002584745,0.809069212410501,1.0
0,1,0,0,0,0,0,0,0,0,0,0,1,0,0,1,0,0.42623351743800375,0.08976251064509827,0.8782816229116945,1.0
0,0,0,0,0,0,0,0,0,0,1,0,0,0,0,1,0,0.06975498026396086,0.3880894715862588,0.5393794749403342,0.1359026369168357
0,1,0,0,0,0,0,0,1,0,0,0,0,0,0,1,0,0.2968795409592025,0.10938436807390416,0.809069212410501,1.0
1,0,1,0,0,0,0,0,0,0,1,0,0,0,0,1,0,0.09229537432011384,0.37665383721279694,0.8854415274463008,0.1359026369168357
0,1,0,0,0,0,0,0,0,0,0,0,1,0,0,1,0,0.20498106652231446,0.11737320632217725,0.809069212410501,1.0
0,1,0,0,0,0,0,0,0,0,0,1,0,0,0,1,0,0.13399674236440753,0.28288727342577935,0.8854415274463008,1.0
1,0,1,0,0,0,0,0,0,0,1,0,0,0,0,1,0,0.10467402547777888,0.34334598750845313,0.4391408114558472,0.16835699797160245
0,0,0,0,0,0,0,0,0,0,1,0,0,0,0,1,0,0.2380794060850827,0.1434356021701392,0.8782816229116945,1.0
1,0,1,0,0,0,0,0,0,0,1,0,0,0,0,1,0,0.10001321054234115,0.35526037689943923,0.8591885441527445,0.17038539553752538
0,0,0,0,0,0,0,0,0,0,1,0,0,0,0,1,0,0.1953611482650686,0.15180873843740209,0.8854415274463008,1.0
1,0,1,0,0,0,0,0,0,0,1,0,0,0,0,1,0,0.12080548323652986,0.3044265019263711,0.5465393794749402,0.16024340770791076
0,1,0,0,0,0,0,0,0,0,0,0,1,0,0,1,0,0.4104585489920831,0.10249999297041053,0.5393794749403342,1.0
1,0,1,0,0,0,0,0,0,0,1,0,0,0,0,1,0,0.08222222807834696,0.36939715911835563,0.8591885441527445,0.17038539553752538
0,0,0,0,0,1,0,0,0,0,1,0,0,0,0,0,1,0.17107170679406336,0.23043524494306938,0.8854415274463008,1.0
0,0,0,0,0,0,0,0,0,0,1,0,0,0,1,0,0,0.4298892564884542,0.09854831822934873,0.8782816229116945,1.0
0,0,0,0,0,0,0,0,0,0,1,0,0,0,0,1,0,0.2024883085129509,0.18670403725356394,0.48210023866348445,1.0
0,1,0,0,0,0,0,0,1,0,0,0,0,0,0,1,0,0.30723191662318605,0.13568730595166434,0.477326968973747,0.5943204868154158
1,0,1,0,0,1,0,1,0,0,0,0,0,0,0,1,0,0.17184812844838143,0.2244856609160419,0.7923627684964201,0.11967545638945236
0,0,0,0,0,0,0,0,0,0,1,0,0,0,0,1,0,0.2809449834987361,0.1474863591005907,0.5131264916467779,0.5943204868154158
0,1,1,0,0,0,0,0,1,0,0,0,0,0,0,1,0,0.18645694758050596,0.21385645535665238,0.6706443914081146,1.0
0,1,1,0,0,0,0,0,0,0,1,0,0,0,0,1,0,0.2478271728397654,0.11848624457725611,0.6372315035799523,1.0
0,0,0,0,0,0,0,0,0,0,1,0,0,0,0,1,0,0.316144995194756,0.08928727515864929,0.6372315035799523,1.0
0,0,0,0,0,0,0,0,0,0,1,0,0,0,0,1,0,0.28280406999886337,0.1381812000041136,0.7923627684964201,1.0
0,0,0,0,0,0,0,0,0,0,1,0,0,0,0,1,0,0.4769127305198111,0.08934390537843893,0.09546539379474944,1.0
1,0,1,0,0,0,0,0,0,0,1,0,0,0,0,1,0,0.1988902295367003,0.20196534165709237,0.2649164677804296,0.14198782961460446
0,0,1,0,0,0,0,0,0,0,1,0,0,0,0,1,0,0.32081497293473693,0.10093792824808917,0.6801909307875893,1.0
0,0,1,0,0,0,0,0,0,0,1,0,0,0,0,1,0,0.4051053015324789,0.09956083197715399,0.8377088305489258,0.5943204868154158
0,0,0,0,0,0,0,0,0,0,1,0,0,0,0,1,0,0.3486596641629234,0.12055447773717987,0.8377088305489258,1.0
0,0,1,0,0,1,0,0,0,0,1,0,0,0,0,1,0,0.2196040155864671,0.10539449786014485,0.6324582338902147,1.0
0,0,0,0,0,0,0,0,0,0,1,0,0,0,0,1,0,0.28062187315744275,0.14778827540642114,0.6372315035799523,1.0
0,0,0,0,0,0,0,0,0,0,0,0,1,0,0,1,0,0.4956272134771416,0.08504497817972856,0.8066825775656323,1.0
0,0,0,0,0,0,0,0,0,0,1,0,0,0,0,1,0,0.428104224708729,0.09568492824832696,0.9188544152744629,1.0
0,0,0,0,0,0,0,0,0,0,1,0,0,0,0,1,0,0.13358621263112214,0.26644596593780234,0.5178997613365155,0.10953346855983774
1,0,1,0,0,0,0,0,0,0,1,0,0,0,0,1,0,0.18858307831353247,0.21126244635639524,0.7350835322195703,0.06288032454361056
0,1,0,0,0,0,0,0,0,0,1,0,0,0,0,1,0,0.45842031014788165,0.09193444378429962,0.7613365155131264,1.0
0,1,0,0,0,0,0,0,0,0,0,0,1,0,0,1,0,0.21152027067404894,0.18991848310345757,0.6587112171837708,0.5943204868154158
0,1,1,0,0,0,0,0,0,0,1,0,0,0,0,1,0,0.26357688977574645,0.10724729863066018,,1.0
0,1,0,0,0,0,0,0,0,0,1,0,0,0,0,1,0,0.35854604556009506,0.11312280454992962,0.7350835322195703,1.0
0,0,0,0,0,0,0,0,1,0,0,0,0,0,0,1,0,0.1339726250353952,0.26938150310063763,0.7637231503579953,1.0
0,0,0,0,0,0,0,0,0,0,1,0,0,0,0,1,0,0.40729037786310907,0.10363775650543655,0.9188544152744629,1.0
0,0,0,0,0,0,0,0,0,0,1,0,0,0,0,1,0,0.4737120709239345,0.0863760754925629,0.5131264916467779,0.5943204868154158
0,1,0,0,0,0,0,0,0,0,1,0,0,0,0,1,0,0.2373937171369795,0.17234132740043012,0.928400954653938,1.0
0,1,0,0,0,0,0,0,1,0,0,0,0,0,0,1,0,0.4444182777057153,0.09563991260582623,0.5560859188544152,1.0
0,1,0,0,0,0,0,0,0,0,1,0,0,0,0,1,0,0.22936716413155894,0.14614435499523823,0.928400954653938,0.5943204868154158
0,0,0,0,0,0,0,0,0,0,1,0,0,0,0,1,0,0.24892972666618401,0.14746750273602313,0.9140811455847255,1.0
0,0,0,0,0,0,0,0,0,0,1,0,0,0,0,1,0,0.39736185186093675,0.07769010156432156,0.809069212410501,1.0
0,1,0,0,0,1,0,0,1,0,0,0,0,0,0,1,0,0.16577471601568644,0.2005571696963575,0.809069212410501,1.0
0,0,0,0,0,0,0,0,0,0,1,0,0,0,0,1,0,0.34376386898105044,0.11239845304247106,0.9045346062052504,1.0
0,1,0,0,0,0,0,0,1,0,0,0,0,0,0,1,0,0.47210016711949987,0.0718363438999355,0.5178997613365155,1.0
0,1,0,0,0,0,0,0,0,0,1,0,0,0,0,1,0,0.30217340694520844,0.11676326064903658,0.8520286396181382,1.0
0,0,0,0,0,0,0,0,0,0,1,0,0,0,0,1,0,0.47187226018212874,0.08033649049886354,0.5155131264916468,1.0
0,0,1,0,0,0,0,0,0,0,1,0,0,0,0,1,0,0.32710047701638556,0.12801532307048027,0.8210023866348448,1.0
0,0,0,0,0,0,0,0,0,0,1,0,0,0,0,1,0,0.4456946734705308,0.08803445560005566,0.9045346062052504,1.0
0,0,0,0,0,0,0,0,1,0,0,0,0,0,0,1,0,0.4469701202975912,0.07481175760966575,0.809069212410501,1.0
0,0,0,0,0,1,0,0,0,0,1,0,0,0,0,1,0,0.29932870819844976,0.1391033147612509,0.7088305489260143,1.0
0,1,0,0,0,0,0,0,0,0,0,0,1,0,0,1,0,0.14691437042106628,0.26159775075404346,0.928400954653938,0.5943204868154158
0,0,0,0,0,0,0,0,0,0,1,0,0,0,0,1,0,0.24611196167973526,0.08260528881565979,0.9140811455847255,1.0
0,0,0,0,0,0,0,0,0,0,1,0,0,0,0,1,0,0.441321505786168,0.09096001573585091,0.9045346062052504,1.0
0,0,0,0,0,0,0,0,0,0,1,0,0,0,0,1,0,0.352734515868083,0.11188390541990682,0.7947494033412885,1.0
0,0,0,0,0,0,0,0,0,0,1,0,0,0,0,1,0,0.22396591832359172,0.18038803613310223,0.9140811455847255,1.0
0,0,0,0,0,0,0,0,0,0,1,0,0,0,0,1,0,0.2664400767353172,0.09835672399185919,0.9045346062052504,1.0
0,0,0,0,0,0,0,0,0,0,1,0,0,0,0,1,0,0.1539266714121492,0.07938082501002408,0.9045346062052504,1.0
0,0,0,0,0,0,0,0,0,0,1,0,0,0,1,0,0,0.4070754912121129,0.08762376595462938,0.9140811455847255,1.0
0,0,0,0,0,0,0,0,0,0,1,0,0,0,0,1,0,0.18152791144383512,0.20971108315989023,0.928400954653938,0.16024340770791076
0,1,0,0,0,0,0,0,0,0,1,0,0,0,0,1,0,0.25671108697383654,0.1420453553505252,0.5918854415274462,1.0
1,0,1,0,0,0,0,0,0,0,1,0,0,0,0,1,0,0.12474514916867595,0.29564747291043664,0.8353221957040573,0.09736308316430023
1,0,1,0,0,0,0,0,0,0,1,0,0,0,0,1,0,0.15352940006334193,0.25001326907887583,0.8424821002386635,0.14198782961460446
0,0,1,0,0,0,0,0,0,0,1,0,0,0,0,1,0,0.9347816043850972,0.04199046489130117,0.9045346062052504,1.0
0,0,0,0,0,0,0,0,0,0,1,0,0,0,0,1,0,0.2272053731739294,0.11366798440045123,0.7875894988066825,1.0
0,0,1,0,0,0,0,0,0,0,1,0,0,0,0,1,0,0.36074186892434135,0.1104878660777987,0.8400954653937946,1.0
0,1,0,1,0,1,0,0,1,0,0,0,0,0,0,1,0,0.10038806037119108,0.29586602949755203,0.7875894988066825,1.0
0,0,0,0,0,0,0,0,0,0,1,0,0,0,0,1,0,0.3050300804573555,0.13020740505243852,0.8400954653937946,1.0
0,0,0,0,0,0,0,0,0,0,1,0,0,0,0,1,0,0.2856545354905831,0.11252518295491959,0.8400954653937946,1.0
1,0,1,0,0,0,0,0,0,0,1,0,0,0,0,1,0,0.136016708288072,0.2788858932725545,0.8615751789976134,0.13793103448275862
0,1,0,0,0,0,0,0,0,0,0,0,1,0,0,1,0,0.31263517988356787,0.117983145543149,0.8114558472553699,1.0
0,0,1,0,0,0,0,0,0,0,1,0,0,0,0,1,0,0.2560241720530948,0.1247487056770562,0.8400954653937946,0.797160243407708
0,1,0,0,0,0,0,0,1,0,0,0,0,0,0,1,0,0.3611833010720525,0.11068955187461525,0.7875894988066825,1.0
0,1,0,0,0,1,0,0,0,1,0,0,0,0,0,1,0,0.42858075737211015,0.09049976619816444,0.8114558472553699,1.0
1,0,1,0,0,0,0,0,0,0,1,0,0,0,0,1,0,0.1074964465141107,0.3324781106878335,0.8114558472553699,0.15010141987829617
0,1,0,0,0,0,0,0,0,0,1,0,0,0,0,1,0,0.28746090860542983,0.14423545933535037,0.8019093078758948,1.0
0,0,0,0,0,0,0,0,1,0,0,0,0,0,0,1,0,0.5352814967026479,0.0790693132009467,0.39856801909307876,1.0
0,0,0,0,0,0,0,0,0,0,1,0,0,0,0,1,0,0.346142387344676,0.10948816294667943,0.8472553699284009,1.0
0,0,0,0,0,0,0,0,0,0,1,0,0,0,0,1,0,0.1793489208682872,0.15732106639849772,0.8400954653937946,0.797160243407708
0,0,1,0,0,0,0,0,0,0,1,0,0,0,0,1,0,0.3702526805773353,0.11302938879986814,0.7136038186157518,1.0
0,1,0,0,0,0,0,0,1,0,0,0,0,0,0,1,0,0.23772970143135902,0.14284405648742537,0.8615751789976134,1.0
0,0,0,0,0,1,0,0,0,0,1,0,0,0,0,1,0,0.11081833797675834,0.3056561895261261,0.8615751789976134,0.13793103448275862
0,1,0,0,0,0,0,0,1,0,0,0,0,0,0,1,0,0.1261017255516219,0.2178961466184236,0.7326968973747017,0.5943204868154158
0,1,0,0,0,0,0,0,0,0,0,0,1,0,0,1,0,0.18638568849627338,0.14665786469559333,0.5202863961813842,0.3914807302231238
0,0,0,1,0,1,0,0,0,0,1,0,0,0,0,1,0,0.09299772597477986,0.25620679760375376,0.8424821002386635,1.0
0,1,0,0,0,0,0,0,0,0,1,0,0,0,0,1,0,0.3019699862520744,0.12513844320047268,0.5775656324582339,1.0
0,0,0,0,0,0,0,0,0,0,1,0,0,0,0,1,0,0.23671565098701308,0.1602645179354226,0.8520286396181382,0.3914807302231238
0,1,0,0,0,0,0,0,1,0,0,0,0,0,0,1,0,0.33640584504504634,0.08198805344141077,0.7708830548926013,1.0
0,0,0,0,0,0,0,0,0,0,1,0,0,0,0,1,0,0.37368350226647185,0.1094165274941147,0.44868735083532213,1.0
0,0,0,0,0,0,0,0,0,0,1,0,0,0,0,1,0,0.24059807544308554,0.16303260523274501,0.5155131264916468,0.5943204868154158
0,1,0,0,0,0,0,0,1,0,0,0,0,0,0,1,0,0.42814462874051157,0.09897562919375615,0.701670644391408,0.797160243407708
0,0,1,0,0,1,0,0,0,0,1,0,0,0,0,1,0,0.25723830031616735,0.12883553888196017,0.5775656324582339,1.0
0,1,0,0,0,0,0,0,1,0,0,0,0,0,0,1,0,0.33005835301382797,0.12592990994902048,0.6801909307875893,0.5943204868154158
0,0,0,0,0,0,0,0,0,0,1,0,0,0,0,1,0,0.2717599399060892,0.11085291732344925,0.5775656324582339,1.0
0,1,0,0,0,0,0,0,0,0,1,0,0,0,0,1,0,0.22320435519906112,0.14254013594869913,0.8520286396181382,1.0
0,0,0,0,0,0,0,0,1,0,0,0,0,0,0,1,0,0.4333341521144795,0.09578349691295676,0.5560859188544152,1.0
1,0,1,0,0,0,0,0,0,0,1,0,0,0,0,1,0,0.07783589552871541,0.3971686231447485,0.5131264916467779,0.14604462474645033
0,1,0,0,0,0,0,0,0,0,1,0,0,0,0,1,0,0.2917394584110866,0.11232344189319957,0.7780429594272076,1.0
0,0,0,0,0,0,0,0,0,0,1,0,0,0,0,1,0,0.45784518391324935,0.09156910192539645,0.928400954653938,1.0
1,0,1,0,0,0,0,0,0,0,1,0,0,0,0,1,0,0.1370283916439763,0.2722575586053833,0.9069212410501193,0.14807302231237324
0,0,1,0,0,0,0,0,0,0,1,0,0,0,0,1,0,0.24247550224306175,0.12825379719387037,0.928400954653938,1.0
0,0,0,0,0,0,0,0,0,0,1,0,0,0,0,1,0,0.20404415951977625,0.073482111727062,0.6968973747016707,1.0
0,0,0,0,0,0,0,0,0,0,1,0,0,0,0,1,0,0.333049365171441,0.09784951039975077,0.8138424821002386,1.0
0,0,0,0,0,0,0,0,1,0,0,0,0,0,0,1,0,0.361513242072955,0.1123067644231993,0.532219570405728,0.5943204868154158
0,0,0,0,0,0,0,0,0,0,1,0,0,0,0,1,0,0.3351974073225299,0.10414202651930428,0.7971360381861574,0.5943204868154158
0,0,0,0,0,0,0,0,0,0,1,0,0,0,0,1,0,0.46539722167750475,0.08905246070176757,0.8019093078758948,0.5943204868154158
0,0,1,0,0,0,0,0,0,0,1,0,0,0,0,1,0,0.440727383899615,0.09402452113294979,0.8424821002386635,1.0
0,1,0,0,0,0,0,0,1,0,0,0,0,0,0,1,0,0.23982539896970723,0.08153059474311448,0.8305489260143197,1.0
0,1,0,0,0,0,0,0,0,0,0,0,1,0,0,1,0,0.15329485258267692,0.24557089314583014,0.39618138424821,1.0
0,0,0,0,0,0,0,0,0,0,1,0,0,0,0,1,0,0.34886974333502185,0.1204210566573456,0.8305489260143197,1.0
0,0,0,0,0,0,0,0,0,0,1,0,0,0,0,1,0,0.4623367641833717,0.09189726435769484,0.8305489260143197,1.0
0,0,0,0,0,0,0,0,0,0,1,0,0,0,0,1,0,0.39212051482560656,0.0897154615249211,0.5823389021479712,1.0
0,1,0,0,0,0,0,0,0,0,0,0,1,0,0,1,0,0.34957458977934414,0.11950008578487029,0.532219570405728,1.0
0,0,1,0,0,0,0,0,0,0,1,0,0,0,0,1,0,0.43484110992558456,0.09547923875079267,0.5131264916467779,1.0
0,0,0,0,0,0,0,0,0,0,1,0,0,0,0,1,0,0.24225260906469587,0.1690615780073635,0.8138424821002386,1.0
0,1,0,0,0,0,0,0,1,0,0,0,0,0,0,1,0,0.33822932660087607,0.10291760575747853,0.5823389021479712,1.0
0,0,0,0,0,0,0,0,0,0,1,0,0,0,1,0,0,0.5714251615734034,0.06407059081267374,0.8591885441527445,1.0
1,0,1,0,0,0,0,0,0,0,1,0,0,0,0,1,0,0.05129841984928309,0.5412676580578124,0.44630071599045346,0.15212981744421905
0,0,0,0,0,0,0,0,0,0,1,0,0,0,1,0,0,0.41929695663377914,0.08069790594728227,0.8591885441527445,1.0
0,0,0,0,0,0,0,0,0,0,1,0,0,0,0,1,0,0.52157134683203,0.0741273414555021,0.7804295942720763,1.0
1,0,1,0,0,0,0,0,0,0,1,0,0,0,0,1,0,0.09427905412810772,0.32709364253702244,0.7804295942720763,0.12981744421906694
0,0,0,0,0,0,0,0,0,0,1,0,0,0,0,1,0,0.18008001012163577,0.16757972338856264,0.8305489260143197,1.0
1,0,1,0,0,0,0,0,0,0,1,0,0,0,0,1,0,0.1604194182914541,0.18592814782330405,0.2673031026252984,0.15415821501014199
1,0,1,0,0,0,0,0,0,0,1,0,0,0,0,1,0,0.13019400498548608,0.28659826352728107,0.7875894988066825,0.13995943204868155
0,1,0,0,0,0,1,0,0,0,0,0,0,0,0,1,0,0.12441037683168817,0.21404991172065857,0.8329355608591884,1.0
0,0,0,0,0,0,0,0,1,0,0,0,0,0,0,1,0,0.18370699362827544,0.17099588791747974,0.20047732696897375,1.0
0,1,1,0,0,0,0,0,1,0,0,0,0,0,0,1,0,0.18249937224154997,0.17908696984503394,0.5894988066825775,0.5943204868154158
0,0,1,0,0,0,0,0,0,0,1,0,0,0,0,1,0,0.22897064119351465,0.168843536984203,0.8782816229116945,0.17038539553752538
0,0,0,0,0,0,0,0,0,0,1,0,0,0,0,1,0,0.24651440539410513,0.15798099922111217,0.7828162291169449,1.0
0,0,0,0,0,0,0,0,0,0,1,0,0,0,0,1,0,0.4641958107488982,0.08232287455361917,0.27207637231503584,1.0
0,0,0,0,0,0,0,0,0,0,1,0,0,0,0,1,0,0.38541183342898216,0.09023983366177156,0.6563245823389021,1.0
1,0,1,0,0,1,0,0,0,0,1,0,0,0,0,1,0,0.12204394545063817,0.30441915021810767,0.20047732696897375,0.13793103448275862
0,0,1,0,0,0,0,0,0,0,1,0,0,0,0,1,0,0.45474560775476075,0.09334661540305768,0.7303102625298328,1.0
0,1,0,0,0,0,0,0,1,0,0,0,0,0,0,1,0,0.3799572514757449,0.10895270122902039,0.6563245823389021,1.0
0,0,1,0,0,0,0,0,0,0,1,0,0,0,0,1,0,0.24865338859686897,0.1406671102038366,0.7804295942720763,0.3914807302231238
0,0,0,0,0,0,0,0,0,0,1,0,0,0,0,1,0,0.27147231975016645,0.08418427182773959,0.486873508353222,1.0
0,1,0,0,0,0,0,0,0,0,1,0,0,0,0,1,0,0.11240899251185331,0.2665505046726166,0.4272076372315035,1.0
0,0,1,0,0,0,0,0,1,0,0,0,0,0,0,1,0,0.1916385430486061,0.033223542975159434,0.8758949880668256,1.0
1,0,1,0,0,0,0,0,0,0,1,0,0,0,0,1,0,0.0853344640431845,0.39694883519775287,0.5202863961813842,0.15415821501014199
0,0,1,0,0,0,0,0,0,0,1,0,0,0,0,1,0,0.4427186933251586,0.0960239966714785,0.8305489260143197,1.0
0,0,0,0,0,0,0,0,0,0,1,0,0,0,0,1,0,0.31979631891687277,0.09507623056893102,0.7828162291169449,0.5943204868154158
0,0,1,0,0,0,0,0,0,0,1,0,0,0,0,1,0,0.44088973206263005,0.07841436456603672,0.6730310262529833,0.797160243407708
0,1,0,0,0,0,0,0,0,0,0,0,1,0,0,1,0,0.2241059408491633,0.1811863333561125,0.20047732696897375,1.0
0,0,1,0,0,0,0,0,0,0,1,0,0,0,0,1,0,0.1512913797680692,0.10124425926328011,0.8758949880668256,1.0
0,0,0,0,0,0,0,0,0,0,1,0,0,0,0,1,0,0.5340158967325477,0.07964845635718228,0.8210023866348448,1.0
0,1,0,0,0,0,0,0,0,0,0,0,1,0,0,1,0,0.3091130619551408,0.07457516410013953,0.8019093078758948,0.797160243407708
0,0,0,0,0,1,0,0,0,0,1,0,0,0,0,1,0,0.4229125805344999,0.0838851995335289,0.6420047732696896,1.0
0,0,0,0,0,1,0,0,0,0,1,0,0,0,0,1,0,0.12204394545063817,0.30441915021810767,0.8210023866348448,0.07099391480730224
0,0,0,0,0,0,0,0,0,0,1,0,0,0,0,1,0,0.40254013749095024,0.10409233251847606,0.9188544152744629,1.0
0,0,0,1,0,1,0,0,0,0,1,0,0,0,0,1,0,0.04705148990395172,0.5674820651255766,0.9188544152744629,0.13387423935091278
1,0,1,0,0,0,0,0,0,0,1,0,0,0,0,1,0,0.13654710794264008,0.22484871441504464,0.32935560859188545,0.15618661257606492
0,0,0,0,0,0,0,0,0,0,1,0,0,0,1,0,0,0.5556590244651859,0.07256532727852483,0.8424821002386635,1.0
0,0,0,0,0,0,0,0,0,0,1,0,0,0,0,1,0,0.44420000130712867,0.08641434196634044,0.568019093078759,1.0
0,0,0,0,0,0,0,0,0,0,1,0,0,0,0,1,0,0.6147206259295606,0.06287316920472356,0.5966587112171837,1.0
0,0,0,0,0,0,0,0,0,0,1,0,0,0,0,1,0,0.26084853410061565,0.13718608108711083,0.5775656324582339,1.0
0,0,0,0,0,0,0,0,0,0,1,0,0,0,0,1,0,0.32203611922631453,0.11167186476268531,0.5990453460620524,1.0
0,1,0,0,0,0,0,0,0,0,1,0,0,0,0,1,0,0.30955496195261584,0.12735241537877912,0.6420047732696896,1.0
0,0,0,0,0,1,0,0,0,0,1,0,0,0,0,1,0,0.06147280344911441,0.4906539139373483,0.7708830548926013,0.127789046653144
0,0,0,0,0,0,0,0,0,0,1,0,0,0,0,1,0,0.13361039299491723,0.26011119008168926,0.6157517899761338,0.13387423935091278
0,0,0,0,0,0,0,0,1,0,0,0,0,0,0,1,0,0.21960401558646706,0.1844399056785658,0.8496420047732696,1.0
0,0,0,0,0,0,0,0,0,0,1,0,0,0,0,1,0,0.2902286506418313,0.06582534594429333,0.8830548926014319,1.0
0,0,0,0,0,0,0,0,0,0,1,0,0,0,0,1,0,0.13053186422088625,0.27554734911577866,0.30548926014319805,0.08113590263691685
0,0,0,1,0,0,0,0,0,0,1,0,0,0,0,1,0,0.09929128877753675,0.3441657769855741,0.7708830548926013,0.127789046653144
0,0,0,0,0,1,0,0,0,0,1,0,0,0,0,1,0,0.40138064845070565,0.048723416370629644,0.7708830548926013,1.0
0,0,0,0,0,0,0,0,0,0,1,0,0,0,0,1,0,0.4294060719332217,0.09744333634622396,0.30548926014319805,0.5943204868154158
0,1,0,0,0,0,0,0,1,0,0,0,0,0,0,1,0,0.478041962780231,0.08054251920194572,0.8424821002386635,1.0
0,0,0,0,0,0,0,0,0,0,1,0,0,0,0,1,0,0.348423179631149,0.1197499535283025,0.7875894988066825,1.0
0,1,0,0,0,0,0,0,0,0,0,0,1,0,0,1,0,0.28890297378606383,0.14361032003559987,0.8496420047732696,1.0
0,0,0,0,0,0,0,0,0,0,0,0,1,0,0,1,0,0.28211732602781026,0.14087691322969104,0.5990453460620524,1.0
1,0,1,0,0,0,0,0,0,0,1,0,0,0,0,1,0,0.13048247067567567,0.25618561100602677,0.6801909307875893,0.09330628803245437
0,1,0,0,0,0,0,0,0,0,0,0,1,0,0,1,0,0.3157227552296029,0.12800269668830225,0.7088305489260143,1.0
0,1,0,0,0,0,0,0,1,0,0,0,0,0,0,1,0,0.15125538303839856,0.2505794148706128,0.6801909307875893,0.3914807302231238
0,1,0,0,0,0,0,0,0,0,0,0,1,0,0,1,0,0.3616876130337328,0.0976181295944598,0.7350835322195703,1.0
0,0,0,0,0,0,0,0,0,0,1,0,0,0,0,1,0,0.38068204302635,0.10031888687013728,0.6706443914081146,1.0
0,1,0,0,0,0,0,0,0,0,0,0,1,0,0,1,0,0.2208288437657836,0.12110795955631633,0.8042959427207637,0.5943204868154158
1,0,1,0,0,0,0,0,0,0,1,0,0,0,0,1,0,0.09854361768630313,0.3497673323486212,0.19093078758949883,0.14807302231237324
0,0,0,0,0,0,0,0,0,0,1,0,0,0,0,1,0,0.5100003837573547,0.07401923835084392,0.4033412887828162,1.0
0,0,0,0,0,0,0,0,0,0,1,0,0,0,0,1,0,0.4368716117044267,0.0920841246981562,0.9045346062052504,0.5943204868154158
0,0,0,0,0,0,0,0,0,0,1,0,0,0,1,0,0,0.43172058328020835,0.0283188682074506,0.7350835322195703,1.0
0,1,0,0,0,1,0,0,1,0,0,0,0,0,0,1,0,0.23251640919402927,0.10771508229031541,0.8042959427207637,1.0
0,0,0,0,0,1,0,0,0,0,1,0,0,0,0,1,0,0.2580928451106103,0.13650875915464505,0.6252983293556085,1.0
0,0,0,0,0,0,0,0,1,0,0,0,0,0,0,1,0,0.3804436127631964,0.10828328282308763,0.7088305489260143,1.0
0,0,0,0,0,1,0,0,0,0,1,0,0,0,0,1,0,0.24361018454091177,0.12811277861799722,0.6801909307875893,1.0
0,1,0,0,0,0,0,0,0,0,1,0,0,0,0,1,0,0.38315143834293847,0.10969146822877193,0.5894988066825775,1.0
0,1,0,0,0,0,0,0,0,0,1,0,0,0,0,1,0,0.20541547556237996,0.19600110650245,0.6801909307875893,1.0
0,0,0,0,0,1,0,0,1,0,0,0,0,0,0,1,0,0.18530777730577422,0.21338779242456113,0.9045346062052504,1.0
0,1,0,1,0,0,0,0,1,0,0,0,0,0,0,1,0,0.06658831741219484,0.4554430645833642,0.8066825775656323,0.797160243407708
1,0,1,0,0,0,0,0,0,0,1,0,0,0,0,1,0,0.17261494698054627,0.22865680724033075,0.8210023866348448,0.14807302231237324
0,0,0,0,0,0,0,0,0,0,0,0,1,0,0,1,0,0.062411333299869594,0.4853993964457978,0.9045346062052504,0.5943204868154158
0,0,0,0,0,0,0,0,1,0,0,0,0,0,0,1,0,0.2523798972150595,0.08156459745535806,0.8066825775656323,1.0
0,0,0,0,0,0,0,0,0,0,1,0,0,0,0,1,0,0.13999273563723114,0.20137352589312432,0.6801909307875893,1.0
1,0,1,0,0,1,0,0,0,0,1,0,0,0,0,1,0,0.09129519708626929,0.3788056858934786,0.09546539379474944,0.1257606490872211
0,0,0,0,0,0,0,0,0,0,1,0,0,0,0,1,0,0.4521571111672364,0.06947592502678754,0.6801909307875893,1.0
0,0,0,0,0,0,0,0,0,1,0,0,0,0,0,1,0,0.3475547471687964,0.10963936716848054,0.7637231503579953,1.0
0,1,0,0,0,0,0,0,1,0,0,0,0,0,0,1,0,0.25919758186702774,0.07744770717748907,0.7159904534606205,1.0
1,0,1,0,0,0,0,0,0,0,1,0,0,0,0,1,0,0.20291124285616147,0.16769622997505987,0.27207637231503584,0.11561866125760652
0,0,0,0,0,0,0,0,0,0,1,0,0,0,0,1,0,0.35356480280281594,0.1188892681476202,0.8377088305489258,1.0
0,0,0,0,0,0,0,0,0,0,1,0,0,0,0,1,0,0.3007958770713269,0.12286667480068714,0.863961813842482,1.0
1,0,1,0,0,0,0,0,0,0,1,0,0,0,0,1,0,0.2135537170454497,0.16133424819734815,0.4677804295942721,0.15010141987829617
0,0,1,0,0,0,0,0,0,0,1,0,0,0,0,1,0,0.369644788870867,0.05354363634340148,0.4677804295942721,1.0
0,0,1,0,0,0,0,0,0,0,1,0,0,0,0,1,0,0.4278886741787689,0.07009445414257942,0.7708830548926013,1.0
0,1,0,0,0,0,0,0,0,0,1,0,0,0,0,1,0,0.39753551055123293,0.09743369194804807,0.6324582338902147,1.0
0,0,0,0,0,1,0,0,0,0,1,0,0,0,1,0,0,0.39847200478798395,0.10458355579105966,0.6324582338902147,1.0
0,0,0,0,0,0,0,0,0,0,1,0,0,0,0,1,0,0.1791210440368692,0.21148435574635127,0.9188544152744629,0.1237322515212982
0,0,0,0,0,0,0,0,0,0,1,0,0,0,0,1,0,0.21400835429036474,0.16756641078480314,,
0,1,1,0,0,1,0,0,0,0,0,0,1,0,0,1,0,0.08948435904845559,0.3800337143674926,0.28162291169451076,1.0
0,0,0,0,0,0,0,0,0,0,1,0,0,0,0,1,0,0.10866544414515043,0.30355754929439194,0.27207637231503584,0.11561866125760652
1,0,1,0,0,0,0,0,0,0,1,0,0,0,0,1,0,0.056929521278952656,0.4860544055016345,0.32696897374701667,0.15618661257606492
0,0,0,0,0,0,0,0,1,0,0,0,0,0,0,1,0,0.4528591535871453,0.08600206593857561,0.701670644391408,1.0
0,1,0,0,0,0,0,0,0,1,0,0,0,0,0,1,0,0.27646254028581135,0.13080601808337336,0.9188544152744629,1.0
0,1,0,1,0,1,0,0,0,0,1,0,0,0,0,1,0,0.01423238031973808,0.8213130068373681,0.28162291169451076,0.3914807302231238
0,0,1,0,0,0,0,0,0,0,1,0,0,0,0,1,0,0.3492764262370164,0.10081455452263827,0.8615751789976134,0.797160243407708
0,0,0,0,0,0,0,0,0,0,1,0,0,0,0,1,0,0.24892519887342213,0.14394581318923488,0.9188544152744629,0.797160243407708
1,0,1,0,0,0,0,0,0,0,1,0,0,0,0,1,0,0.14626237169837872,0.20685374112253388,0.4295942720763723,0.14198782961460446
0,0,0,0,0,0,0,0,0,0,1,0,0,0,0,1,0,0.4940473020624337,0.080729149787336,0.8496420047732696,1.0
0,1,1,0,0,0,0,0,0,0,1,0,0,0,0,1,0,0.2512198608042218,0.15364748470750214,0.9069212410501193,1.0
0,0,0,0,0,0,0,0,0,0,1,0,0,0,0,1,0,0.41994785040441013,0.0853698258004748,0.9069212410501193,1.0
1,0,1,0,0,0,0,0,0,0,1,0,0,0,0,1,0,0.14548839639057917,0.16371763743806636,0.7112171837708829,0.1359026369168357
0,0,0,0,0,0,0,0,0,0,1,0,0,0,0,1,0,0.15522543422127272,0.24918048457982117,0.7780429594272076,0.5943204868154158
0,0,0,0,0,0,0,0,0,0,1,0,0,0,0,1,0,0.3816463675762892,0.07457558954693404,0.6324582338902147,1.0
0,0,0,0,0,0,0,0,0,0,1,0,0,0,0,1,0,0.1909486426310765,0.09555194286798607,0.9188544152744629,1.0
0,0,0,0,0,0,0,0,0,0,1,0,0,0,0,1,0,0.3371289127165215,0.1236697078826957,0.9069212410501193,0.797160243407708
0,0,1,0,0,0,0,0,0,0,1,0,0,0,0,1,0,0.37116890370356115,0.08003236794138997,0.8615751789976134,1.0
0,0,0,0,0,0,0,0,0,0,1,0,0,0,0,1,0,0.12164991791857986,0.30571646601417,0.8162291169451072,0.12981744421906694
0,0,1,0,0,0,0,0,0,0,1,0,0,0,0,1,0,0.21282545353358062,0.1421005713120848,0.8615751789976134,1.0
0,1,0,0,0,0,0,0,1,0,0,0,0,0,0,1,0,0.0824812995658034,0.38888553767220935,0.9069212410501193,0.797160243407708
0,0,1,0,0,0,0,0,0,1,0,0,0,0,0,1,0,0.31031949664389,0.11417428860478447,0.8615751789976134,1.0
0,0,0,0,0,0,0,0,0,0,1,0,0,0,0,1,0,0.31937155701360664,0.12758498683859673,0.5775656324582339,1.0
0,0,0,0,0,0,0,0,0,0,1,0,0,0,0,1,0,0.40842519785105175,0.10273910526465288,0.9140811455847255,1.0
0,0,0,0,0,0,0,0,1,0,0,0,0,0,0,1,0,0.224844697574612,0.030324836441438078,0.928400954653938,0.5943204868154158
1,0,1,0,0,0,0,0,0,0,1,0,0,0,0,1,0,0.09354083505746989,0.3337645892128209,0.3484486873508353,0.16227180527383367
0,0,0,0,0,0,0,0,0,0,1,0,0,0,0,1,0,0.48511697288788813,0.07777358348023937,,1.0
0,0,0,0,0,0,0,0,0,0,1,0,0,0,0,1,0,0.32874071454702103,0.12632407614669813,0.863961813842482,1.0
0,0,0,0,0,0,0,0,1,0,0,0,0,0,0,1,0,0.37329013445205805,0.11302019236422393,0.6181384248210025,1.0
0,0,0,0,0,0,0,0,0,0,1,0,0,0,0,1,0,0.3953274838907322,0.08242600301238401,0.6563245823389021,1.0
0,0,0,0,0,0,0,0,0,0,1,0,0,0,1,0,0,0.3771207832931758,0.10505198818809261,0.6324582338902147,1.0
0,1,0,0,0,0,0,0,0,0,1,0,0,0,0,1,0,0.12543788167760603,0.1288624896184699,0.928400954653938,0.5943204868154158
0,1,0,0,0,0,0,0,0,0,1,0,0,0,0,1,0,0.37522852588426,0.09666267380227397,0.8520286396181382,1.0
0,0,0,0,0,0,0,0,0,0,1,0,0,0,1,0,0,0.39297290910373905,0.10579099837667355,0.9140811455847255,1.0
0,0,0,0,0,0,0,0,0,0,1,0,0,0,0,1,0,0.11027403460711402,0.14848583959830475,0.9140811455847255,0.11764705882352942
0,1,0,0,0,0,0,0,1,0,0,0,0,0,0,1,0,0.0271899307594919,0.7175732126342235,0.5775656324582339,1.0
0,1,0,0,0,0,0,0,1,0,0,0,0,0,0,1,0,0.16798525072487716,0.23407324284975328,0.9188544152744629,0.797160243407708
1,0,1,0,0,0,0,0,0,0,1,0,0,0,0,1,0,0.14756374177001097,0.25471404697956135,0.3484486873508353,0.16227180527383367
0,0,0,0,0,0,0,0,0,0,1,0,0,0,0,1,0,0.19847050364545119,0.19064950746136994,0.5775656324582339,1.0
0,0,0,0,0,0,0,0,0,0,1,0,0,0,0,1,0,0.29801877078876665,0.11587004876443316,0.6324582338902147,0.3914807302231238
0,1,0,0,0,0,0,0,1,0,0,0,0,0,0,1,0,0.3332243035145774,0.09448903581918827,0.9188544152744629,1.0
0,1,0,0,0,0,0,0,1,0,0,0,0,0,0,1,0,0.3852060579867358,0.09648114093682292,,1.0
0,0,1,0,0,0,0,0,0,0,1,0,0,0,0,1,0,0.37822747095586723,0.10447729185668683,0.863961813842482,1.0
0,1,0,0,0,0,0,0,1,0,0,0,0,0,0,1,0,0.20470368086396457,0.12320060012969149,0.5775656324582339,1.0
0,0,0,0,0,0,0,0,0,0,1,0,0,0,0,1,0,0.37155208018706765,0.11229723577413038,0.8758949880668256,1.0
0,1,0,0,0,0,0,0,1,0,0,0,0,0,0,1,0,0.33589574639553105,0.1219504815944483,0.8758949880668256,0.5943204868154158
0,0,0,0,0,0,0,0,0,0,1,0,0,0,0,1,0,0.4582261572139144,0.08467955489559943,0.6563245823389021,1.0
0,1,1,0,0,0,0,0,0,1,0,0,0,0,0,1,0,0.3192250851525851,0.10714573762462914,0.9188544152744629,0.797160243407708
0,0,0,0,0,0,0,0,0,0,1,0,0,0,0,1,0,0.37626735087031293,0.09701381111652682,0.5155131264916468,1.0
0,0,1,0,0,0,0,0,0,0,1,0,0,0,0,1,0,0.283188915485658,0.10034731469243284,0.9140811455847255,1.0
0,0,0,0,0,0,0,0,0,0,1,0,0,0,0,1,0,0.29691783778484315,0.13609106361811787,0.8424821002386635,1.0
0,0,0,0,0,0,0,0,0,0,1,0,0,0,0,1,0,0.3244898288435541,0.11899371624100223,0.9140811455847255,1.0
0,0,0,0,0,0,0,0,1,0,0,0,0,0,0,1,0,0.42506333144449804,0.08410230766750108,0.6324582338902147,1.0
0,1,0,0,0,0,0,0,0,0,0,1,0,0,0,1,0,0.14545855319586615,0.23981635960718695,0.28162291169451076,1.0
0,0,0,0,0,0,0,0,0,0,1,0,0,0,0,1,0,0.1501935575697971,0.253229537241409,,
0,1,0,0,0,0,0,0,0,0,1,0,0,0,0,1,0,0.41965136168196804,0.1003787853078714,0.8878281622911692,1.0
0,1,0,0,0,0,0,0,0,0,1,0,0,0,0,1,0,0.3516809828728461,0.10821023066342696,0.8830548926014319,1.0
0,0,0,0,0,0,0,0,0,0,1,0,0,0,0,1,0,0.4824732549457791,0.06860957235805211,0.7470167064439142,1.0
0,0,0,0,0,1,0,0,0,0,1,0,0,0,0,1,0,0.4201207086977108,0.09777076470118445,0.7875894988066825,1.0
0,0,0,0,0,1,0,0,0,0,1,0,0,0,0,1,0,0.19657987386561057,0.19863588359615283,0.8878281622911692,0.797160243407708
0,0,0,0,0,0,0,0,0,0,1,0,0,0,0,1,0,0.10221352209237995,0.3070994864301042,1.0,0.1237322515212982
0,1,0,0,0,0,0,0,0,0,1,0,0,0,0,1,0,0.26191636020846193,0.07408413021293878,0.7708830548926013,1.0
0,1,0,0,0,1,0,0,0,0,1,0,0,0,0,1,0,0.22581955198186815,0.17491800606634209,0.8830548926014319,1.0
0,1,0,0,0,0,0,0,0,0,1,0,0,0,0,1,0,0.32829225854356486,0.1137476325270195,0.8878281622911692,1.0
0,0,0,0,0,0,0,0,0,0,1,0,0,0,0,1,0,0.2878516546151906,0.09291622652071894,0.8878281622911692,0.797160243407708
0,0,0,0,0,0,0,0,0,0,1,0,0,0,1,0,0,0.3959321722648538,0.09702141284643964,0.7684964200477327,1.0
0,0,0,0,0,0,0,0,0,0,1,0,0,0,0,1,0,0.5154452716354684,0.08288916377701132,0.9140811455847255,1.0
0,1,0,0,0,0,0,0,1,0,0,0,0,0,0,1,0,0.4380771077466317,0.09446810528373784,0.5656324582338903,1.0
0,0,0,0,0,0,0,0,0,0,1,0,0,0,0,1,0,0.5278216418290087,0.06036989736539756,0.5990453460620524,1.0
0,1,0,0,0,0,0,0,0,0,1,0,0,0,0,1,0,0.1741834925154155,0.22544592676903316,0.8138424821002386,1.0
0,1,1,0,0,0,0,0,0,0,1,0,0,0,0,1,0,0.19391215682308144,0.1956561586165431,0.8830548926014319,1.0
0,1,0,0,0,0,0,0,0,0,1,0,0,0,0,1,0,0.16078062857044362,0.13778717681686278,0.7804295942720763,1.0
1,0,1,0,0,0,0,0,0,0,1,0,0,0,0,1,0,0.09360715024088215,0.35886879751757095,0.9069212410501193,0.15010141987829617
0,0,1,0,0,1,0,0,0,0,1,0,0,0,0,1,0,0.06333850871302436,0.44569985074664586,0.8878281622911692,1.0
0,0,0,0,0,0,0,0,0,0,1,0,0,0,0,1,0,0.4179260615734501,0.08651205734618575,0.7804295942720763,1.0
0,1,1,0,0,0,0,0,1,0,0,0,0,0,0,1,0,0.1485914951667764,0.1925914687935231,0.9069212410501193,1.0
0,0,0,0,0,0,0,0,0,0,1,0,0,0,0,1,0,0.21176820276490813,0.12202794602581449,0.7804295942720763,0.3914807302231238
0,0,0,0,0,0,0,0,0,0,1,0,0,0,0,1,0,0.24716705496018798,0.16413439292501172,0.8138424821002386,1.0
0,0,0,0,0,0,0,0,0,0,1,0,0,0,0,1,0,0.4306826856815936,0.09460528472712283,0.9069212410501193,1.0
0,1,0,0,0,1,0,0,0,0,1,0,0,0,0,1,0,0.13009496973820248,0.1828608501245287,0.6610978520286397,1.0
0,0,0,0,0,0,0,0,0,0,1,0,0,0,0,1,0,0.4352044670202262,0.08789913622658725,0.665871121718377,1.0
0,0,0,0,0,0,0,0,0,0,1,0,0,0,0,1,0,0.12746213252975838,0.14647680807477564,0.9069212410501193,1.0
0,1,0,0,0,0,0,0,1,0,0,0,0,0,0,1,0,0.24895236446156055,0.07280302942737099,0.8138424821002386,1.0
0,0,0,0,0,0,0,0,0,0,1,0,0,0,0,1,0,0.07563536835300058,0.43127573743700665,0.8162291169451072,0.13793103448275862
0,0,0,0,0,0,0,0,0,0,1,0,0,0,0,1,0,0.426768814970817,0.09858088767157923,0.9069212410501193,1.0
0,0,0,0,0,0,0,0,0,0,1,0,0,0,0,1,0,0.4337040517706771,0.09756621129839972,0.36515513126491655,1.0
0,0,0,0,0,0,0,0,0,0,1,0,0,0,0,1,0,0.349577864944383,0.09572003120061831,0.5178997613365155,0.5943204868154158
0,0,0,0,0,0,0,0,0,0,1,0,0,0,0,1,0,0.13933462701704286,0.24809147794640565,0.7112171837708829,0.15212981744421905
0,0,0,0,0,0,0,0,0,0,1,0,0,0,0,1,0,0.364960290136291,0.09460597222540894,0.6873508353221955,1.0
0,0,0,0,0,0,0,0,0,0,1,0,0,0,0,1,0,0.32320694576278436,0.09085396693816336,0.8138424821002386,1.0
0,0,1,0,0,1,0,0,0,0,1,0,0,0,0,1,0,0.2733180624771852,0.14980217505978818,0.6610978520286397,1.0
0,0,0,0,0,0,0,0,0,0,1,0,0,0,1,0,0,0.42157766694699766,0.09781659525414342,0.8830548926014319,1.0
1,0,1,0,0,0,0,0,0,0,1,0,0,0,0,1,0,0.1179337166641601,0.3078332715871994,0.6515513126491648,0.15415821501014199
0,1,0,0,0,0,0,0,1,0,0,0,0,0,0,1,0,0.3096101570541786,0.10357558343759617,0.8162291169451072,1.0
0,0,0,0,0,0,0,0,0,0,1,0,0,0,0,1,0,0.4303611958586769,0.07978765734926821,0.5966587112171837,1.0
0,0,0,0,0,0,0,0,0,0,1,0,0,0,0,1,0,0.3054701700366389,0.12436551883555533,0.6491646778042959,1.0
0,1,1,0,0,0,0,0,1,0,0,0,0,0,0,1,0,0.11796076016551409,0.25842602013822497,0.8520286396181382,1.0
0,0,1,0,0,0,0,0,0,0,1,0,0,0,0,1,0,0.3837386994865273,0.08891308801774098,0.9069212410501193,0.5943204868154158
0,1,0,0,0,0,0,0,0,0,1,0,0,0,0,1,0,0.3933209691252758,0.10754224899445616,0.7040572792362769,1.0
0,1,0,0,0,0,0,0,1,0,0,0,0,0,0,1,0,0.31447815588386385,0.09875439628091437,0.7780429594272076,0.797160243407708
0,0,0,0,0,0,0,0,0,0,1,0,0,0,0,1,0,0.396669382975517,0.0567583262487706,0.7804295942720763,1.0
0,1,1,0,0,0,0,0,0,0,1,0,0,0,0,1,0,0.23931837207357032,0.15254948715911124,0.7828162291169449,1.0
1,0,1,0,0,0,0,0,0,0,1,0,0,0,0,1,0,0.09326408144112683,0.3701256552845971,0.8162291169451072,0.13793103448275862
0,1,0,0,0,0,0,0,0,0,1,0,0,0,0,1,0,0.3583254315904783,0.11599136634496411,0.36515513126491655,0.5943204868154158
0,0,0,0,0,0,0,0,0,0,1,0,0,0,0,1,0,0.35581272797499214,0.10681334174167618,0.8186157517899761,1.0
0,0,0,0,0,0,0,0,0,0,1,0,0,0,0,1,0,0.47162953209712,0.08987300020522652,0.5226730310262531,1.0
0,0,0,0,0,0,0,0,0,0,1,0,0,0,1,0,0,0.45934711064833117,0.09158312335152012,0.5894988066825775,1.0
0,0,0,0,0,0,0,0,0,0,1,0,0,0,0,1,0,0.2993249081719271,0.06826903968719611,0.8186157517899761,0.3914807302231238
0,0,0,0,0,0,0,0,0,0,1,0,0,0,0,1,0,0.4345624254236447,0.0884719894379765,0.5131264916467779,1.0
0,0,0,0,0,0,0,0,0,0,1,0,0,0,0,1,0,0.413477915584458,0.09579413199225002,0.486873508353222,1.0
0,1,0,0,0,1,0,0,1,0,0,0,0,0,0,1,0,0.2470393917943401,0.16342747369978605,0.7828162291169449,0.5943204868154158
0,0,1,0,0,0,0,0,0,0,1,0,0,0,0,1,0,0.18509269114006882,0.20852088109418918,0.7780429594272076,1.0
0,0,0,0,0,0,0,0,0,0,1,0,0,0,1,0,0,0.4813204586400355,0.07760743849479763,0.486873508353222,1.0
1,0,1,0,0,0,0,0,0,0,1,0,0,0,0,1,0,0.08948435904845559,0.3800337143674926,0.5894988066825775,0.1359026369168357
0,0,0,0,0,0,0,0,0,0,1,0,0,0,0,1,0,0.48296238399649905,0.08828521778357225,0.8162291169451072,1.0
0,0,0,0,0,0,0,0,0,0,1,0,0,0,0,1,0,0.4057299585198254,0.09743638876194792,0.6420047732696896,0.5943204868154158
0,0,0,0,0,0,0,0,0,0,1,0,0,0,0,1,0,0.3268560317447281,0.1265873758949174,0.7828162291169449,0.5943204868154158
0,1,0,0,0,0,0,0,1,0,0,0,0,0,0,1,0,0.17348022117138373,0.22403311481134677,0.6420047732696896,0.5943204868154158
1,0,1,0,0,1,0,0,0,0,1,0,0,0,0,1,0,0.1075551628903045,0.2168700302467662,0.8782816229116945,0.17038539553752538
0,0,0,0,0,1,0,0,0,0,1,0,0,0,0,1,0,0.3037885950811093,0.11244475465910714,0.8186157517899761,1.0
0,0,0,0,0,0,0,0,0,0,1,0,0,0,0,1,0,0.28384920778218553,0.12178773556627218,0.6491646778042959,0.5943204868154158
0,1,0,0,0,0,0,0,0,0,0,0,1,0,0,1,0,0.20312514238907162,0.18808373049545044,0.6491646778042959,1.0
0,0,1,0,0,0,0,0,1,0,0,0,0,0,0,1,0,0.33238998189889923,0.11275121633404198,0.5131264916467779,1.0
1,0,1,0,0,0,0,0,0,0,1,0,0,0,0,1,0,0.14932165073726722,0.09291060832568769,0.8162291169451072,0.13793103448275862
0,0,0,0,0,1,0,0,0,0,1,0,0,0,0,0,1,0.18490729190060903,0.21543024118192408,0.486873508353222,1.0
0,0,0,0,0,0,0,0,0,0,1,0,0,0,0,1,0,0.31434763462107096,0.09517372532226683,0.6420047732696896,1.0
0,0,0,0,0,0,0,0,0,0,1,0,0,0,0,1,0,0.18588616442903255,0.15211134876495264,0.8186157517899761,1.0
0,0,0,0,0,0,0,0,0,0,1,0,0,0,0,1,0,0.3246586378126463,0.12490066984535927,0.7828162291169449,1.0
0,0,0,0,0,0,0,0,0,0,1,0,0,0,0,1,0,0.2007605432019919,0.12351334907059074,0.7828162291169449,0.5943204868154158
0,0,0,0,0,0,0,0,0,0,1,0,0,0,0,1,0,0.26882007872166697,0.13917789176286277,0.6610978520286397,0.5943204868154158
0,1,0,0,0,1,0,0,1,0,0,0,0,0,0,1,0,0.17553827185364382,0.21269070864158113,0.6610978520286397,1.0
1,0,1,0,0,0,0,0,0,0,1,0,0,0,0,1,0,0.09259694759716121,0.3382682624040517,0.7780429594272076,0.12170385395537527
0,0,0,0,0,0,0,0,0,0,1,0,0,0,0,1,0,0.3497219430281525,0.11893246707268594,0.8186157517899761,1.0
0,0,1,0,0,0,0,0,0,0,1,0,0,0,0,1,0,0.3738677561792936,0.10761828316163952,0.7326968973747017,0.5943204868154158
0,0,0,0,0,0,0,0,0,0,1,0,0,0,0,1,0,0.49985133953682653,0.0851677963096307,0.5823389021479712,1.0
0,0,0,0,0,0,0,0,0,0,1,0,0,0,0,1,0,0.13714650569822995,0.2737987074318163,0.7947494033412885,0.13793103448275862
0,0,0,0,0,0,0,0,0,0,1,0,0,0,0,1,0,0.2855591617208191,0.11831518757860161,0.6443914081145585,1.0
1,0,1,0,0,0,0,0,0,0,1,0,0,0,0,1,0,0.07696466987663543,0.4266552492418582,0.7947494033412885,0.13793103448275862
0,1,0,0,0,0,0,0,1,0,0,0,0,0,0,1,0,0.24328649976740224,0.10786487561227065,0.26968973747016706,1.0
0,0,0,0,0,0,0,0,0,0,1,0,0,0,0,1,0,0.03861602455250729,0.619352466906751,0.7995226730310263,0.14807302231237324
0,1,0,0,0,0,0,0,1,0,0,0,0,0,0,1,0,0.4675363831672085,0.09052992866170108,0.6443914081145585,1.0
0,0,0,0,0,0,0,0,0,0,1,0,0,0,0,1,0,0.38118257994358157,0.10543345750111179,0.7947494033412885,0.797160243407708
0,0,0,0,0,0,0,0,0,0,1,0,0,0,0,1,0,0.5762878275423344,0.06571183713185966,0.4272076372315035,1.0
0,0,0,0,0,0,0,0,1,0,0,0,0,0,0,1,0,0.26107368378808876,0.13451115777403982,0.26968973747016706,0.3914807302231238
0,0,0,0,0,0,0,0,0,0,1,0,0,0,1,0,0,0.5170804158443004,0.0800566848176624,0.7995226730310263,1.0
1,0,1,0,0,0,0,0,0,0,1,0,0,0,0,1,0,0.12502778949225019,0.27079985115127,0.6443914081145585,0.14807302231237324
0,1,0,0,0,0,0,0,0,0,0,0,1,0,0,1,0,0.19373462014420278,0.10887847963100808,0.7947494033412885,1.0
0,1,0,0,0,0,0,0,0,0,0,0,1,0,0,1,0,0.3164910458727996,0.1199790901775987,0.7684964200477327,1.0
0,0,0,0,0,0,0,0,0,0,1,0,0,0,1,0,0,0.39046039554858414,0.03457984603848991,0.8782816229116945,1.0
0,0,0,0,0,1,0,0,0,0,1,0,0,0,0,1,0,0.17501011713580303,0.19558383915688182,0.7947494033412885,0.13793103448275862
0,1,0,0,0,0,0,0,1,0,0,0,0,0,0,1,0,0.5055218063172143,0.0833530504990902,0.26968973747016706,1.0
0,0,0,0,0,0,0,0,0,0,1,0,0,0,0,1,0,0.3842294161708455,0.1091192858279427,0.5823389021479712,1.0
0,1,0,0,0,0,0,0,0,0,0,1,0,0,0,1,0,0.04034630674625939,0.6079695225722022,0.6443914081145585,1.0
0,0,1,0,0,0,0,0,1,0,0,0,0,0,0,1,0,0.31123969301904947,0.1000864556780129,0.5823389021479712,0.5943204868154158
0,0,0,0,0,0,0,0,0,0,1,0,0,0,0,1,0,0.3656352816596052,0.08283388882103798,0.7995226730310263,1.0
0,1,0,0,0,0,0,0,0,0,1,0,0,0,0,1,0,0.2550170671194732,0.15784672584166218,0.7684964200477327,1.0
0,0,0,0,0,0,0,0,0,0,1,0,0,0,0,1,0,0.4642157344648552,0.08519154360731603,0.5823389021479712,1.0
0,1,0,0,0,0,0,0,0,0,1,0,0,0,0,1,0,0.36425261459134434,0.11517570925711326,0.7756563245823389,1.0
0,0,0,0,0,0,0,0,0,0,1,0,0,0,0,1,0,0.41368680271295327,0.08280681421019696,0.8782816229116945,1.0
0,0,0,0,0,1,0,0,0,0,1,0,0,0,0,1,0,0.18529583415702044,0.19593590399701033,0.6443914081145585,1.0
0,0,0,0,0,0,0,0,0,0,1,0,0,0,0,1,0,0.3903043180369595,0.10597238515732066,0.8019093078758948,1.0
0,1,0,0,0,0,0,0,0,0,1,0,0,0,0,1,0,0.2516504260036849,0.09547855096843105,0.7684964200477327,1.0
0,0,0,0,0,0,0,0,0,0,1,0,0,0,0,1,0,0.39782188738344976,0.09308113948416206,0.6443914081145585,1.0
0,0,0,0,0,0,0,0,0,0,1,0,0,0,0,1,0,0.5142088287955553,0.07665843263222609,0.8233890214797135,1.0
0,1,0,0,0,0,0,0,0,0,0,0,1,0,0,1,0,0.1741581950028372,0.19719690397840628,0.8663484486873507,1.0
0,0,0,0,0,0,0,0,0,0,1,0,0,0,0,1,0,0.34793987758092737,0.11909736547153965,0.7995226730310263,1.0
0,1,0,0,0,0,0,0,0,0,1,0,0,0,0,1,0,0.40768028699224373,0.09801631073338621,0.6443914081145585,1.0
0,1,0,0,0,0,0,0,0,0,1,0,0,0,0,1,0,0.098712538953801,0.3560995575700963,0.7804295942720763,1.0
0,0,1,0,0,0,0,0,1,0,0,0,0,0,0,1,0,0.24942278992732347,0.15646360042338722,0.8162291169451072,0.5943204868154158
0,1,0,0,0,0,0,0,0,0,1,0,0,0,0,1,0,0.2358738204277533,0.1687435176676793,0.6610978520286397,0.5943204868154158
0,1,0,0,0,0,0,0,0,0,1,0,0,0,0,1,0,0.4525376215793075,0.08882619296744909,0.36515513126491655,1.0
0,0,0,0,0,0,0,0,0,0,1,0,0,0,0,1,0,0.356147453209665,0.10239209306203448,0.6610978520286397,1.0
0,0,0,0,0,0,0,0,0,0,1,0,0,0,0,1,0,0.36089436464321956,0.11221253168786634,0.7804295942720763,1.0
0,0,0,0,0,0,0,0,0,0,1,0,0,0,0,1,0,0.1382757463590388,0.12138283981968244,0.27207637231503584,0.14198782961460446
0,1,0,0,0,0,0,0,1,0,0,0,0,0,0,1,0,0.22104671124302583,0.1528440733554608,0.7040572792362769,1.0
0,0,0,0,0,0,0,0,1,0,0,0,0,0,0,1,0,0.15941363889089377,0.19184360685114885,0.7828162291169449,0.5943204868154158
0,0,0,0,0,0,0,0,0,0,1,0,0,0,0,1,0,0.35247466567267915,0.11440165775622929,0.7804295942720763,0.3914807302231238
1,0,1,0,0,0,0,0,0,0,1,0,0,0,0,1,0,0.09170090050332581,0.3699558883129265,0.4272076372315035,0.15010141987829617
0,1,0,0,0,0,0,0,1,0,0,0,0,0,0,1,0,0.12373839530409468,0.2527777025993236,0.8591885441527445,0.5943204868154158
0,0,0,0,0,0,0,0,0,0,1,0,0,0,1,0,0,0.4283735152517714,0.09224982211902377,0.5894988066825775,1.0
1,0,1,0,0,0,0,0,0,0,1,0,0,0,0,1,0,0.09786538715342782,0.3477403575302325,0.8591885441527445,0.17038539553752538
0,0,0,0,0,0,0,0,0,0,1,0,0,0,0,1,0,0.376282607090258,0.10885051546620446,0.36515513126491655,1.0
0,0,0,0,0,0,0,0,0,0,1,0,0,0,0,1,0,0.37484590762891445,0.11173193678088963,0.7494033412887828,1.0
0,0,0,0,0,0,0,0,0,0,1,0,0,0,0,1,0,0.2684873259594908,0.11258394872988839,0.7995226730310263,1.0
0,1,0,0,0,0,0,0,1,0,0,0,0,0,0,1,0,0.5562357954729226,0.0699676723192154,0.26968973747016706,1.0
0,1,0,0,0,0,0,0,1,0,0,0,0,0,0,1,0,0.46439501058726557,0.08627509505740227,0.6610978520286397,1.0
0,0,0,0,0,0,0,0,0,0,1,0,0,0,0,1,0,0.1448904690630855,0.18721022798139617,0.7947494033412885,0.13793103448275862
0,0,0,0,0,1,0,0,0,0,1,0,0,0,0,1,0,0.06914270516627931,0.45714583285197335,0.8591885441527445,0.17038539553752538
0,0,0,0,0,0,0,0,0,0,1,0,0,0,0,1,0,0.27779572883007075,0.13477405346377136,0.7947494033412885,1.0
0,1,0,0,0,0,0,0,0,0,1,0,0,0,0,1,0,0.18794758674513276,0.20728512270754884,0.7971360381861574,1.0
0,0,1,0,0,0,0,0,1,0,0,0,0,0,0,1,0,0.26715661445793226,0.1289720914103476,0.8520286396181382,1.0
0,1,0,0,0,0,0,0,0,0,1,0,0,0,0,1,0,0.2776773790342679,0.1140872834948185,0.5894988066825775,1.0
1,0,1,0,0,0,0,0,0,0,1,0,0,0,0,1,0,0.18015971042238074,0.18919648510847598,0.8066825775656323,0.127789046653144
1,0,1,0,0,0,0,1,0,0,0,0,0,0,0,1,0,0.10302926518215123,0.3360706083921002,0.8066825775656323,0.127789046653144
0,0,0,0,0,0,0,0,0,0,1,0,0,0,0,1,0,0.39230227443169036,0.10107015534475583,0.8305489260143197,1.0
1,0,1,0,0,0,0,0,0,0,1,0,0,0,0,1,0,0.13313411756870772,0.2698198390761689,0.5202863961813842,0.15415821501014199
0,1,0,0,0,1,0,0,0,0,0,1,0,0,0,1,0,0.0869606856589196,0.3821492633478335,0.8329355608591884,1.0
0,0,0,0,0,0,0,0,0,0,1,0,0,0,0,1,0,0.27777124660092156,0.1412850731903258,0.7303102625298328,1.0
0,0,0,0,0,0,0,0,0,0,1,0,0,0,0,1,0,0.23857949164068365,0.16997320828867146,0.8758949880668256,0.5943204868154158
0,0,1,0,0,0,0,0,1,0,0,0,0,0,0,1,0,0.5017599654137841,0.08084596971300996,0.6945107398568018,1.0
0,0,0,0,0,0,0,0,0,0,1,0,0,0,0,1,0,0.3938030821227481,0.09918133396679563,0.7971360381861574,1.0
0,0,1,0,0,0,0,0,0,0,1,0,0,0,0,1,0,0.2171812528400916,0.1381140137816688,0.20047732696897375,1.0
0,1,0,0,0,0,0,0,0,0,1,0,0,0,0,1,0,0.2779385009465242,0.14681530700237674,0.7875894988066825,1.0
1,0,1,0,0,0,0,0,0,0,1,0,0,0,0,1,0,0.2961510034710711,0.12381569780236082,0.8520286396181382,0.15618661257606492
0,1,1,0,0,0,0,0,0,0,1,0,0,0,0,1,0,0.22930846073016406,0.13463523416320927,0.6945107398568018,1.0
0,0,1,0,0,0,0,0,0,0,1,0,0,0,0,1,0,0.3327988097762245,0.11619509185012852,0.7971360381861574,1.0
0,0,0,0,0,0,0,0,0,0,1,0,0,0,0,1,0,0.2846794979825208,0.1274967812400722,0.6610978520286397,1.0
0,1,0,0,0,0,0,0,0,0,0,0,1,0,0,1,0,0.26646979212390404,0.13670809781187712,0.8066825775656323,1.0
1,0,1,0,0,0,0,0,0,0,1,0,0,0,0,1,0,0.16803101844361726,0.21569156803973782,0.8520286396181382,0.15618661257606492
0,1,0,0,0,0,0,0,1,0,0,0,0,0,0,1,0,0.2333070872947172,0.16818919105933844,0.9021479713603817,0.797160243407708
0,0,0,0,0,0,0,0,0,0,1,0,0,0,0,1,0,0.22554142658933216,0.12322127822824219,0.8305489260143197,1.0
0,0,0,0,0,0,0,0,0,0,1,0,0,0,0,1,0,0.31874234440630766,0.12972370329012722,0.8305489260143197,1.0
0,0,0,0,0,0,0,0,0,0,1,0,0,0,0,1,0,0.3219191667443693,0.10833254207483858,0.7923627684964201,1.0
0,0,0,0,0,0,0,0,0,0,1,0,0,0,0,1,0,0.34162065935056607,0.08855410059250009,0.6372315035799523,1.0
0,0,0,0,0,1,0,0,0,0,1,0,0,0,0,1,0,0.06999581488667372,0.44210883155778324,0.737470167064439,0.10953346855983774
0,0,1,0,0,0,0,0,0,0,1,0,0,0,0,1,0,0.3243631668862225,0.1212803096119325,0.7613365155131264,1.0
0,0,0,0,0,0,0,0,0,0,1,0,0,0,0,1,0,0.32617415146819745,0.10904432632435675,0.737470167064439,0.5943204868154158
0,0,0,0,0,0,0,0,0,0,1,0,0,0,0,1,0,0.33398135408775226,0.06866349450947808,0.6730310262529833,1.0
0,0,0,0,0,0,0,0,0,0,1,0,0,0,0,1,0,0.4978658028381194,0.08556692873028919,0.7613365155131264,1.0
0,0,0,0,0,0,0,0,0,0,1,0,0,0,1,0,0,0.4736705561026365,0.08996108441549837,0.7422434367541766,1.0
0,0,0,0,0,0,0,0,1,0,0,0,0,0,0,1,0,0.48576559030362837,0.08285673284837233,0.7613365155131264,1.0
0,0,0,0,0,0,0,0,0,0,1,0,0,0,1,0,0,0.3720582782119764,0.08679217917689719,0.6372315035799523,1.0
0,0,1,0,0,0,0,0,0,0,1,0,0,0,0,1,0,0.1656157810162602,0.2076763542227708,0.6801909307875893,0.797160243407708
0,0,0,0,0,0,0,0,0,1,0,0,0,0,0,1,0,0.15341572105290827,0.16890013479296542,0.6801909307875893,0.11967545638945236
0,0,0,0,0,1,0,0,0,0,1,0,0,0,0,0,1,0.1710138263968638,0.23055631149023684,0.477326968973747,1.0
0,1,1,0,0,0,0,0,1,0,0,0,0,0,0,1,0,0.3796578864233944,0.04325517657791234,0.7613365155131264,1.0
0,0,0,0,0,0,0,0,0,0,1,0,0,0,0,1,0,0.42513113550296167,0.07996268692895718,0.6372315035799523,0.5943204868154158
0,0,0,0,0,0,0,1,0,0,0,0,0,0,0,1,0,0.1981341256532615,0.1948545283093484,0.7613365155131264,0.07302231237322516
0,0,1,0,0,0,0,0,0,0,1,0,0,0,0,1,0,0.2281510712058164,0.16393143039960678,0.7899761336515512,1.0
1,0,1,0,0,0,0,0,0,0,1,0,0,0,0,1,0,0.13029297236939663,0.2741986130080385,0.09546539379474944,0.1257606490872211
0,1,0,0,0,0,0,0,0,0,0,1,0,0,0,1,0,0.22412093838383446,0.15018844905964326,0.7923627684964201,1.0
0,0,0,0,0,0,0,0,0,0,1,0,0,0,0,1,0,0.3747999681502477,0.11049617330079625,0.737470167064439,1.0
0,0,0,0,0,0,0,0,0,1,0,0,0,0,0,1,0,0.36690353052594865,0.11451210674572665,0.8329355608591884,1.0
0,0,1,0,0,0,0,0,0,0,1,0,0,0,0,1,0,0.26545343757121415,0.06951938890161591,0.8329355608591884,1.0
0,0,1,0,0,0,0,0,1,0,0,0,0,0,0,1,0,0.3613356175517597,0.0898939842368108,0.5704057279236276,1.0
0,1,0,0,0,1,0,0,0,0,0,0,1,0,0,1,0,0.11088501899677615,0.32641497157559946,0.7923627684964201,1.0
0,0,0,0,0,0,0,0,1,0,0,0,0,0,0,1,0,0.365967627127649,0.07295883325503558,0.7422434367541766,1.0
0,0,0,0,0,0,0,0,0,0,1,0,0,0,0,1,0,0.23926197315115694,0.16188452524100355,0.8520286396181382,0.797160243407708
0,0,0,0,0,0,0,0,0,0,1,0,0,0,0,1,0,0.3095991187864795,0.12073167764454734,0.7947494033412885,1.0
0,0,0,0,0,0,0,0,0,0,1,0,0,0,0,1,0,0.45845056056544486,0.07750227176703041,0.8400954653937946,1.0
0,0,0,0,0,0,0,0,0,0,1,0,0,0,0,1,0,0.30666059556681025,0.07375371657890645,0.8424821002386635,1.0
1,0,1,0,0,0,0,0,0,0,1,0,0,0,0,1,0,0.23385041742618998,0.14010974233596327,0.8520286396181382,0.15618661257606492
0,0,0,0,0,0,0,0,0,0,0,0,1,0,0,1,0,0.36170663042757223,0.1153373438034467,0.8019093078758948,1.0
0,1,1,0,0,0,0,0,0,0,1,0,0,0,0,1,0,0.2773179545405595,0.10594590540036003,0.7875894988066825,1.0
0,0,0,0,0,1,0,0,0,0,1,0,0,0,0,1,0,0.38601959424352433,0.1065814999083563,0.8424821002386635,1.0
0,0,0,0,0,0,0,0,0,0,1,0,0,0,0,1,0,0.4311564595936112,0.09276833805825396,0.8281622911694511,0.5943204868154158
0,1,0,0,0,0,0,0,0,0,1,0,0,0,0,1,0,0.4481750575692475,0.09473765554310927,0.6825775656324582,1.0
0,0,0,0,0,0,0,0,0,0,1,0,0,0,0,1,0,0.32850439226649963,0.127548556568855,0.568019093078759,1.0
0,1,1,0,0,0,0,0,0,0,1,0,0,0,0,1,0,0.2599460864742798,0.12890468942668165,0.7565632458233891,1.0
0,1,0,0,0,0,0,0,0,0,0,0,1,0,0,1,0,0.16028974577114008,0.23732457844690918,0.880668257756563,0.5943204868154158
0,1,0,0,0,0,0,0,0,0,0,0,1,0,0,1,0,0.2975566995503936,0.10758393270435246,0.8400954653937946,1.0
0,0,0,0,0,0,0,0,0,0,1,0,0,0,0,1,0,0.38730358052919645,0.08325747007885094,0.8591885441527445,1.0
0,1,0,0,0,0,0,0,0,0,1,0,0,0,0,1,0,0.3257012792537899,0.12794511488113763,0.6563245823389021,1.0
0,0,0,0,0,0,0,0,0,0,1,0,0,0,0,1,0,0.4101133139726447,0.08748776697258037,0.9140811455847255,1.0
1,0,1,0,0,0,0,0,0,0,1,0,0,0,0,1,0,0.1827656841131819,0.18013838155668965,0.2673031026252984,0.15415821501014199
0,0,0,0,0,0,0,0,0,0,1,0,0,0,0,1,0,0.4659037469098124,0.09141531640217025,0.6563245823389021,1.0
0,0,0,0,0,0,0,0,0,0,1,0,0,0,0,1,0,0.4049831007436113,0.0760412937168946,0.7159904534606205,1.0
1,0,1,0,0,0,0,0,0,0,1,0,0,0,0,1,0,0.16717916255517856,0.1710307530738557,0.3556085918854415,0.15618661257606492
0,0,0,0,0,0,0,0,0,0,1,0,0,0,1,0,0,0.4258031858786346,0.09565843209514802,0.9140811455847255,1.0
0,0,1,0,0,0,0,0,0,0,1,0,0,0,0,1,0,0.16963219179592973,0.22614561944570474,0.8520286396181382,1.0
1,0,1,0,0,0,0,1,0,0,0,0,0,0,0,1,0,0.14667758564702102,0.2604899442997818,0.7804295942720763,0.12981744421906694
1,0,1,0,0,1,0,0,0,0,1,0,0,0,0,1,0,0.16499857670122364,0.23458200787963834,0.9140811455847255,0.11764705882352942
0,1,0,0,0,0,0,0,0,0,1,0,0,0,0,1,0,0.1763527688048011,0.19152084793759305,0.8424821002386635,1.0
1,0,1,0,0,0,0,0,0,0,1,0,0,0,0,1,0,0.10358681235026822,0.3338230083730146,0.8424821002386635,0.14198782961460446
0,0,0,0,0,0,0,0,0,0,1,0,0,0,0,1,0,0.09554542761941054,0.36712938870261097,0.5775656324582339,0.07099391480730224
0,1,0,0,0,0,0,0,0,0,1,0,0,0,0,1,0,0.27128458529016675,0.05894367297997522,0.8424821002386635,1.0
0,0,0,0,0,0,0,0,0,0,1,0,0,0,1,0,0,0.4283008229544231,0.08927528744152996,0.8520286396181382,1.0
0,1,0,0,0,0,0,0,0,0,0,0,1,0,0,1,0,0.10571165768171291,0.2280717371509065,0.8424821002386635,1.0
0,0,1,0,0,0,0,0,0,0,1,0,0,0,0,1,0,0.2899075676055754,0.14272183539734012,0.6563245823389021,0.5943204868154158
0,0,0,0,0,0,0,0,0,0,1,0,0,0,0,1,0,0.12267203067928044,0.27844722704622493,0.9140811455847255,0.11764705882352942
1,0,1,0,0,0,0,0,0,0,1,0,0,0,0,1,0,0.20461658546074338,0.1798703011401662,0.9140811455847255,0.11764705882352942
0,0,1,0,0,0,0,0,1,0,0,0,0,0,0,1,0,0.24138240084615764,0.10030846564116826,0.5918854415274462,1.0
0,1,0,0,0,0,0,0,0,0,0,0,1,0,0,1,0,0.3519544121045768,0.11942390832311409,0.5918854415274462,0.5943204868154158
0,0,0,0,0,0,0,0,0,0,1,0,0,0,0,1,0,0.12078783468864616,0.14728071594238523,0.8424821002386635,0.10953346855983774
0,1,0,0,0,0,0,0,0,0,0,0,1,0,0,1,0,0.12108754696644018,0.271665059570912,0.928400954653938,1.0
0,0,0,0,0,0,0,0,0,0,1,0,0,0,0,1,0,0.2805006154571536,0.13740747333878667,0.9140811455847255,1.0
0,0,0,0,0,1,0,0,0,0,1,0,0,0,0,1,0,0.39378264041527766,0.09685239638760999,0.7159904534606205,1.0
1,0,1,0,0,0,0,0,0,0,1,0,0,0,0,1,0,0.16465254497707088,0.22602844288481122,0.5202863961813842,0.14198782961460446
0,0,0,0,0,0,0,0,0,0,1,0,0,0,0,1,0,0.5789131621607303,0.06703406297059822,0.8424821002386635,1.0
1,0,1,0,0,0,0,0,0,0,1,0,0,0,0,1,0,0.07233980940611888,0.426061806533784,0.8162291169451072,0.13793103448275862
0,1,0,0,0,0,1,0,0,0,0,0,0,0,0,1,0,0.14349908103022602,0.19284540444318155,0.9164677804295942,1.0
0,1,0,0,0,0,0,0,0,0,1,0,0,0,0,1,0,0.27763247517847617,0.1463962321545136,0.8758949880668256,1.0
0,0,0,0,0,0,0,0,0,0,1,0,0,0,0,1,0,0.4170401026468075,0.08792331147640167,0.6563245823389021,1.0
0,0,0,0,0,0,0,0,0,0,1,0,0,0,0,1,0,0.3854744397104035,0.10565984195706742,0.809069212410501,1.0
0,0,0,0,0,0,0,0,0,0,1,0,0,0,0,1,0,0.38251525892245025,0.110435585609551,0.9164677804295942,1.0
0,0,0,0,0,0,0,0,0,0,1,0,0,0,0,1,0,0.32908448116912803,0.12502518514157032,0.8758949880668256,0.3914807302231238
0,0,0,0,0,0,0,0,0,0,1,0,0,0,0,1,0,0.3852836090033643,0.0911198366485911,0.9307875894988065,1.0
0,1,0,0,0,1,0,0,0,1,0,0,0,0,0,1,0,0.23468473058756834,0.1300464433900515,0.8162291169451072,1.0
1,0,1,0,0,0,0,0,0,0,1,0,0,0,0,1,0,0.15575197453072,0.21678385617120177,0.8854415274463008,0.1359026369168357
0,0,0,0,0,0,0,0,0,0,1,0,0,0,0,1,0,0.21764419373233224,0.15487356104542177,0.8854415274463008,0.1359026369168357
0,0,0,0,0,0,0,0,0,0,1,0,0,0,0,1,0,0.3425235779882828,0.11315546018567892,0.9307875894988065,0.797160243407708
0,0,0,0,0,0,0,0,0,0,1,0,0,0,0,1,0,0.040997367785901864,0.6079695225722018,0.5393794749403342,0.1359026369168357
0,1,0,0,0,0,0,0,0,0,1,0,0,0,0,1,0,0.4257950623700628,0.08552923893146813,0.6133651551312649,1.0
0,1,0,0,0,0,0,0,0,0,0,0,1,0,0,1,0,0.10415179887443839,0.340934785376647,0.9164677804295942,0.797160243407708
0,0,0,0,0,0,0,0,0,0,1,0,0,0,0,1,0,0.12809142287764344,0.1485497806467785,0.5894988066825775,0.1359026369168357
0,0,0,0,0,0,0,0,0,0,1,0,0,0,0,1,0,0.4546160140559551,0.08327336173871887,0.5894988066825775,1.0
0,0,0,0,0,1,0,0,0,0,1,0,0,0,0,1,0,0.33531673470991313,0.053540540831039755,0.8854415274463008,1.0
0,0,1,0,0,0,0,0,0,0,1,0,0,0,0,1,0,0.1555836592606119,0.2499335287467467,0.9164677804295942,0.797160243407708
0,0,0,0,0,0,0,0,0,0,1,0,0,0,0,1,0,0.37963671058448306,0.1103567734953897,0.701670644391408,0.5943204868154158
0,0,0,0,0,0,0,0,0,0,1,0,0,0,0,1,0,0.33344713656527425,0.12566347732909794,0.7684964200477327,1.0
0,0,1,0,0,0,0,0,0,0,1,0,0,0,0,1,0,0.35791903211102577,0.10517552527418987,0.809069212410501,1.0
0,0,0,0,0,0,0,0,1,0,0,0,0,0,0,1,0,0.43817193374857266,0.09696380349175333,0.8782816229116945,1.0
0,0,0,0,0,0,0,0,0,0,1,0,0,0,0,1,0,0.4193409295862154,0.09811363922631236,0.701670644391408,1.0
1,0,1,0,0,1,0,0,0,0,1,0,0,0,0,1,0,0.11340242041270647,0.2935306921319628,0.6157517899761338,0.16227180527383367
1,0,1,0,0,0,0,0,0,0,1,0,0,0,0,1,0,0.08938091239398918,0.3653437912480511,0.8782816229116945,0.17038539553752538
0,0,0,0,0,1,0,0,0,0,1,0,0,0,0,1,0,0.17168156755749825,0.19555189181455845,0.8162291169451072,0.5943204868154158
0,0,0,0,0,0,0,0,0,0,1,0,0,0,0,1,0,0.2259237659632793,0.1317610221959805,0.7971360381861574,1.0
0,1,0,0,0,0,0,0,0,0,0,0,1,0,0,1,0,0.20861982438232754,0.13848302661678427,0.7828162291169449,1.0
0,0,0,0,0,0,0,0,0,0,1,0,0,0,0,1,0,0.534367865814191,0.07317156591979539,0.8162291169451072,1.0
0,0,1,0,0,0,0,0,0,0,1,0,0,0,0,1,0,0.20626551542689217,0.1678234988384814,0.7804295942720763,1.0
0,0,0,0,0,0,0,0,0,0,1,0,0,0,0,1,0,0.4138037349776934,0.09600630834988728,0.8782816229116945,0.797160243407708
1,0,1,0,0,0,0,0,0,0,1,0,0,0,0,1,0,0.12109635198498002,0.1982522108901537,0.7040572792362769,0.13387423935091278
1,0,1,0,0,0,0,0,0,0,1,0,0,0,0,1,0,0.12632231009938844,0.29662750365471663,0.8782816229116945,0.17038539553752538
0,0,0,0,0,0,0,0,0,0,1,0,0,0,0,1,0,0.5772132582651786,0.07425901290809195,0.7804295942720763,1.0
0,1,0,0,0,1,0,0,0,0,1,0,0,0,0,1,0,0.2324004875858556,0.16646072396673392,0.8782816229116945,1.0
0,0,0,0,0,0,0,0,0,0,1,0,0,0,0,1,0,0.49174943409584276,0.08632830852856856,0.5894988066825775,1.0
0,0,0,0,0,0,0,0,1,0,0,0,0,0,0,1,0,0.6177218851276994,0.059929125310091425,0.8066825775656323,1.0
1,0,1,0,0,0,0,0,0,0,1,0,0,0,0,1,0,0.0858239149418548,0.3184060082550097,0.8782816229116945,0.17038539553752538
0,1,0,0,0,0,0,0,0,0,1,0,0,0,0,1,0,0.13352171231477497,0.2624805252828991,0.27207637231503584,1.0
0,0,0,0,0,1,0,0,0,0,1,0,0,0,0,1,0,0.17910255576536221,0.2043943183380242,0.7040572792362769,1.0
0,1,0,0,0,0,0,0,0,0,1,0,0,0,0,1,0,0.2927541771120356,0.13959763311743936,0.7971360381861574,1.0
0,1,0,0,0,0,0,0,0,0,1,0,0,0,0,1,0,0.49116744071536117,0.08601058499313825,0.8042959427207637,1.0
0,0,0,0,0,0,0,0,0,0,1,0,0,0,0,1,0,0.38185700061379546,0.10180071852590158,0.7804295942720763,1.0
0,0,0,0,0,1,0,0,0,0,1,0,0,0,0,1,0,0.3231928210526032,0.1242924515046623,0.8042959427207637,1.0
0,0,0,0,0,0,0,0,0,0,1,0,0,0,0,1,0,0.14909565161160554,0.2577013237025448,0.8782816229116945,0.17038539553752538
0,0,1,0,0,0,0,0,0,0,1,0,0,0,0,1,0,0.2679304583836785,0.13144547042364382,0.7828162291169449,0.5943204868154158
0,0,0,0,0,0,0,0,0,0,1,0,0,0,0,1,0,0.3699147370822919,0.10673623112592663,0.7040572792362769,0.5943204868154158
0,1,1,0,0,0,0,0,0,0,1,0,0,0,0,1,0,0.34279400830157675,0.08641360108585877,0.36515513126491655,1.0
0,0,0,0,0,0,0,1,0,0,0,0,0,0,0,1,0,0.15178016039107253,0.24062276330254273,0.36515513126491655,0.11764705882352942
0,1,1,0,0,0,0,0,0,0,0,0,1,0,0,1,0,0.1677496920685999,0.23162323028438658,0.9188544152744629,1.0
0,1,0,0,0,0,0,0,1,0,0,0,0,0,0,1,0,0.2615752784653986,0.15485527997580292,0.9045346062052504,1.0
0,0,1,0,0,0,0,0,0,0,1,0,0,0,0,1,0,0.29358754387928054,0.08735646247483038,0.7947494033412885,1.0
0,1,0,0,0,0,0,0,1,0,0,0,0,0,0,1,0,0.4295913548539452,0.09867701904484943,0.4033412887828162,1.0
0,0,1,0,0,0,0,0,1,0,0,0,0,0,0,1,0,0.2518475355380733,0.14182093855611547,0.7947494033412885,1.0
0,1,1,0,0,0,0,0,0,0,1,0,0,0,0,1,0,0.24778170086198742,0.15569537866044317,0.7947494033412885,1.0
1,0,1,0,0,1,0,0,0,0,1,0,0,0,0,1,0,0.05964063373780323,0.498208278868257,0.7947494033412885,0.14807302231237324
0,0,0,0,0,0,0,0,0,0,1,0,0,0,0,1,0,0.37517651188911516,0.10902802772419237,0.675417661097852,0.797160243407708
0,1,0,0,0,0,0,0,0,0,1,0,0,0,0,1,0,0.22358544160536611,0.18090854994276687,0.5417661097852029,1.0
0,1,0,0,0,0,0,0,0,0,0,0,1,0,0,1,0,0.2014301064663122,0.1582619391499555,0.7088305489260143,1.0
1,0,1,0,0,0,0,0,0,0,1,0,0,0,0,1,0,0.06329241330099147,0.48043882069629923,0.37947494033412893,0.1359026369168357
1,0,1,0,0,0,0,0,0,0,1,0,0,0,0,1,0,0.149467291043113,0.24634844798255395,0.34128878281622904,0.16024340770791076
0,0,0,0,0,0,0,0,0,0,1,0,0,0,0,1,0,0.2553222459296339,0.13320819027308037,0.7589498806682577,1.0
0,0,0,0,0,1,0,0,0,0,1,0,0,0,0,1,0,0.3420991568014639,0.11491862798972959,0.5417661097852029,1.0
0,1,0,0,0,0,0,0,0,1,0,0,0,0,0,1,0,0.3902689713711457,0.08851721837801817,0.9188544152744629,1.0
0,0,0,0,0,0,0,0,0,0,1,0,0,0,0,1,0,0.4510111515997764,0.09331392280649868,0.9188544152744629,1.0
0,1,0,0,0,0,0,0,0,0,0,1,0,0,0,1,0,0.2649545426420473,0.1381264622513865,0.7589498806682577,1.0
0,0,0,0,0,0,0,0,0,0,1,0,0,0,0,1,0,0.39460825483670736,0.10305061084850202,0.8186157517899761,1.0
0,0,0,0,0,0,0,0,0,0,1,0,0,0,1,0,0,0.40934886830427064,0.10230480322635788,0.9188544152744629,1.0
0,0,0,0,0,0,0,0,0,0,1,0,0,0,0,1,0,0.3990000127115023,0.10545134725550034,0.30548926014319805,0.5943204868154158
0,0,0,0,0,1,0,1,0,0,0,0,0,0,0,1,0,0.0861211890393635,0.39551619957049683,0.8782816229116945,0.15821501014198783
0,1,0,0,0,0,0,0,0,0,1,0,0,0,0,1,0,0.40387598686286735,0.10308080888871159,0.5417661097852029,1.0
0,0,0,0,0,1,0,0,0,0,1,0,0,0,0,1,0,0.20541547556237996,0.19600110650245,0.7947494033412885,1.0
0,0,1,0,0,0,0,0,0,0,1,0,0,0,0,1,0,0.5485286711010471,0.07794557072080785,0.7589498806682577,1.0
0,0,0,0,0,0,0,0,0,0,1,0,0,0,0,1,0,0.5316177979456063,0.07523862430083428,0.5990453460620524,1.0
0,1,0,0,0,0,0,0,1,0,0,0,0,0,0,1,0,0.1960082361217447,0.1819998305424796,0.5894988066825775,1.0
0,0,0,0,0,0,0,0,0,0,1,0,0,0,0,1,0,0.39978932305082987,0.10018091456602903,0.9045346062052504,1.0
0,0,0,0,0,0,0,0,0,0,1,0,0,0,0,1,0,0.4213944460413659,0.09035123568362,0.9045346062052504,1.0
0,0,0,0,0,0,0,0,1,0,0,0,0,0,0,1,0,0.3606624195035242,0.10459942536581146,0.9045346062052504,0.5943204868154158
0,0,1,0,0,0,0,0,0,0,1,0,0,0,0,1,0,0.33488355225409394,0.09630009186909241,0.8544152744630071,1.0
0,0,0,0,0,0,0,1,0,0,0,0,0,0,0,1,0,0.11853637596405132,0.29696034455862474,0.4391408114558472,0.16835699797160245
0,1,0,0,0,0,0,0,1,0,0,0,0,0,0,1,0,0.4052075817892011,0.09582791566519169,0.6420047732696896,1.0
0,0,1,0,0,0,0,0,0,0,1,0,0,0,0,1,0,0.31811194054111513,0.07238651512409582,0.5489260143198089,1.0
0,1,1,0,0,0,0,0,1,0,0,0,0,0,0,1,0,0.35518107523599124,0.05235947975024153,0.809069212410501,1.0
0,0,0,0,0,0,0,0,0,0,1,0,0,0,0,1,0,0.27434800831159406,0.10417813713052025,0.8424821002386635,1.0
0,0,0,0,0,0,0,0,0,0,1,0,0,0,0,1,0,0.4846825006491076,0.08347525796517057,0.9785202863961813,1.0
0,0,1,0,0,0,0,0,0,0,1,0,0,0,0,1,0,0.30846384733409254,0.12937073505502045,0.9116945107398566,1.0
0,1,1,0,0,0,0,0,0,0,0,0,1,0,0,1,0,0.15473956801162725,0.2503507024554137,0.5059665871121717,1.0
0,0,1,0,0,0,0,0,0,0,1,0,0,0,0,1,0,0.36564155502011064,0.10685583868249832,0.8544152744630071,1.0
0,1,0,0,0,0,0,0,1,0,0,0,0,0,0,1,0,0.4121833257494369,0.10240453590131554,0.9116945107398566,0.5943204868154158
0,0,0,0,0,0,0,0,0,0,1,0,0,0,0,1,0,0.46471853362339033,0.08986906488450928,0.8114558472553699,1.0
0,0,0,0,0,0,0,0,0,0,1,0,0,0,0,1,0,0.24711234981094304,0.1658995872140537,0.8186157517899761,1.0
0,1,0,0,0,0,0,0,0,0,1,0,0,0,0,1,0,0.1931379029166963,0.11111208145722522,0.6133651551312649,0.5943204868154158
0,0,0,0,0,0,0,0,0,0,1,0,0,0,0,1,0,0.4143239747001828,0.10141401660382107,0.7804295942720763,1.0
0,0,1,0,0,0,0,0,1,0,0,0,0,0,0,1,0,0.3103158253048633,0.1344271697692169,0.8424821002386635,1.0
0,1,1,0,0,0,0,0,1,0,0,0,0,0,0,1,0,0.06145706268924587,0.48927144553801577,0.8114558472553699,1.0
0,0,0,0,0,0,0,0,0,0,1,0,0,0,0,1,0,0.29194578451079356,0.12172694517357587,0.7804295942720763,1.0
0,0,1,0,0,0,0,0,0,0,1,0,0,0,0,1,0,0.41558716864209455,0.09908919055152507,0.7804295942720763,0.5943204868154158
0,0,0,0,0,0,0,0,0,0,1,0,0,0,0,1,0,0.4822717088088619,0.08560544314002294,0.9116945107398566,0.5943204868154158
0,1,0,0,0,0,0,0,0,0,0,0,1,0,0,1,0,0.10416186341678982,0.2989276328775008,0.9785202863961813,1.0
0,1,0,0,0,0,0,0,1,0,0,0,0,0,0,1,0,0.2679600168323267,0.1258844865533744,0.7947494033412885,1.0
0,1,0,0,0,0,0,0,0,0,1,0,0,0,0,1,0,0.40482390210675023,0.09414586645598079,0.7684964200477327,1.0
0,0,0,0,0,1,0,0,0,0,1,0,0,0,0,1,0,0.3918125105656518,0.10792828203322684,0.7613365155131264,1.0
1,0,1,0,0,0,0,0,0,0,1,0,0,0,0,1,0,0.11337441087342055,0.2884393734461645,0.7923627684964201,0.11967545638945236
0,1,0,0,0,0,0,0,0,0,1,0,0,0,0,1,0,0.3506374705777496,0.09320034328419417,0.477326968973747,1.0
0,1,1,0,0,0,0,0,0,0,1,0,0,0,0,1,0,0.4364910937185118,0.09607574255811052,0.737470167064439,1.0
0,0,0,0,0,0,0,0,0,0,1,0,0,0,0,1,0,0.5478613263338782,0.06677346657687994,0.5131264916467779,1.0
0,1,1,0,0,0,0,0,0,0,0,0,1,0,0,1,0,0.07386783238184032,0.4362047883720513,0.26968973747016706,1.0
0,0,1,0,0,0,0,0,0,0,1,0,0,0,0,1,0,0.27782020900692,0.14551224215697842,0.8782816229116945,0.797160243407708
0,0,0,0,0,0,0,0,0,0,1,0,0,0,0,1,0,0.41645398407255146,0.07889384327685564,0.7947494033412885,1.0
0,0,1,0,0,0,0,0,0,0,1,0,0,0,0,1,0,0.47735164599910473,0.08810658692365046,0.7613365155131264,1.0
0,1,0,0,0,0,0,0,0,0,0,0,1,0,0,1,0,0.279224384575869,0.14067606765876509,0.7613365155131264,1.0
0,0,0,0,0,0,0,0,0,0,1,0,0,0,0,1,0,0.4289868859004783,0.07553906548080518,0.7995226730310263,1.0
0,0,0,0,0,0,0,0,0,0,1,0,0,0,0,1,0,0.46666748986360734,0.09113178349726736,0.737470167064439,1.0
0,0,0,0,0,1,0,0,0,0,1,0,0,0,1,0,0,0.47802017810562636,0.07973154796849231,0.8782816229116945,1.0
0,1,0,0,0,1,0,0,0,0,0,0,1,0,0,1,0,0.10962156123354853,0.3289042456000106,0.7995226730310263,1.0
0,0,0,0,0,0,0,0,0,0,1,0,0,0,0,1,0,0.3405206887887873,0.11892091481201393,0.6372315035799523,1.0
0,0,0,0,0,1,0,0,0,0,1,0,0,0,1,0,0,0.4551824050571896,0.058486195406796934,0.7995226730310263,1.0
0,0,0,0,0,0,0,0,0,0,1,0,0,0,0,1,0,0.38356800375955424,0.10623836538177477,0.7494033412887828,1.0
0,0,0,0,0,0,0,0,0,0,1,0,0,0,0,1,0,0.5226110876814758,0.08095627029700464,0.5131264916467779,1.0
0,0,0,0,0,0,0,0,0,0,1,0,0,0,0,1,0,0.5915605599529995,0.07046059055315276,0.7422434367541766,1.0
0,0,0,0,0,0,0,0,0,0,1,0,0,0,0,1,0,0.30525393057538297,0.10509657126832676,0.6730310262529833,0.797160243407708
0,0,0,0,0,0,0,0,0,0,1,0,0,0,0,1,0,0.5036109388679887,0.08395829996961296,0.7661097852028638,1.0
0,1,0,0,0,0,0,0,1,0,0,0,0,0,0,1,0,0.15712036089311865,0.2381297484147659,0.8186157517899761,0.3914807302231238
0,1,1,0,0,0,0,0,1,0,0,0,0,0,0,1,0,0.16026926235414593,0.2436701305815891,0.8591885441527445,1.0
0,0,0,0,0,0,0,0,0,0,1,0,0,0,0,1,0,0.2028398961733826,0.17030576608424636,0.2673031026252984,0.15415821501014199
1,0,1,0,0,0,0,0,0,0,1,0,0,0,0,1,0,0.09112569291719387,0.3772769437263578,0.3699284009546539,0.15415821501014199
0,1,0,0,0,0,0,0,0,0,0,0,1,0,0,1,0,0.16444593800124657,0.19449621807118958,0.809069212410501,1.0
0,1,0,0,0,0,0,0,1,0,0,0,0,0,0,1,0,0.09357399774825245,0.24824284880922057,0.8329355608591884,1.0
0,0,0,0,0,0,0,0,0,0,1,0,0,0,0,1,0,0.35827425606662294,0.09938001768909935,0.7422434367541766,0.797160243407708
0,1,0,0,0,0,0,0,1,0,0,0,0,0,0,1,0,0.10617765404605313,0.17598425980803545,0.2673031026252984,1.0
0,1,0,0,0,0,0,0,0,0,1,0,0,0,0,1,0,0.27829716298976503,0.14080578414052625,0.809069212410501,1.0
0,1,1,0,0,0,0,0,1,0,0,0,0,0,0,1,0,0.13249397194573773,0.2854423500255458,0.7159904534606205,0.797160243407708
0,0,0,0,0,1,0,0,0,0,1,0,0,0,0,1,0,0.35972364159621895,0.10280316333104507,0.8186157517899761,1.0
0,1,0,0,0,0,0,0,0,0,0,0,1,0,0,1,0,0.15673748037377397,0.17522934901736015,0.11933174224343679,1.0
0,0,0,0,0,0,0,0,0,0,1,0,0,0,0,1,0,0.518562962535092,0.0700363050744962,0.8591885441527445,1.0
0,0,0,0,0,0,0,0,0,0,1,0,0,0,0,1,0,0.2704905640009588,0.15184859251537397,0.7422434367541766,0.797160243407708
0,0,0,0,0,0,0,0,0,0,1,0,0,0,0,1,0,0.3097903955303326,0.11938843153759804,0.6968973747016707,0.5943204868154158
1,0,1,0,0,0,0,0,0,0,1,0,0,0,0,1,0,0.23848992645449296,0.15443292574138567,0.6587112171837708,0.11561866125760652
0,0,0,0,0,0,0,0,0,0,1,0,0,0,0,1,0,0.24420101682834672,0.10411846885016714,0.6968973747016707,1.0
1,0,1,0,0,0,0,0,0,0,1,0,0,0,0,1,0,0.1674416974868572,0.2307905654589174,0.39618138424821,0.13995943204868155
0,0,0,0,0,0,0,0,1,0,0,0,0,0,0,1,0,0.06657357314540573,0.4280772413284306,0.7159904534606205,1.0
1,0,1,0,0,0,0,0,0,0,1,0,0,0,0,1,0,0.12693136071998837,0.2947126566821946,0.39618138424821,0.13995943204868155
0,1,0,0,0,0,0,0,1,0,0,0,0,0,0,1,0,0.17347387341758205,0.025702300049784563,0.8591885441527445,1.0
0,1,0,0,0,0,0,0,1,0,0,0,0,0,0,1,0,0.24558968732285874,0.1581501499497111,0.7422434367541766,0.797160243407708
1,0,1,0,0,0,0,0,0,0,1,0,0,0,0,1,0,0.16015997683055744,0.24079307082354856,0.7446300715990453,0.14604462474645033
0,0,0,0,0,0,0,0,0,0,1,0,0,0,0,1,0,0.36340165340492886,0.10448355261241478,0.7040572792362769,0.5943204868154158
0,0,0,0,0,0,0,0,0,0,1,0,0,0,0,1,0,0.293351329716238,0.13584859410048938,0.7422434367541766,1.0
0,0,0,0,0,0,0,0,1,0,0,0,0,0,0,1,0,0.40291734864541856,0.10501586407468129,0.5417661097852029,0.797160243407708
0,0,0,0,0,0,0,0,0,0,1,0,0,0,0,1,0,0.474141664032962,0.06674816188431058,0.8902147971360381,1.0
0,0,1,0,0,0,0,0,0,0,1,0,0,0,0,1,0,0.3952052749839097,0.10696884609714873,0.8042959427207637,1.0
0,0,1,0,0,0,0,0,0,0,1,0,0,0,0,1,0,0.33570511894988414,0.10331691176859062,0.8066825775656323,0.3914807302231238
0,0,0,0,0,0,0,0,0,0,1,0,0,0,0,1,0,0.26968592881384856,0.09112688018716128,0.5894988066825775,1.0
0,0,0,0,0,0,0,0,0,0,1,0,0,0,0,1,0,0.4074853774901424,0.10390584970763989,0.8042959427207637,0.797160243407708
0,0,0,0,0,1,0,0,0,0,1,0,0,0,0,1,0,0.04628846862870606,0.5724560353983367,0.1479713603818616,0.13184584178498987
0,0,0,0,0,0,0,0,0,0,1,0,0,0,0,1,0,0.6704497984241876,0.041510167042613684,0.7589498806682577,1.0
1,0,1,0,0,0,0,0,0,0,1,0,0,0,0,1,0,0.21619053705364377,0.11487910945318655,0.5894988066825775,0.13995943204868155
0,1,1,0,0,0,0,0,1,0,0,0,0,0,0,1,0,0.2684873259594908,0.14786650987940742,0.5894988066825775,0.5943204868154158
1,0,1,0,0,0,0,0,0,0,1,0,0,0,0,1,0,0.08574051978932494,0.39275825595414265,0.35083532219570407,0.15212981744421905
0,0,0,0,0,0,0,0,0,0,1,0,0,0,0,1,0,0.2217950434332873,0.18137358321853164,0.7947494033412885,0.5943204868154158
1,0,1,0,0,0,0,0,0,0,1,0,0,0,0,1,0,0.1566189618922732,0.21847042282751242,0.8066825775656323,0.14198782961460446
0,0,0,0,0,0,0,0,1,0,0,0,0,0,0,1,0,0.2524513942068341,0.1540060596891777,0.35083532219570407,1.0
0,1,1,0,0,0,0,0,0,0,1,0,0,0,0,1,0,0.1628920675072745,0.21511291566032167,0.7589498806682577,0.797160243407708
0,0,1,0,0,0,0,0,0,0,1,0,0,0,0,1,0,0.24216432698495638,0.15029351244061612,0.9045346062052504,1.0
0,0,0,0,0,0,0,0,0,0,1,0,0,0,0,1,0,0.41758955612022514,0.09541425386597413,0.9045346062052504,1.0
1,0,1,0,0,0,0,0,0,0,1,0,0,0,0,1,0,0.15627688886770916,0.24827710203182737,0.8520286396181382,0.15618661257606492
0,0,0,0,0,1,0,0,1,0,0,0,0,0,0,1,0,0.1074964465141107,0.3324781106878335,0.8066825775656323,1.0
0,1,0,0,0,0,0,0,1,0,0,0,0,0,0,1,0,0.4438984010234126,0.09430616449757558,0.7947494033412885,1.0
0,0,1,0,0,1,0,0,0,0,1,0,0,0,0,1,0,0.21745398556073967,0.09983354778857927,0.8042959427207637,1.0
1,0,1,0,0,0,0,0,0,0,1,0,0,0,0,1,0,0.10066839521615957,0.3279594555315085,0.9045346062052504,0.15010141987829617
0,0,1,0,0,0,0,0,0,0,1,0,0,0,0,1,0,0.30998155942651956,0.13468929060752513,0.9045346062052504,0.5943204868154158
0,0,1,0,0,0,0,0,1,0,0,0,0,0,0,1,0,0.2659004073153514,0.13644992530420186,0.8520286396181382,0.797160243407708
0,0,0,0,0,0,0,0,0,0,1,0,0,0,1,0,0,0.4767307444836244,0.08940871932916056,0.8591885441527445,1.0
0,0,0,0,0,0,0,0,0,0,0,0,1,0,0,1,0,0.24583262954653468,0.1639629716336142,0.39618138424821,1.0
0,0,0,0,0,0,0,0,0,0,1,0,0,0,0,1,0,0.4737023030484634,0.08251500834929498,0.8591885441527445,1.0
0,0,1,0,0,0,0,0,0,0,1,0,0,0,0,1,0,0.23766348647809132,0.1647123120505992,0.5131264916467779,1.0
0,0,1,0,0,0,0,0,0,0,1,0,0,0,0,1,0,0.4291239710935764,0.08994948663777706,0.8400954653937946,1.0
0,1,0,0,0,0,0,0,0,0,1,0,0,0,0,1,0,0.46070381556022855,0.08497853646233644,0.8186157517899761,1.0
1,0,1,0,0,0,0,0,0,0,1,0,0,0,0,1,0,0.16194775679241502,0.2398440395202085,0.8496420047732696,0.15415821501014199
0,0,0,0,0,0,0,0,0,0,1,0,0,0,0,1,0,0.2324584551989812,0.17491092338809056,0.8424821002386635,1.0
0,1,0,0,0,0,0,0,0,0,1,0,0,0,0,1,0,0.42616317751370686,0.09416546529810305,0.7780429594272076,1.0
0,0,0,0,0,0,0,0,0,0,1,0,0,0,0,1,0,0.43415868957292586,0.09058167144446876,0.8424821002386635,1.0
0,1,0,0,0,1,0,0,0,0,1,0,0,0,0,1,0,0.21231585398591665,0.14999679170673982,0.8926014319809068,0.5943204868154158
0,1,0,0,0,0,0,0,0,0,0,0,1,0,0,1,0,0.2488572726311567,0.12223710416903395,0.5226730310262531,1.0
0,1,0,0,0,0,0,0,0,0,1,0,0,0,0,1,0,0.3657419147022789,0.10857669305931342,0.8186157517899761,1.0
0,0,1,0,0,0,0,0,0,0,1,0,0,0,0,1,0,0.38573668326839744,0.10952244697213886,0.7804295942720763,1.0
0,0,0,0,0,0,0,0,0,0,1,0,0,0,0,1,0,0.5118155681643249,0.08116563967562664,0.8926014319809068,1.0
0,1,0,0,0,1,0,0,0,0,1,0,0,0,0,1,0,0.1605558117512197,0.20796877892042612,0.7780429594272076,1.0
0,0,1,0,0,0,0,0,0,0,1,0,0,0,0,1,0,0.33809407651649453,0.12049719384149343,0.7804295942720763,0.5943204868154158
0,0,0,0,0,0,0,0,0,0,1,0,0,0,0,1,0,0.36036990053250123,0.08658432125188148,0.7159904534606205,1.0
0,0,0,0,0,0,0,0,0,0,1,0,0,0,1,0,0,0.42131785327498045,0.08310020236277789,0.8400954653937946,1.0
0,1,1,0,0,0,0,0,1,0,0,0,0,0,0,1,0,0.17509195173312214,0.14310672753274087,0.8186157517899761,1.0
0,0,0,0,0,0,0,0,0,0,1,0,0,0,0,1,0,0.10697654987797786,0.2812832743585838,0.7804295942720763,0.12981744421906694
0,0,0,0,0,0,0,0,0,0,1,0,0,0,0,1,0,0.5234161686995438,0.08162863569290496,0.5966587112171837,1.0
1,0,1,0,0,0,0,0,0,0,1,0,0,0,0,1,0,0.11390554516349523,0.3219184690522181,0.32935560859188545,0.15618661257606492
0,0,0,0,0,1,0,0,0,0,1,0,0,0,1,0,0,0.4881596165892708,0.08260302518030628,0.7780429594272076,1.0
0,0,0,0,0,0,0,0,0,0,1,0,0,0,0,1,0,0.5865775811421925,0.07235716861971207,0.42482100238663484,1.0
0,1,0,0,0,0,0,0,0,0,0,0,1,0,0,1,0,0.137814085543848,0.08981483552456397,0.7780429594272076,1.0
0,0,1,0,0,0,0,0,0,0,1,0,0,0,0,1,0,0.26106069938831844,0.11092932206972114,0.7875894988066825,1.0
0,0,1,0,0,0,0,0,0,0,1,0,0,0,0,1,0,0.2706830037507939,0.13440129838007964,0.8400954653937946,1.0
0,0,0,0,0,0,0,0,0,0,1,0,0,0,0,1,0,0.361918926011708,0.11610579303099014,0.7279236276849643,1.0
1,0,1,0,0,0,0,0,0,0,1,0,0,0,0,1,0,0.1586709707450328,0.1651574736830552,0.7112171837708829,0.15212981744421905
0,0,0,0,0,0,0,0,0,0,1,0,0,0,0,1,0,0.044934541501393185,0.5787965683312141,0.5966587112171837,0.15010141987829617
0,0,0,0,0,0,0,0,0,0,1,0,0,0,0,1,0,0.4258979490666997,0.09862723020229214,0.9069212410501193,1.0
0,1,1,0,0,0,0,0,1,0,0,0,0,0,0,1,0,0.35212357555134255,0.11129466938051846,0.665871121718377,1.0
0,1,0,0,0,0,0,0,1,0,0,0,0,0,0,1,0,0.18452398510848309,0.20553749503918906,0.7804295942720763,0.5943204868154158
0,1,0,0,0,0,0,0,0,0,1,0,0,0,0,1,0,0.11785255293825266,0.2530689317407032,0.9069212410501193,0.5943204868154158
0,0,0,0,0,0,0,0,1,0,0,0,0,0,0,1,0,0.32098207797033407,0.12752708576095245,0.8042959427207637,0.3914807302231238
0,0,0,0,0,0,0,0,0,0,1,0,0,0,0,1,0,0.44280212804053803,0.08599148706268342,0.665871121718377,1.0
0,0,0,0,0,0,0,0,1,0,0,0,0,0,0,1,0,0.4291239710935764,0.07989199171604373,0.8424821002386635,1.0
0,0,0,0,0,0,0,0,0,0,1,0,0,0,0,1,0,0.2950549795751846,0.12728710715830543,0.9069212410501193,0.5943204868154158
1,0,1,0,0,0,0,0,0,0,1,0,0,0,0,1,0,0.0710222542739855,0.4490972749184862,0.9069212410501193,0.15010141987829617
0,0,0,0,0,0,0,0,0,0,1,0,0,0,0,1,0,0.29500874597685534,0.09769766282316562,0.8830548926014319,1.0
0,0,1,0,0,1,0,0,0,0,1,0,0,0,0,1,0,0.13627026668147874,0.1499622834837199,0.6324582338902147,1.0
0,1,0,0,0,0,0,0,0,0,1,0,0,0,0,1,0,0.21960401558646717,0.11273687123639761,0.9069212410501193,1.0
0,1,0,0,0,1,0,0,1,0,0,0,0,0,0,1,0,0.2860039801084898,0.11370067354387682,0.8138424821002386,1.0
0,1,0,0,0,0,0,0,0,0,1,0,0,0,0,1,0,0.2902716970015713,0.14305513553955182,0.9188544152744629,1.0
0,0,0,0,0,0,0,0,0,0,1,0,0,0,0,1,0,0.4211208385714279,0.10074185992317705,0.8138424821002386,1.0
0,1,0,0,0,0,0,0,0,0,0,0,1,0,0,1,0,0.16113430048650762,0.22231691548250615,0.5966587112171837,1.0
0,0,0,0,0,0,0,0,0,0,1,0,0,0,0,1,0,0.34134598571569136,0.1158902514116013,0.7804295942720763,1.0
0,1,0,0,0,0,0,0,0,0,1,0,0,0,0,1,0,0.23123826065311473,0.11324328018999452,0.9188544152744629,0.797160243407708
0,0,0,0,0,0,0,0,0,0,1,0,0,0,0,1,0,0.12657640134099818,0.25392824326278657,0.7804295942720763,0.10750507099391482
0,1,0,0,0,0,0,0,0,0,1,0,0,0,0,1,0,0.4138538390278306,0.10057561052325192,0.7112171837708829,0.5943204868154158
0,0,1,0,0,0,0,0,0,0,1,0,0,0,0,1,0,0.4325214284868782,0.06763808377379052,0.9069212410501193,1.0
0,0,1,0,0,0,0,0,0,0,1,0,0,0,0,1,0,0.3258099228889671,0.12840408086010066,0.665871121718377,1.0
0,0,1,0,0,1,0,0,0,0,1,0,0,0,0,1,0,0.24347613588882572,0.15789402104783648,0.8042959427207637,1.0
0,0,0,0,0,1,0,0,0,0,1,0,0,0,0,1,0,0.46113513812151635,0.09206365522342556,0.8138424821002386,1.0
0,0,0,0,0,0,0,0,0,0,1,0,0,0,0,1,0,0.3016570657036772,0.09497493192799057,0.9069212410501193,1.0
0,0,0,0,0,1,0,0,0,0,1,0,0,0,0,0,1,0.17107170679406336,0.23043524494306938,0.9069212410501193,1.0
1,0,1,0,0,0,0,0,0,0,1,0,0,0,0,1,0,0.09382790693161293,0.3354994428961527,0.5966587112171837,0.15010141987829617
0,0,0,0,0,0,0,0,0,0,1,0,0,0,0,1,0,0.30884763183579994,0.12668982912753585,0.5178997613365155,1.0
0,0,0,0,0,0,0,0,0,0,1,0,0,0,0,1,0,0.4391900607986508,0.08478600204783793,0.8138424821002386,1.0
0,0,0,0,0,0,0,0,0,0,1,0,0,0,0,1,0,0.41956347425532314,0.10007562509785156,0.8400954653937946,0.797160243407708
0,0,0,0,0,0,0,0,0,0,1,0,0,0,0,1,0,0.38325037468768597,0.0811677583214078,0.7279236276849643,1.0
0,0,1,0,0,0,0,0,0,0,1,0,0,0,0,1,0,0.5415791328624167,0.07581482443342646,0.9069212410501193,1.0
1,0,1,0,0,0,0,0,0,0,1,0,0,0,0,1,0,0.09858587171476434,0.35198074188976175,0.2243436754176611,0.1359026369168357
0,1,0,0,0,0,0,0,0,0,1,0,0,0,0,1,0,0.38353804958798876,0.10908277678116118,0.7326968973747017,1.0
0,0,0,0,0,0,0,0,0,0,1,0,0,0,0,1,0,0.3219900518927815,0.10082227010474037,0.7708830548926013,1.0
1,0,1,0,0,0,0,0,0,0,1,0,0,0,0,1,0,0.16623087443653853,0.23340403239064944,0.7875894988066825,0.1359026369168357
0,0,0,0,0,0,0,0,0,0,1,0,0,0,1,0,0,0.4234029344847684,0.09226988432405016,0.8400954653937946,1.0
0,1,1,0,0,0,0,0,1,0,0,0,0,0,0,1,0,0.34115828172747875,0.11701097870762474,0.6443914081145585,1.0
1,0,1,0,0,0,0,0,0,0,1,0,0,0,0,1,0,0.09232892460848105,0.2964131886424473,0.7350835322195703,0.1359026369168357
0,1,0,0,0,1,0,0,0,0,1,0,0,0,0,1,0,0.25719001506023337,0.1530848953067635,0.701670644391408,0.797160243407708
0,0,0,0,0,0,0,0,0,0,1,0,0,0,0,1,0,0.1052737589686369,0.05153671126377071,0.7350835322195703,0.1359026369168357
1,0,1,0,0,0,0,0,0,0,1,0,0,0,0,1,0,0.14774039121440746,0.24711689828396233,0.7326968973747017,0.12170385395537527
0,1,1,0,0,0,1,0,0,0,0,0,0,0,0,1,0,0.1067797820044068,0.313561938279779,0.9069212410501193,0.797160243407708
0,0,1,0,0,0,0,0,0,0,1,0,0,0,0,1,0,0.24234550475386457,0.14917189773524336,0.6801909307875893,1.0
0,0,1,0,0,0,0,0,0,0,1,0,0,0,0,1,0,0.33168456544124253,0.12636570734044,0.6801909307875893,1.0
0,0,0,0,0,0,0,0,0,0,1,0,0,0,0,1,0,0.43768442185905365,0.09621653734518373,0.7350835322195703,1.0
0,0,0,0,0,0,0,0,0,0,1,0,0,0,1,0,0,0.4563992300018559,0.07276441075431304,0.7350835322195703,1.0
0,1,0,0,0,0,0,0,0,0,1,0,0,0,0,1,0,0.36831399409592364,0.11413429349471645,0.6801909307875893,1.0
0,0,0,0,0,0,0,0,0,0,1,0,0,0,1,0,0,0.3855459777410495,0.09427998332800691,0.8615751789976134,1.0
0,1,1,0,0,0,0,0,0,0,1,0,0,0,0,1,0,0.10544313704921096,0.22059006510388784,0.9069212410501193,1.0
0,0,0,0,0,0,0,0,0,0,1,0,0,0,0,1,0,0.12010660264153221,0.30881514361972956,0.9069212410501193,0.14807302231237324
0,0,0,0,0,0,0,0,0,0,1,0,0,0,0,1,0,0.39952158725106,0.09955189667405943,0.7326968973747017,1.0
0,0,0,0,0,0,0,0,0,0,1,0,0,0,0,1,0,0.347208767915393,0.07095187420498308,0.7183770883054892,1.0
0,0,0,0,0,0,0,0,0,0,1,0,0,0,0,1,0,0.3270969861736492,0.12104371953057508,0.7875894988066825,1.0
0,0,0,0,0,1,0,0,0,0,1,0,0,0,1,0,0,0.6359223554525821,0.05007981150852242,0.863961813842482,1.0
0,0,0,0,0,0,0,0,0,0,1,0,0,0,0,1,0,0.14776245885067796,0.2594068577930231,0.9188544152744629,0.797160243407708
0,0,1,0,0,0,0,0,0,0,1,0,0,0,0,1,0,0.08496278809062653,0.38931619121894034,0.9188544152744629,1.0
0,1,1,0,0,0,0,0,1,0,0,0,0,0,0,1,0,0.2940864827229508,0.14102703840558412,0.6324582338902147,1.0
0,0,0,0,0,0,0,0,0,0,1,0,0,0,0,1,0,0.42310606358761194,0.0793101935205842,0.863961813842482,1.0
0,0,0,0,0,0,0,0,1,0,0,0,0,0,0,1,0,0.3533314741700242,0.1091675279208272,0.6181384248210025,1.0
0,0,1,0,0,0,0,0,0,0,1,0,0,0,0,1,0,0.2849305254314755,0.07818675786487118,0.863961813842482,1.0
0,1,0,0,0,0,0,0,0,0,1,0,0,0,0,1,0,0.291603129014986,0.14058873369549343,0.8544152744630071,1.0
0,1,0,0,0,0,0,0,1,0,0,0,0,0,0,1,0,0.250370138103193,0.15627154669177867,0.7088305489260143,0.5943204868154158
0,0,0,0,0,0,0,0,0,0,1,0,0,0,0,1,0,0.3443425324647812,0.08308023916158934,0.8424821002386635,1.0
0,0,1,0,0,0,0,0,0,0,1,0,0,0,0,1,0,0.25351265775664417,0.16031163356454317,0.8544152744630071,1.0
0,1,0,0,0,1,0,0,0,1,0,0,0,0,0,1,0,0.11084691990962102,0.10092421461454906,0.8424821002386635,0.797160243407708
0,0,0,0,0,0,0,0,0,0,1,0,0,0,0,1,0,0.3814687469395395,0.11059312858844217,,1.0
0,0,0,0,0,0,0,0,1,0,0,0,0,0,0,1,0,0.42120841166672124,0.09797824843669009,0.7613365155131264,1.0
0,0,0,0,0,0,0,0,0,0,1,0,0,0,0,1,0,0.13958271604362368,0.1923943646540302,0.2649164677804296,0.14198782961460446
1,0,1,0,0,0,0,0,0,0,1,0,0,0,0,1,0,0.098712538953801,0.3560995575700963,0.8138424821002386,0.14198782961460446
0,0,0,0,0,0,0,0,0,0,1,0,0,0,0,1,0,0.4175950747172137,0.0894610075814577,0.9785202863961813,1.0
0,1,0,0,0,0,0,0,0,0,1,0,0,0,0,1,0,0.09143060464077983,0.36365435067840945,0.9188544152744629,0.797160243407708
0,0,0,0,0,0,0,0,0,0,1,0,0,0,0,1,0,0.26860109562181544,0.1269142265179069,0.8138424821002386,1.0
0,1,0,0,0,0,0,0,0,0,0,0,1,0,0,1,0,0.18827734982777614,0.09480635169710201,,1.0
0,1,0,0,0,0,0,0,0,0,0,1,0,0,0,1,0,0.09804594173034031,0.3518709510507016,0.28162291169451076,1.0
0,0,0,0,0,0,0,0,0,0,1,0,0,0,1,0,0,0.39687521727266706,0.10575111166013379,0.863961813842482,1.0
0,0,0,0,0,0,0,0,0,0,0,0,1,0,0,1,0,0.29473505562479096,0.13663021363319225,0.863961813842482,1.0
0,1,0,0,0,0,0,0,0,0,1,0,0,0,0,1,0,0.18088776177862154,0.21907537630152457,0.8544152744630071,1.0
0,0,0,0,0,0,0,0,0,0,1,0,0,0,0,1,0,0.32419421053470543,0.0457089849760019,0.28162291169451076,1.0
0,0,0,0,0,0,0,0,1,0,0,0,0,0,0,1,0,0.4388035998621164,0.08428666963396823,0.6324582338902147,1.0
0,0,0,0,0,0,0,0,0,0,1,0,0,0,0,1,0,0.43096379883485075,0.09153064858949664,0.8544152744630071,1.0
0,0,0,0,0,0,0,0,0,0,1,0,0,0,0,1,0,0.36586419223733246,0.0891576147950191,0.8400954653937946,1.0
1,0,1,0,0,0,0,0,0,0,1,0,0,0,0,1,0,0.14756374177001108,0.14935467252392484,0.35083532219570407,0.15821501014198783
0,0,0,0,0,0,0,0,0,0,1,0,0,0,0,1,0,0.26834821194599534,0.13028710118864179,0.8400954653937946,1.0
0,0,0,0,0,0,0,0,0,0,1,0,0,0,0,1,0,0.10881078793914867,0.31817762548994216,0.28162291169451076,0.1440162271805274
0,0,0,0,0,0,0,0,0,0,1,0,0,0,0,1,0,0.28498628070932647,0.10283191409790544,0.8400954653937946,1.0
0,1,0,0,0,0,0,0,1,0,0,0,0,0,0,1,0,0.17705170817419927,0.2224831928274768,0.8400954653937946,1.0
0,0,0,0,0,0,0,0,0,0,1,0,0,0,0,1,0,0.29663432955457947,0.08215714318151411,0.6324582338902147,1.0
0,1,0,0,0,0,0,0,1,0,0,0,0,0,0,1,0,0.2670549688213427,0.13694819714017725,0.8400954653937946,1.0
0,0,1,0,0,0,0,0,1,0,0,0,0,0,0,1,0,0.30068995469925935,0.13858835442539236,0.8114558472553699,0.5943204868154158
0,0,0,0,0,0,0,0,0,0,1,0,0,0,0,1,0,0.4803071481500546,0.0784637818708241,0.7661097852028638,1.0
0,1,1,0,0,0,0,0,1,0,0,0,0,0,0,1,0,0.14729840538541408,0.21919821983483515,0.7875894988066825,1.0
0,0,0,0,0,0,0,0,0,0,1,0,0,0,0,1,0,0.4453318322806665,0.08381477665366698,0.6921241050119331,0.797160243407708
0,1,1,0,0,0,0,0,0,0,1,0,0,0,0,1,0,0.17749346621641734,0.15521106200648985,0.8114558472553699,0.5943204868154158
0,0,1,0,0,0,0,0,0,0,1,0,0,0,0,1,0,0.5499539256058488,0.06900947443117565,0.7613365155131264,1.0
0,1,0,0,0,0,0,0,1,0,0,0,0,0,0,1,0,0.19131996929693096,0.20388145126500923,0.11933174224343679,1.0
0,0,0,0,0,0,0,0,0,0,1,0,0,0,0,1,0,0.4654891311546341,0.0893029167201251,0.8210023866348448,1.0
0,0,0,0,0,0,0,0,0,0,1,0,0,0,0,1,0,0.36127533299965736,0.11648815796296477,0.7875894988066825,1.0
0,0,0,0,0,0,0,0,1,0,0,0,0,0,0,1,0,0.21231585398591665,0.14999679170673982,0.8400954653937946,0.797160243407708
0,1,0,0,0,1,0,0,1,0,0,0,0,0,0,1,0,0.09015997067703295,0.34388190467210006,0.7875894988066825,1.0
1,0,1,0,0,0,0,0,0,0,1,0,0,0,0,1,0,0.19421533702221067,0.19766224349784342,0.8400954653937946,0.12981744421906694
0,1,0,0,0,1,0,0,1,0,0,0,0,0,0,1,0,0.3427139021609828,0.12048806239568248,0.7661097852028638,1.0
0,0,0,0,0,1,0,0,0,0,1,0,0,0,0,1,0,0.3457222331082115,0.12147532200575223,0.8114558472553699,1.0
0,0,0,0,0,0,0,0,0,0,1,0,0,0,0,1,0,0.2996021891881881,0.1173318695632248,0.7040572792362769,1.0
0,0,0,0,0,0,0,0,0,0,1,0,0,0,0,1,0,0.4759437884011282,0.08805890089316003,0.8019093078758948,1.0
0,1,0,0,0,0,0,0,0,0,0,0,1,0,0,1,0,0.17883119104096368,0.2217157048902668,0.8496420047732696,1.0
0,1,0,0,0,0,0,0,0,0,0,0,1,0,0,1,0,0.20189370739260526,0.19936030331214738,0.8496420047732696,1.0
0,1,0,0,0,0,0,0,0,0,1,0,0,0,0,1,0,0.159063331104289,0.22694915199593307,0.6921241050119331,1.0
0,1,0,0,0,0,0,0,0,0,0,0,1,0,0,1,0,0.20255427463323858,0.1982923430276596,0.32935560859188545,1.0
0,0,0,0,0,0,0,0,0,0,1,0,0,0,0,1,0,0.4533410370271645,0.07918819973112007,0.8186157517899761,0.797160243407708
0,1,0,0,0,1,0,0,1,0,0,0,0,0,0,1,0,0.09436686432612927,0.3699159445273318,0.8758949880668256,1.0
1,0,1,0,0,0,0,0,0,0,1,0,0,0,0,1,0,0.13921819721385345,0.1855358661858076,0.7661097852028638,0.12981744421906694
0,1,0,0,0,0,0,0,0,0,1,0,0,0,0,1,0,0.14602462357856746,0.22644822244826543,0.9069212410501193,1.0
0,1,1,0,0,0,0,0,0,0,1,0,0,0,0,1,0,0.31606924828065186,0.1044071485184707,0.7780429594272076,1.0
0,1,0,0,0,0,0,0,1,0,0,0,0,0,0,1,0,0.32573632938117847,0.12522658024148062,0.6801909307875893,1.0
0,0,0,0,0,0,0,0,1,0,0,0,0,0,0,1,0,0.1330613300066571,0.18127952526620622,0.3031026252983294,0.5943204868154158
0,0,0,0,0,0,0,0,0,0,1,0,0,0,0,1,0,0.4407064315295099,0.08962265101489268,,1.0
0,1,0,0,0,1,0,0,0,0,1,0,0,0,0,1,0,0.18202031447720737,0.21016101372327614,0.7661097852028638,1.0
0,1,0,0,0,0,0,0,0,0,0,0,1,0,0,1,0,0.26152343167151004,0.15724432917662443,0.8758949880668256,1.0
0,0,0,0,0,0,0,0,0,0,1,0,0,0,0,1,0,0.3375525561859303,0.1167746588884813,0.7661097852028638,1.0
1,0,1,0,0,0,0,0,0,0,1,0,0,0,0,1,0,0.2798692695073356,0.13368423550238104,0.7875894988066825,0.13995943204868155
0,1,1,0,0,0,0,0,0,0,0,0,1,0,0,1,0,0.1397220904359008,0.14576475973941289,0.20047732696897375,1.0
0,0,0,0,0,0,0,0,0,0,1,0,0,0,1,0,0,0.41353641426237037,0.09824944520311285,0.8305489260143197,1.0
0,0,0,0,0,0,0,0,0,0,1,0,0,0,0,1,0,0.16601946624593095,0.1254161495154504,0.20047732696897375,0.13793103448275862
1,0,1,0,0,0,0,0,0,0,1,0,0,0,0,1,0,0.08668950072424057,0.3928864559122335,0.8305489260143197,0.077079107505071
0,1,0,0,0,0,0,0,0,1,0,0,0,0,0,1,0,0.44809259249501343,0.09294694264704222,0.8233890214797135,1.0
0,1,0,0,0,0,1,0,0,0,0,0,0,0,0,1,0,0.09348554121802025,0.3568440932848434,0.9069212410501193,1.0
0,0,0,0,0,0,0,0,0,0,1,0,0,0,1,0,0,0.46695729529562613,0.09102452636124927,0.7875894988066825,1.0
0,0,0,0,0,0,0,0,0,0,1,0,0,0,0,1,0,0.21497211403295333,0.037393469121209,0.8329355608591884,0.14604462474645033
0,0,0,0,0,0,0,0,0,0,1,0,0,0,0,1,0,0.11142667586110534,0.2373356968030125,0.9069212410501193,0.14807302231237324
0,1,0,0,0,0,0,0,0,0,1,0,0,0,0,1,0,0.29784318795047154,0.12704517793304657,0.7875894988066825,1.0
0,0,0,0,0,1,0,0,0,0,1,0,0,0,0,0,1,0.1694765941047743,0.23235050004409918,0.8758949880668256,1.0
0,1,0,0,0,0,0,0,0,0,0,0,1,0,0,1,0,0.18955014156923028,0.14525864006160222,0.6801909307875893,1.0
0,0,0,0,0,0,0,0,0,0,1,0,0,0,0,1,0,0.26817105863542506,0.14055564604767087,0.8758949880668256,0.5943204868154158
0,0,0,0,0,0,0,0,0,0,1,0,0,0,0,1,0,0.17267870652080872,0.2154155334418552,0.20047732696897375,0.13793103448275862
0,0,0,0,0,0,0,0,0,0,1,0,0,0,0,0,1,0.1694765941047743,0.23235050004409918,0.8758949880668256,1.0
0,0,1,0,0,0,0,0,0,0,1,0,0,0,0,1,0,0.4358058800921407,0.09475972068416112,0.6324582338902147,1.0
0,0,0,0,0,0,0,0,0,0,1,0,0,0,0,1,0,0.33923868174697613,0.12276441625119452,0.8758949880668256,1.0
1,0,1,0,0,0,0,0,0,0,1,0,0,0,0,1,0,0.12508766978548597,0.13721223199858734,0.7804295942720763,0.15415821501014199
0,0,0,0,0,0,0,0,0,0,1,0,0,0,0,1,0,0.19116919879987546,0.16221160729881948,0.8758949880668256,0.5943204868154158
0,1,0,0,0,0,0,0,0,0,1,0,0,0,0,1,0,0.32603060790966976,0.10522949578913658,0.7661097852028638,1.0
0,0,0,0,0,0,0,0,0,0,1,0,0,0,0,1,0,0.3678745630965458,0.112214471565786,,1.0
0,0,0,0,0,0,0,0,0,0,1,0,0,0,0,1,0,0.19633103433301446,0.18660923597789678,0.7804295942720763,0.15415821501014199
0,0,0,0,0,0,0,0,0,0,1,0,0,0,0,1,0,0.12337519990276251,0.24597580058675558,0.7804295942720763,0.15415821501014199
0,0,0,0,0,0,0,0,0,0,1,0,0,0,0,1,0,0.04168347792019001,0.5991101589607082,0.7661097852028638,0.12981744421906694
0,0,0,0,0,0,0,0,0,0,1,0,0,0,0,1,0,0.41036033995870314,0.09320304458733655,0.8305489260143197,1.0
1,0,1,0,0,0,0,0,0,0,1,0,0,0,0,1,0,0.059414474843459374,0.4505707164970658,0.7661097852028638,0.12981744421906694
0,0,0,0,0,1,0,0,0,0,1,0,0,0,0,1,0,0.1889880464260542,0.15215767794879592,0.8615751789976134,1.0
0,1,0,0,0,0,0,0,1,0,0,0,0,0,0,1,0,0.1690090082871802,0.20890965220093313,0.7661097852028638,0.5943204868154158
0,0,0,0,0,0,0,0,1,0,0,0,0,0,0,1,0,0.19813412565326158,0.12221646696373961,0.7875894988066825,0.3914807302231238
1,0,1,0,0,0,0,0,0,0,1,0,0,0,0,1,0,0.1692364557938739,0.2194182787175222,0.7804295942720763,0.15415821501014199
0,0,0,0,0,0,0,0,0,0,1,0,0,0,0,1,0,0.24761793635898321,0.10625267631860134,0.6181384248210025,1.0
0,0,0,0,0,0,0,0,0,0,1,0,0,0,0,1,0,0.4060022451269072,0.08170696364927205,0.8019093078758948,1.0
0,0,0,0,0,0,0,0,0,0,1,0,0,0,0,1,0,0.30068995469925935,0.13858835442539236,0.7923627684964201,1.0
0,0,0,0,0,1,0,0,1,0,0,0,0,0,0,1,0,0.3099668585133104,0.09711415751015681,0.8019093078758948,1.0
0,0,0,0,0,0,0,0,1,0,0,0,0,0,0,1,0,0.13090998963069944,0.16838240375775998,0.3341288782816229,1.0
0,0,0,0,0,1,0,0,0,0,1,0,0,0,0,0,1,0.1710138263968638,0.23055631149023684,1.0,1.0
0,0,0,0,0,0,0,0,0,0,1,0,0,0,0,1,0,0.43414274517307416,0.09738046299660999,0.8544152744630071,1.0
0,0,0,0,0,0,0,0,0,0,1,0,0,0,0,1,0,0.46409617972093964,0.07773144467050831,0.7923627684964201,1.0
1,0,1,0,0,0,0,0,0,0,1,0,0,0,0,1,0,0.10281568292795404,0.2984036932661764,0.40095465393794755,0.15415821501014199
0,1,0,0,0,0,0,0,0,0,1,0,0,0,0,1,0,0.328027776837153,0.12469715726738692,0.8568019093078758,0.5943204868154158
0,0,0,0,0,0,0,0,0,0,1,0,0,0,1,0,0,0.29422171453754875,0.1409108404319133,0.8568019093078758,1.0
0,1,0,0,0,0,0,0,1,0,0,0,0,0,0,1,0,0.2314565969880966,0.14068745641045458,0.8019093078758948,0.5943204868154158
1,0,1,0,0,0,0,0,0,0,1,0,0,0,0,1,0,0.17789080017599507,0.21666440194267705,0.9140811455847255,0.15618661257606492
0,0,0,0,0,0,0,0,0,0,1,0,0,0,0,1,0,0.41502127325911675,0.10214235458669593,0.9140811455847255,1.0
0,0,0,0,0,0,0,0,0,0,1,0,0,0,0,1,0,0.44666774747284205,0.09412078921812606,1.0,1.0
0,1,0,0,0,0,0,0,0,0,1,0,0,0,0,1,0,0.4387957094715432,0.09544108781456481,0.8568019093078758,0.5943204868154158
0,1,0,0,0,0,0,0,0,0,1,0,0,0,0,1,0,0.1677496920685999,0.23162323028438658,1.0,1.0
0,0,0,0,0,1,0,0,0,0,1,0,0,0,0,1,0,0.07316171571574072,0.36730547596203156,0.8544152744630071,1.0
0,0,0,0,0,0,0,0,0,0,1,0,0,0,0,1,0,0.26489051726461943,0.12123912980706412,0.8544152744630071,1.0
0,1,0,0,0,0,0,0,0,0,1,0,0,0,0,1,0,0.410929636570222,0.08387264857732113,0.8568019093078758,1.0
0,0,0,0,0,0,0,0,1,0,0,0,0,0,0,1,0,0.13540482264007306,0.2672242339940171,0.8544152744630071,1.0
0,1,0,0,0,0,0,0,0,0,1,0,0,0,0,1,0,0.2685041836129719,0.11094311146472277,1.0,1.0
0,1,0,0,0,0,0,0,0,0,1,0,0,0,0,1,0,0.2927231244559345,0.09352413305390683,0.7088305489260143,1.0
0,0,0,0,0,0,0,0,0,0,1,0,0,0,0,1,0,0.26357688977574645,0.10724729863066018,0.8544152744630071,1.0
0,0,0,0,0,0,0,0,0,0,1,0,0,0,1,0,0,0.541926315515582,0.07892565666653632,0.8568019093078758,1.0
0,0,0,0,0,0,0,0,0,0,1,0,0,0,0,1,0,0.2219111253970109,0.03896941897938489,0.7923627684964201,1.0
0,1,0,0,0,0,0,0,0,0,0,0,1,0,0,1,0,0.24094851859160143,0.16975784434723734,0.7088305489260143,0.3914807302231238
0,0,0,0,0,0,0,0,0,0,1,0,0,0,0,1,0,0.2662064891219294,0.15316422161595153,0.6587112171837708,1.0
0,0,0,0,0,0,0,0,0,0,1,0,0,0,0,1,0,0.3896351527027544,0.1082726046524544,0.7971360381861574,0.5943204868154158
0,0,0,0,0,0,0,0,0,0,1,0,0,0,0,1,0,0.3377692642873401,0.12273546112644608,0.7971360381861574,0.5943204868154158
0,1,0,0,0,0,0,0,0,0,0,0,1,0,0,1,0,0.2510222848480058,0.12028592559585327,0.8019093078758948,0.5943204868154158
0,0,0,0,0,0,0,0,0,0,1,0,0,0,0,1,0,0.31334524387646706,0.1274602685629018,0.6587112171837708,0.5943204868154158
1,0,1,0,0,0,0,0,0,0,1,0,0,0,0,1,0,0.10472411875455027,0.3431511867515268,0.8377088305489258,0.13793103448275862
0,0,0,0,0,0,0,0,0,0,1,0,0,0,0,1,0,0.4424813425492659,0.07851021893019876,0.6324582338902147,1.0
1,0,1,0,0,0,0,0,0,0,1,0,0,0,0,1,0,0.1871681517274963,0.21255492983191226,0.7780429594272076,0.15618661257606492
0,0,0,0,0,0,0,0,0,0,1,0,0,0,1,0,0,0.4159141604226927,0.0922703279204618,0.6324582338902147,1.0
0,0,0,0,0,0,0,0,0,0,1,0,0,0,0,1,0,0.19771290241679573,0.1931034052697902,0.7780429594272076,0.15618661257606492
0,0,0,0,0,0,0,0,0,0,1,0,0,0,0,1,0,0.23701460494388504,0.15137048406909304,0.9188544152744629,0.797160243407708
0,0,0,0,0,0,0,0,0,0,1,0,0,0,0,1,0,0.2352680449529029,0.17134461125112757,0.9188544152744629,1.0
0,0,0,0,0,0,0,0,0,0,1,0,0,0,0,1,0,0.628699920135734,0.06196429340442275,0.7326968973747017,1.0
0,0,0,0,0,0,0,0,0,0,1,0,0,0,0,1,0,0.4103687587659255,0.09680886598649074,0.6324582338902147,1.0
0,1,0,0,0,1,0,0,0,0,0,0,1,0,0,1,0,0.16118864826213827,0.22553547761162723,0.7326968973747017,1.0
1,0,1,0,0,0,0,0,0,0,1,0,0,0,0,1,0,0.1538841515281877,0.19160162186676688,0.2649164677804296,0.14198782961460446
0,0,0,0,0,1,0,0,0,0,1,0,0,0,0,1,0,0.21673286128543423,0.11681983896616405,0.9188544152744629,0.797160243407708
0,0,0,0,0,0,0,0,0,0,1,0,0,0,0,1,0,0.35850768729288185,0.09361370467260582,,1.0
0,1,0,0,0,0,0,0,1,0,0,0,0,0,0,1,0,0.17073059483585595,0.22533261182879902,0.7780429594272076,1.0
0,0,1,0,0,0,0,0,0,0,1,0,0,0,0,1,0,0.3369118094233384,0.09520477088468111,0.7780429594272076,1.0
0,1,0,0,0,1,0,0,0,0,1,0,0,0,0,1,0,0.16350317905537015,0.23169647382402267,0.9188544152744629,1.0
0,0,0,0,0,0,0,0,0,0,1,0,0,0,0,1,0,0.4031686333645434,0.09749024834113336,0.8019093078758948,0.797160243407708
0,1,0,0,0,0,0,0,0,0,1,0,0,0,0,1,0,0.35919434247060866,0.09983354778857924,0.5393794749403342,1.0
1,0,1,0,0,0,0,0,0,0,1,0,0,0,0,1,0,0.14756374177001097,0.25471404697956135,0.809069212410501,0.09533468559837731
0,0,0,0,0,0,0,0,0,0,1,0,0,0,0,1,0,0.3797546757644326,0.10864970461185296,0.809069212410501,1.0
0,0,0,0,0,0,0,0,0,0,1,0,0,0,0,1,0,0.2978164601618697,0.06470901368269036,0.809069212410501,1.0
0,0,0,0,0,0,0,0,0,0,1,0,0,0,0,1,0,0.4042548411673857,0.08616013251912384,0.8019093078758948,1.0
0,1,0,0,0,0,0,0,1,0,0,0,0,0,0,1,0,0.34095035088984565,0.09620220091523138,0.39856801909307876,1.0
0,1,1,0,0,0,0,0,1,0,0,0,0,0,0,1,0,0.15504955683652977,0.23451636262677167,0.8281622911694511,1.0
0,0,0,0,0,0,0,0,0,0,1,0,0,0,0,1,0,0.26847468205970987,0.14938421173511587,0.6157517899761338,0.13387423935091278
0,0,0,0,0,0,0,0,0,0,1,0,0,0,0,1,0,0.3620202786499345,0.11559934554558088,0.7684964200477327,0.797160243407708
0,1,0,0,0,0,0,0,0,0,0,0,1,0,0,1,0,0.18255387444421936,0.19803187577441986,0.809069212410501,1.0
0,1,0,0,0,0,0,0,0,0,1,0,0,0,0,1,0,0.2426239902393188,0.1579711415594919,0.7684964200477327,0.797160243407708
0,1,0,0,0,0,0,0,0,0,0,0,1,0,0,1,0,0.14735740667884556,0.25169916225766026,0.8281622911694511,1.0
0,0,0,1,0,0,0,0,1,0,0,0,0,0,0,1,0,0.07386783238184043,0.17482285747584467,0.8400954653937946,1.0
0,0,0,0,0,0,0,0,0,0,1,0,0,0,0,1,0,0.29870107948586805,0.11078224804001997,0.809069212410501,1.0
0,1,0,0,0,0,0,0,0,0,1,0,0,0,0,1,0,0.42745995520676927,0.09562483899052204,0.45823389021479716,0.5943204868154158
0,0,0,0,0,1,0,0,0,0,1,0,0,0,0,1,0,0.33602844350915856,0.10839681063857583,0.809069212410501,1.0
0,0,0,0,0,0,0,0,0,0,1,0,0,0,0,1,0,0.33968673410964617,0.12346636629325371,0.7684964200477327,0.797160243407708
0,0,0,0,0,0,0,0,0,0,1,0,0,0,0,1,0,0.4304442696626304,0.08942592536818723,0.8400954653937946,1.0
0,0,0,0,0,0,0,0,0,0,1,0,0,0,0,1,0,0.2273879049861352,0.17579119273565819,0.6157517899761338,0.13387423935091278
0,0,1,0,0,0,0,0,0,0,1,0,0,0,0,1,0,0.26633392465590394,0.06642786546408021,0.9307875894988065,0.797160243407708
0,0,0,0,0,0,0,0,0,0,1,0,0,0,0,1,0,0.28317689660208967,0.13854694146361643,0.8424821002386635,1.0
0,0,0,0,0,0,0,0,0,0,1,0,0,0,0,1,0,0.1550143594274464,0.20904487674867184,0.6157517899761338,0.13387423935091278
0,0,0,0,0,0,0,0,0,0,1,0,0,0,0,1,0,0.33848278072427457,0.08692640693574698,0.7684964200477327,1.0
0,0,0,0,0,0,0,0,0,0,1,0,0,0,0,1,0,0.20409328340878555,0.14809962438605145,0.5465393794749402,0.5943204868154158
0,0,0,0,0,0,0,0,0,0,1,0,0,0,0,1,0,0.4393608399007751,0.08727956958637126,0.568019093078759,1.0
0,0,1,0,0,0,0,0,0,0,1,0,0,0,0,1,0,0.3034662143873763,0.11962763753667216,0.6157517899761338,0.5943204868154158
0,0,1,0,0,0,0,0,0,0,1,0,0,0,0,1,0,0.3470702834484381,0.11090481102338987,0.48210023866348445,1.0
0,0,0,0,0,0,0,0,0,0,1,0,0,0,0,1,0,0.2663551582845491,0.1109725092911275,0.8400954653937946,1.0
0,0,0,0,0,0,0,0,0,0,1,0,0,0,1,0,0,0.4756738923531061,0.08350845704471323,0.7684964200477327,1.0
0,0,0,0,0,0,0,0,0,0,1,0,0,0,0,1,0,0.14802703638883438,0.11133684078287083,0.48210023866348445,1.0
0,0,0,0,0,1,0,0,0,0,1,0,0,0,0,1,0,0.16031705325465725,0.24356028770153273,0.8281622911694511,0.16227180527383367
0,0,0,0,0,0,0,0,0,0,1,0,0,0,0,1,0,0.462124197091407,0.08273963432886498,0.45823389021479716,1.0
0,0,0,0,0,0,0,0,0,0,1,0,0,0,0,1,0,0.12832564582260297,0.11184536937462823,0.809069212410501,0.09533468559837731
0,0,1,0,0,0,0,0,0,0,1,0,0,0,0,1,0,0.2918601565980241,0.14101612232120028,0.8114558472553699,1.0
0,0,0,0,0,0,0,0,0,0,1,0,0,0,0,1,0,0.1988958202978367,0.1787563508546451,0.8210023866348448,1.0
1,0,1,0,0,0,0,0,0,0,1,0,0,0,0,1,0,0.16798525072487716,0.23407324284975328,0.5465393794749402,0.16024340770791076
0,0,1,0,0,0,0,0,0,0,1,0,0,0,0,1,0,0.28997416144740656,0.1239385856040745,0.9164677804295942,1.0
0,0,0,0,0,0,0,0,0,0,1,0,0,0,0,1,0,0.11425841496472901,0.22373636839745722,0.7088305489260143,0.12981744421906694
0,0,0,0,0,0,0,0,0,0,1,0,0,0,0,1,0,0.3374983582983836,0.10228738542562203,0.7684964200477327,1.0
0,1,0,0,0,0,0,0,0,0,0,0,1,0,0,1,0,0.4106464858208661,0.09560583325239717,0.7088305489260143,1.0
0,0,1,0,0,0,0,0,1,0,0,0,0,0,0,1,0,0.17237246204393536,0.15648908838705747,0.6992840095465394,1.0
0,0,0,0,0,0,0,0,1,0,0,0,0,0,0,1,0,0.41042487988212467,0.07485244001842398,0.8568019093078758,0.5943204868154158
1,0,1,0,0,0,0,0,0,0,1,0,0,0,0,1,0,0.16447261038806785,0.13825545675028447,0.3842482100238663,0.14198782961460446
0,0,0,0,0,0,0,0,0,0,1,0,0,0,0,1,0,0.3657230992810777,0.09104896987219702,0.7684964200477327,1.0
0,1,0,1,0,1,0,0,0,0,1,0,0,0,0,1,0,0.04288520008454742,0.648085117972984,0.6133651551312649,1.0
0,0,0,0,0,0,0,0,0,0,1,0,0,0,0,1,0,0.3269608154486175,0.10299499218200706,0.809069212410501,1.0
1,0,1,0,0,0,0,0,0,0,1,0,0,0,0,1,0,0.1411396354852225,0.14861513556424408,0.7088305489260143,0.12981744421906694
0,0,1,0,0,0,0,0,0,0,1,0,0,0,0,1,0,0.191029927739144,0.1536658524768458,0.9164677804295942,1.0
0,0,0,0,0,1,0,0,0,0,1,0,0,0,0,1,0,0.435835003041543,0.09442705450113176,0.8568019093078758,1.0
0,0,1,0,0,0,0,0,0,0,1,0,0,0,0,1,0,0.254662803030731,0.0923931067418539,0.809069212410501,1.0
0,1,0,0,0,0,0,0,0,0,1,0,0,0,0,1,0,0.35652044407309624,0.11799559935085045,0.8377088305489258,0.797160243407708
0,0,0,0,0,0,0,0,0,0,1,0,0,0,0,1,0,0.09988798698531323,0.34165449313826257,0.7088305489260143,0.12981744421906694
0,1,1,0,0,0,0,0,0,0,1,0,0,0,0,1,0,0.37277323241586113,0.08823986943701091,0.701670644391408,1.0
0,0,0,0,0,0,0,0,0,0,1,0,0,0,1,0,0,0.3813030965450583,0.10619143804644826,0.7684964200477327,1.0
0,0,0,0,0,0,0,0,0,0,1,0,0,0,0,1,0,0.4878773025672081,0.08737847941814353,0.701670644391408,1.0
0,1,1,0,0,0,0,0,0,0,1,0,0,0,0,1,0,0.13171229436367266,0.0653853021000131,0.9164677804295942,0.797160243407708
0,0,0,0,0,0,0,0,0,0,1,0,0,0,0,1,0,0.3079760779313911,0.11702088557156343,0.8544152744630071,1.0
0,0,0,0,0,0,0,0,0,0,1,0,0,0,0,1,0,0.3258379543217959,0.07613353439663643,0.8544152744630071,0.797160243407708
0,1,0,0,0,0,0,0,1,0,0,0,0,0,0,1,0,0.1543442123639165,0.10493271017733258,0.7088305489260143,1.0
0,0,1,0,0,0,0,0,0,0,1,0,0,0,0,1,0,0.26534691087990353,0.11009560911679764,0.9164677804295942,1.0
0,1,0,0,0,0,0,0,0,0,1,0,0,0,0,1,0,0.48771353515593513,0.08743434183734895,0.5059665871121717,1.0
0,0,0,0,0,0,0,0,0,0,1,0,0,0,0,1,0,0.40679823863936054,0.08885010360455936,0.8544152744630071,1.0
0,0,0,0,0,0,0,0,0,0,1,0,0,0,0,1,0,0.47170555089966826,0.08846278241245495,0.701670644391408,1.0
0,1,1,0,0,1,0,0,0,0,1,0,0,0,0,1,0,0.30533224107185003,0.13661427041547886,0.7088305489260143,0.3914807302231238
0,1,0,0,0,0,0,0,0,0,1,0,0,0,0,1,0,0.3712461876817071,0.09862883332597493,0.7136038186157518,0.5943204868154158
1,0,1,0,0,0,0,0,0,0,1,0,0,0,0,1,0,0.19496851747592664,0.18881938732591852,0.8615751789976134,0.13793103448275862
0,0,0,0,0,0,0,0,1,0,0,0,0,0,0,1,0,0.2935914147324883,0.10275928788915711,0.7875894988066825,1.0
0,0,0,0,0,0,0,0,0,0,1,0,0,0,0,1,0,0.200760543201992,0.1695746152452885,0.7875894988066825,0.5943204868154158
1,0,1,0,0,0,0,0,0,0,1,0,0,0,0,1,0,0.10653337131841563,0.3092556135766228,0.8615751789976134,0.13793103448275862
0,0,0,0,0,0,0,0,0,0,1,0,0,0,0,1,0,0.2103773191016788,0.06206369800160754,0.7875894988066825,1.0
0,0,0,0,0,0,0,0,0,0,0,0,1,0,0,1,0,0.4464324313935706,0.09421463786039089,0.7326968973747017,1.0
0,0,0,0,0,0,0,0,0,0,1,0,0,0,0,1,0,0.4062290159362328,0.08797184262828522,0.8305489260143197,1.0
1,0,1,0,0,1,0,0,0,0,1,0,0,0,0,1,0,0.11390554516349531,0.3086960171174497,0.5584725536992841,0.14604462474645033
0,1,0,0,0,0,0,0,0,0,0,0,1,0,0,1,0,0.3351394336003426,0.1229692771757721,0.7255369928400954,1.0
1,0,1,0,0,0,0,0,0,0,1,0,0,0,0,1,0,0.18814197644443545,0.21205944786139883,0.8615751789976134,0.13793103448275862
0,0,0,0,0,0,0,1,0,0,0,0,0,0,0,1,0,0.21288317098681928,0.1835670844704982,0.8305489260143197,0.14198782961460446
0,0,0,0,0,1,0,0,0,0,1,0,0,0,1,0,0,0.4099869382803675,0.10021548842021746,0.7255369928400954,1.0
0,0,0,0,0,1,0,0,0,0,1,0,0,0,0,1,0,0.36314599087217214,0.11582548614548094,0.8305489260143197,1.0
0,0,0,0,0,0,0,0,0,0,1,0,0,0,0,1,0,0.2317813165017128,0.12246869771929997,0.7780429594272076,1.0
0,0,0,0,0,0,0,0,0,0,1,0,0,0,0,1,0,0.40602492771428783,0.07490883162777605,0.8400954653937946,1.0
1,0,1,0,0,0,0,0,0,0,1,0,0,0,0,1,0,0.09186948574735934,0.37626534573226006,0.8615751789976134,0.13793103448275862
1,0,1,0,0,0,0,0,0,0,1,0,0,0,0,1,0,0.10935189447787325,0.28114378725409983,0.7780429594272076,0.15618661257606492
1,0,1,0,0,0,0,0,0,0,1,0,0,0,0,1,0,0.17009819680948393,0.21301019439791,0.24821002386634844,0.10953346855983774
0,1,0,0,0,0,0,0,0,0,1,0,0,0,0,1,0,0.22135543341644326,0.17995670722268117,0.7780429594272076,1.0
0,0,0,0,0,0,0,0,0,0,1,0,0,0,0,1,0,0.4511033419128254,0.0926771305266356,0.8162291169451072,1.0
0,0,0,0,0,0,0,0,0,0,1,0,0,0,1,0,0,0.32737614086791517,0.12354435009863621,0.7255369928400954,1.0
0,1,1,0,0,0,0,0,1,0,0,0,0,0,0,1,0,0.2903342990277401,0.14169236724838413,0.7255369928400954,1.0
0,0,0,0,0,0,0,0,0,0,1,0,0,0,0,1,0,0.38749345169591376,0.09297919551823283,0.8162291169451072,1.0
0,0,0,0,0,1,0,0,0,0,1,0,0,0,0,1,0,0.08775823259053665,0.3902164706321654,0.8615751789976134,0.13793103448275862
0,1,0,0,0,1,0,0,0,0,1,0,0,0,0,1,0,0.24669712916265069,0.16638339290483192,0.8615751789976134,1.0
0,1,0,0,0,0,0,0,0,0,0,0,1,0,0,1,0,0.16662001042667157,0.23554690312319043,0.7661097852028638,0.797160243407708
0,0,0,0,0,0,0,0,0,0,1,0,0,0,0,1,0,0.3748642819016788,0.11214141648223179,0.7350835322195703,1.0
0,0,0,0,0,0,0,0,0,0,1,0,0,0,0,1,0,0.23176678598852474,0.17202881629681818,0.8257756563245822,0.13184584178498987
0,1,0,0,0,0,0,0,0,0,1,0,0,0,0,1,0,0.21403445535221582,0.14425108616596333,0.5894988066825775,1.0
0,1,0,0,0,0,0,0,1,0,0,0,0,0,0,1,0,0.3479398775809274,0.07324168923215889,0.7971360381861574,1.0
0,0,0,0,0,0,0,0,0,0,1,0,0,0,0,1,0,0.5616263097572561,0.07468665578048475,0.7661097852028638,1.0
0,1,0,0,0,0,0,0,0,0,1,0,0,0,0,1,0,0.2510761837916334,0.1220664157596063,0.928400954653938,1.0
1,0,1,0,0,0,0,0,0,0,1,0,0,0,0,1,0,0.10686836711211932,0.3348770811148321,0.928400954653938,0.16024340770791076
0,0,1,0,0,0,0,0,0,0,1,0,0,0,0,1,0,0.32668132066833483,0.12617524107798658,0.8520286396181382,1.0
0,1,0,0,0,0,0,0,0,0,0,1,0,0,0,1,0,0.14011630109798012,0.24596000510900853,0.8520286396181382,1.0
0,1,1,0,0,0,0,0,0,0,1,0,0,0,0,1,0,0.1657945730247742,0.13617351671970848,0.8257756563245822,1.0
0,1,0,0,0,0,0,0,0,0,0,0,1,0,0,1,0,0.41811902022399955,0.10072635049147048,0.6945107398568018,0.5943204868154158
0,0,0,0,0,0,0,0,0,0,1,0,0,0,0,1,0,0.22943074352326498,0.1532700421008358,0.8257756563245822,1.0
1,0,1,0,0,0,0,1,0,0,0,0,0,0,0,1,0,0.11130334581513208,0.26761950225538905,0.928400954653938,0.16024340770791076
0,1,0,0,0,0,0,0,0,0,1,0,0,0,0,1,0,0.21288317098681933,0.1271648980272566,0.8758949880668256,1.0
0,1,0,0,0,0,0,0,0,1,0,0,0,0,0,1,0,0.2264540603230953,0.09585587780563137,0.928400954653938,1.0
0,0,1,0,0,0,0,0,0,0,1,0,0,0,0,1,0,0.38915396599828134,0.10062730340824794,0.5393794749403342,1.0
0,0,0,0,0,0,0,0,0,0,1,0,0,0,0,1,0,0.13249397194573773,0.2854423500255458,0.4797136038186158,0.13793103448275862
1,0,1,0,0,0,0,0,0,0,1,0,0,0,0,1,0,0.15631182571249505,0.24658470065619076,0.3556085918854415,0.15618661257606492
0,1,0,0,0,1,0,0,1,0,0,0,0,0,0,1,0,0.05576465285327379,0.49595789023180514,0.3556085918854415,1.0
0,1,0,0,0,0,0,0,0,0,1,0,0,0,0,1,0,0.35630183979442537,0.1167512774902756,0.5894988066825775,1.0
0,1,0,0,0,0,0,0,1,0,0,0,0,0,0,1,0,0.3033161583641238,0.1370419742998518,0.5918854415274462,0.5943204868154158
0,1,0,0,0,0,0,0,0,0,0,0,1,0,0,1,0,0.1787385931181513,0.20795704401715054,0.8353221957040573,0.5943204868154158
1,0,1,0,0,0,0,0,0,0,1,0,0,0,0,1,0,0.13560376075200953,0.2585397588249084,0.8520286396181382,0.15618661257606492
1,0,1,0,0,0,0,0,0,0,1,0,0,0,0,1,0,0.1053634595987213,0.326730053150669,0.8257756563245822,0.13184584178498987
0,0,0,0,0,0,0,0,0,0,1,0,0,0,0,1,0,0.21300380556179693,0.12070139755798927,0.8758949880668256,1.0
0,0,0,0,0,0,0,0,0,0,1,0,0,0,0,1,0,0.1681421208000265,0.1819372564481796,0.8758949880668256,1.0
0,0,0,0,0,0,0,0,0,0,1,0,0,0,0,1,0,0.2139300331895365,0.1419728622670121,0.8520286396181382,1.0
0,1,0,0,0,0,0,0,0,0,0,1,0,0,0,1,0,0.18017809815940292,0.20947511956215886,0.9021479713603817,1.0
0,0,1,0,0,0,0,0,0,0,1,0,0,0,0,1,0,0.5951278451503805,0.06335414522503166,0.5584725536992841,1.0
0,1,1,0,0,0,0,0,0,0,1,0,0,0,0,1,0,0.24018158995088368,0.10847280046126685,0.8902147971360381,1.0
0,1,0,0,0,0,0,0,0,0,0,0,1,0,0,1,0,0.20954289900999296,0.1424208324640262,0.8902147971360381,1.0
0,1,1,0,0,0,0,0,1,0,0,0,0,0,0,1,0,0.17840487204965907,0.22118928562260493,0.5894988066825775,1.0
0,1,0,0,0,0,0,0,0,1,0,0,0,0,0,1,0,0.14325716146859768,0.2677812262076056,0.8520286396181382,1.0
0,0,0,0,0,0,0,0,0,0,1,0,0,0,0,1,0,0.300387122852871,0.11352966414895478,0.8257756563245822,1.0
1,0,1,0,0,0,0,0,0,0,1,0,0,0,0,1,0,0.09846963501716818,0.3451562771529318,0.8520286396181382,0.15618661257606492
1,0,1,0,0,0,0,0,0,0,1,0,0,0,0,1,0,0.0938389329290144,0.3603529276509998,0.8520286396181382,0.15618661257606492
0,1,0,0,0,0,0,0,0,0,0,0,1,0,0,1,0,0.20378744382575928,0.03858779227977297,0.486873508353222,1.0
0,1,0,0,0,0,0,0,1,0,0,0,0,0,0,1,0,0.27158490123720713,0.15003554580955478,0.8257756563245822,1.0
0,0,0,0,0,0,0,0,0,0,1,0,0,0,1,0,0,0.4236723951099458,0.08600518055068213,0.8042959427207637,1.0
0,0,0,0,0,0,0,0,0,0,1,0,0,0,0,1,0,0.4582362450452692,0.09287871693791627,0.7971360381861574,1.0
0,0,0,0,0,0,0,0,0,0,1,0,0,0,0,1,0,0.2680486736073785,0.09303887405906368,0.8377088305489258,0.5943204868154158
0,1,1,0,0,1,0,0,0,0,1,0,0,0,0,1,0,0.07071422206946174,0.4446728755221842,0.9188544152744629,1.0
0,1,1,0,0,0,0,0,1,0,0,0,0,0,0,1,0,0.29187961959055464,0.1364326159764614,0.7947494033412885,1.0
0,1,0,0,0,0,0,0,0,0,1,0,0,0,0,1,0,0.1487450991804157,0.25859373212853365,0.8066825775656323,0.797160243407708
0,0,0,0,0,0,0,0,0,0,1,0,0,0,0,1,0,0.1330613300066571,0.25304415569105865,0.7947494033412885,0.14807302231237324
0,0,0,0,0,1,0,0,0,0,1,0,0,0,0,0,1,0.1694765941047743,0.23235050004409918,0.9045346062052504,1.0
1,0,1,0,0,0,0,0,0,0,1,0,0,0,0,1,0,0.10663199587681953,0.3217322778723947,0.7947494033412885,0.14807302231237324
0,0,0,0,0,0,0,0,0,0,1,0,0,0,0,1,0,0.3960890129636907,0.100413021015014,0.6252983293556085,1.0
0,0,0,0,0,1,0,0,0,0,1,0,0,0,0,1,0,0.2448272996785294,0.09562053030840241,0.7947494033412885,1.0
0,0,0,0,0,0,0,0,0,0,1,0,0,0,0,1,0,0.33486648682905273,0.09899614068624073,0.6324582338902147,0.3914807302231238
0,0,0,0,0,0,0,0,0,0,1,0,0,0,0,1,0,0.3713945295021619,0.09152141742466058,0.9045346062052504,1.0
0,0,0,0,0,0,0,0,0,0,1,0,0,0,0,1,0,0.1284342614773254,0.08484211961602865,0.8424821002386635,1.0
0,1,0,0,0,1,0,0,0,0,1,0,0,0,0,1,0,0.3121098332264609,0.10385642939162525,0.9188544152744629,1.0
0,0,0,0,0,0,0,0,0,0,1,0,0,0,0,1,0,0.39779875321350167,0.10604722588601569,0.9045346062052504,0.5943204868154158
0,0,0,0,0,0,0,0,0,0,1,0,0,0,0,1,0,0.3010567481654811,0.10721046127364704,0.4033412887828162,1.0
0,1,0,1,0,1,0,0,0,0,1,0,0,0,0,1,0,0.052861677191257804,0.5310179579817952,0.9188544152744629,1.0
0,0,0,0,0,0,0,0,0,0,1,0,0,0,0,1,0,0.414782485850147,0.09345687279314248,0.9045346062052504,1.0
1,0,1,0,0,0,0,0,0,0,1,0,0,0,0,1,0,0.10787759828356366,0.3354389751108081,0.47016706443914075,0.15415821501014199
0,0,0,0,0,0,0,0,0,0,1,0,0,0,0,1,0,0.35148555111783775,0.11830607072898018,0.8186157517899761,1.0
0,0,0,0,0,0,0,0,0,0,1,0,0,0,0,1,0,0.4845893502213481,0.07313153280494916,0.7780429594272076,1.0
0,1,0,0,0,0,0,0,1,0,0,0,0,0,0,1,0,0.4588713447803717,0.08562712841497538,0.486873508353222,1.0
0,0,0,0,0,0,0,0,0,0,1,0,0,0,0,1,0,0.3634205844851946,0.09674070102882232,0.8305489260143197,1.0
1,0,1,0,0,0,0,0,0,0,1,0,0,0,0,1,0,0.23200884926546814,0.15523473018738437,0.44630071599045346,0.15212981744421905
0,1,0,0,0,0,0,0,0,0,0,0,1,0,0,1,0,0.4340576987962286,0.09224573688447953,0.60381861575179,0.5943204868154158
0,1,0,0,0,1,0,0,0,0,1,0,0,0,0,1,0,0.18543313723647226,0.20656890163761513,0.48210023866348445,1.0
0,0,0,0,0,0,0,0,0,0,1,0,0,0,0,1,0,0.18984812491573827,0.135572951367021,0.7326968973747017,1.0
0,0,0,0,0,0,0,0,0,0,1,0,0,0,1,0,0,0.36488801058382264,0.10278851106214637,0.8305489260143197,1.0
0,1,0,0,0,0,0,0,0,0,1,0,0,0,0,1,0,0.2067135781074902,0.09745759553047642,0.45823389021479716,1.0
0,0,0,0,0,0,0,0,0,0,1,0,0,0,0,1,0,0.3612975442237257,0.11333245885464732,0.8305489260143197,1.0
0,0,0,0,0,0,0,0,0,0,1,0,0,0,0,1,0,0.20808450723949243,0.19184822334379295,0.8305489260143197,1.0
0,0,0,0,0,0,0,0,0,0,1,0,0,0,0,1,0,0.2880566926200096,0.1363587088521157,0.48210023866348445,1.0
0,0,0,0,0,1,0,0,0,0,1,0,0,0,0,0,1,0.17102025844515364,0.23054285427069207,0.873508353221957,1.0
0,1,1,0,0,1,0,0,0,0,1,0,0,0,0,1,0,0.14979450892483656,0.22315597106606397,0.8186157517899761,1.0
0,0,0,0,0,0,0,0,0,0,1,0,0,0,0,1,0,0.3255435089368492,0.09648161134811953,0.809069212410501,1.0
0,1,0,0,0,0,0,0,1,0,0,0,0,0,0,1,0,0.46143582921801696,0.09223758667762402,0.8305489260143197,1.0
0,0,0,0,0,0,0,0,0,0,1,0,0,0,0,1,0,0.3249819535248506,0.11035082147057071,0.873508353221957,1.0
0,1,0,1,0,1,0,0,0,0,1,0,0,0,0,1,0,0.11269094025861127,0.13713179783598778,0.8186157517899761,1.0
0,1,0,0,0,0,0,0,0,0,1,0,0,0,0,1,0,0.3488073887686532,0.12046063647533535,0.532219570405728,1.0
0,0,0,0,0,0,0,0,0,0,1,0,0,0,0,1,0,0.19793204286761648,0.18152521695280704,0.8305489260143197,0.5943204868154158
0,1,0,0,0,0,0,0,0,0,0,0,1,0,0,1,0,0.42516367773457536,0.09961679898442773,0.532219570405728,1.0
0,0,0,0,0,0,0,0,0,0,1,0,0,0,1,0,0,0.5126846355632521,0.07566550463117612,0.6157517899761338,1.0
0,1,1,0,0,0,0,0,0,0,1,0,0,0,0,1,0,0.20914319053389901,0.18013582057191527,0.45823389021479716,1.0
0,1,0,0,0,0,0,0,0,0,0,0,1,0,0,1,0,0.18461388893170846,0.13788715023484224,0.5823389021479712,1.0
0,0,0,0,0,0,0,0,0,0,1,0,0,0,0,1,0,0.43177401769814316,0.08791413386767091,0.8138424821002386,1.0
0,0,0,0,0,0,0,0,0,0,1,0,0,0,1,0,0,0.4369191538863603,0.09685289957687147,0.8138424821002386,1.0
0,0,0,0,0,0,0,0,1,0,0,0,0,0,0,1,0,0.21960401558646706,0.10539449786014485,0.9069212410501193,1.0
0,0,0,0,0,0,0,1,0,0,0,0,0,0,0,1,0,0.26001561095269776,0.14126170910059635,0.8830548926014319,0.12981744421906694
1,0,1,0,0,0,0,0,0,0,1,0,0,0,0,1,0,0.13244523913987696,0.21090661994044266,0.5966587112171837,0.15010141987829617
1,0,1,0,0,0,0,0,0,0,1,0,0,0,0,1,0,0.12267203067928038,0.30236047987943565,0.8520286396181382,0.12170385395537527
0,0,0,0,0,0,0,0,0,0,1,0,0,0,0,1,0,0.30967637876089454,0.06585059292735863,0.8830548926014319,1.0
0,0,0,0,0,0,0,0,1,0,0,0,0,0,0,1,0,0.21088072100579505,0.1730575339024244,0.8042959427207637,0.3914807302231238
0,1,0,0,0,0,0,0,0,0,1,0,0,0,0,1,0,0.29464248573278684,0.12498230475755709,0.47016706443914075,1.0
0,0,0,0,0,0,0,0,0,0,1,0,0,0,0,1,0,0.23316745617848816,0.09060045910843827,0.47016706443914075,1.0
0,0,0,0,0,0,0,0,0,0,1,0,0,0,0,1,0,0.1322989434781483,0.2139712638882619,0.8520286396181382,0.12170385395537527
0,1,0,0,0,0,0,0,0,1,0,0,0,0,0,1,0,0.49791233606703494,0.0594095667015738,0.7255369928400954,1.0
0,0,0,0,0,0,0,0,0,0,1,0,0,0,0,1,0,0.3723388704442371,0.06830178878568799,0.8830548926014319,1.0
0,1,0,0,0,0,0,0,0,0,0,0,1,0,0,1,0,0.11693827143115675,0.2955823551435969,0.9069212410501193,1.0
0,1,0,0,0,0,0,0,0,0,1,0,0,0,0,1,0,0.19178318644688178,0.07126779996857115,0.8830548926014319,1.0
0,0,0,0,0,0,0,0,0,0,1,0,0,0,0,1,0,0.4710209529546744,0.08620545621669354,0.6515513126491648,0.5943204868154158
0,0,0,0,0,0,0,0,0,0,0,1,0,0,0,1,0,0.1927525682064095,0.20637854872905426,0.5966587112171837,0.5943204868154158
0,0,0,0,0,0,0,0,0,0,1,0,0,0,0,1,0,0.39685202982795287,0.09966753379140904,0.8042959427207637,1.0
0,0,0,0,0,0,0,0,0,1,0,0,0,0,0,1,0,0.3205837327969589,0.0749418383150564,0.8830548926014319,1.0
0,1,0,1,0,1,0,0,0,0,1,0,0,0,0,1,0,0.0842878192024605,0.31356298831182544,0.5465393794749402,1.0
0,1,0,0,0,0,0,0,0,0,1,0,0,0,0,1,0,0.2547292630907388,0.11164701612225071,0.8830548926014319,0.3914807302231238
0,0,0,0,0,0,0,0,0,0,1,0,0,0,0,1,0,0.4653574715835168,0.08536442126276472,0.6515513126491648,1.0
0,0,0,0,0,0,0,0,0,0,1,0,0,0,0,1,0,0.2454520721222782,0.10705265978801284,0.6515513126491648,0.15415821501014199
0,1,0,0,0,0,0,0,0,0,1,0,0,0,0,1,0,0.1921645579736707,0.19605546964473652,0.18377088305489264,0.5943204868154158
0,0,0,0,0,0,0,0,0,0,1,0,0,0,0,1,0,0.26412106404929003,0.08788254770982246,0.8878281622911692,1.0
0,1,0,0,0,0,0,0,0,0,1,0,0,0,0,1,0,0.30818310052855563,0.12175527590686457,0.7875894988066825,0.5943204868154158
0,0,0,0,0,0,0,0,0,0,1,0,0,0,0,1,0,0.36593942040304556,0.11375658419096306,0.8138424821002386,1.0
0,1,0,0,0,0,0,0,0,0,0,0,1,0,0,1,0,0.1514640552145772,0.22301467629654514,0.47016706443914075,1.0
0,1,0,0,0,0,0,0,0,0,0,1,0,0,0,1,0,0.20443684163393686,0.19185723421215792,0.7875894988066825,1.0
0,0,0,0,0,0,0,0,0,0,1,0,0,0,0,1,0,0.4631985648681666,0.08727529930274594,0.8424821002386635,1.0
1,0,1,0,0,0,0,0,0,0,1,0,0,0,0,1,0,0.07705608242215621,0.4261967966537048,0.3842482100238663,0.14198782961460446
0,1,0,0,0,0,0,0,1,0,0,0,0,0,0,1,0,0.23999418322200067,0.1700324158055351,0.8544152744630071,1.0
0,1,0,0,0,0,0,0,1,0,0,0,0,0,0,1,0,0.45248401137553973,0.08402472868828469,0.3842482100238663,1.0
0,1,1,0,0,0,0,0,1,0,0,0,0,0,0,1,0,0.11606330456686366,0.2787304584522567,0.8544152744630071,1.0
0,1,0,0,0,0,0,0,1,0,0,0,0,0,0,1,0,0.4239580056119905,0.09779544301229118,0.8019093078758948,1.0
0,0,1,0,0,0,0,0,0,0,1,0,0,0,0,1,0,0.21790611709907592,0.17215356512431326,0.8424821002386635,1.0
0,1,0,0,0,0,0,0,0,0,1,0,0,0,0,1,0,0.372683935388656,0.07717461894784947,0.8568019093078758,0.5943204868154158
0,1,0,0,0,0,0,0,0,0,1,0,0,0,0,1,0,0.2551232554881881,0.1609747258747478,0.6968973747016707,0.5943204868154158
0,0,0,0,0,0,0,0,0,0,1,0,0,0,0,1,0,0.44643243139357053,0.06868180578102569,0.6945107398568018,1.0
0,0,0,0,0,0,0,0,0,0,1,0,0,0,0,1,0,0.43772924218976045,0.08306796091338926,0.8019093078758948,1.0
0,0,0,0,0,0,0,0,0,0,1,0,0,0,1,0,0,0.30802414860189753,0.13446634897292453,0.8114558472553699,1.0
0,0,1,0,0,0,0,0,0,0,1,0,0,0,0,1,0,0.30180790946559816,0.08149302292736449,0.6945107398568018,1.0
0,1,1,0,0,0,0,0,1,0,0,0,0,0,0,1,0,0.19718942010060586,0.19395922872063068,0.8544152744630071,1.0
0,0,0,0,0,1,0,0,1,0,0,0,0,0,0,1,0,0.16442593109794726,0.23431420159364577,0.8377088305489258,0.797160243407708
0,1,0,0,0,0,0,0,1,0,0,0,0,0,0,1,0,0.42265083338796133,0.09870472621006755,0.48210023866348445,1.0
0,0,0,0,0,0,0,0,0,0,1,0,0,0,0,1,0,0.3706615360084748,0.11279829454914114,0.8019093078758948,1.0
0,0,1,0,0,0,0,0,0,0,1,0,0,0,0,1,0,0.36270369614189774,0.11385945705909468,0.8305489260143197,1.0
0,1,1,0,0,0,0,0,0,0,1,0,0,0,0,1,0,0.4153819790204821,0.09672576100547342,0.7971360381861574,0.5943204868154158
0,0,0,0,0,0,0,0,0,0,1,0,0,0,0,1,0,0.3246058940440384,0.09758191346228372,0.8305489260143197,1.0
1,0,1,0,0,0,0,0,0,0,1,0,0,0,0,1,0,0.19976062237108427,0.1471612147169207,0.8568019093078758,0.1237322515212982
0,0,0,0,0,0,0,0,0,0,1,0,0,0,0,1,0,0.41608863903674753,0.07830843148244539,0.7971360381861574,0.5943204868154158
0,0,1,0,0,0,0,0,1,0,0,0,0,0,0,1,0,0.18778250334312194,0.21015863568756366,0.8138424821002386,0.5943204868154158
1,0,1,0,0,0,0,0,0,0,1,0,0,0,0,1,0,0.0755159603519269,0.3953212856711823,0.3842482100238663,0.14198782961460446
0,0,0,0,0,0,0,0,0,0,1,0,0,0,0,1,0,0.45700646420139396,0.087770791878193,0.8019093078758948,1.0
0,1,0,0,0,0,0,0,1,0,0,0,0,0,0,1,0,0.1844280428520376,0.1758411833183744,0.8377088305489258,1.0
0,0,0,0,0,0,0,0,0,0,1,0,0,0,0,1,0,0.5109586753736549,0.08357156799254244,0.532219570405728,1.0
1,0,1,0,0,0,0,0,0,0,1,0,0,0,0,1,0,0.136016708288072,0.2788858932725545,0.7780429594272076,0.15618661257606492
0,0,0,0,0,0,0,0,1,0,0,0,0,0,0,1,0,0.26841566971546094,0.1441481050454234,0.8305489260143197,1.0
1,0,1,0,0,0,0,0,0,0,1,0,0,0,0,1,0,0.16250820706610206,0.23073586974626165,0.7780429594272076,0.15618661257606492
0,0,0,0,0,0,0,0,0,0,1,0,0,0,0,1,0,0.28296448284758097,0.10199084174288758,0.8305489260143197,1.0
0,0,0,0,0,0,0,0,0,0,1,0,0,0,0,1,0,0.4007781565657622,0.0959509274401598,0.532219570405728,1.0
0,0,0,0,0,0,0,0,0,0,1,0,0,0,0,1,0,0.15783509995211498,0.24459610293809084,0.47016706443914075,0.15415821501014199
0,0,0,0,0,0,0,0,0,0,1,0,0,0,0,1,0,0.39141322408738866,0.09914380281674202,0.7971360381861574,1.0
0,1,0,0,0,0,0,0,0,0,1,0,0,0,0,1,0,0.4112658083741694,0.08410674980067963,0.8019093078758948,1.0
0,0,0,0,0,0,0,0,0,0,1,0,0,0,0,1,0,0.4637921768337621,0.09135128914283157,0.5823389021479712,1.0
0,0,0,0,0,0,0,0,0,0,1,0,0,0,0,1,0,0.41256038948232016,0.0911866718410387,0.7971360381861574,1.0
0,1,0,0,0,1,0,0,0,0,0,0,1,0,0,1,0,0.09299772597477994,0.37358507234833266,0.8591885441527445,1.0
0,0,0,0,0,0,0,0,0,0,1,0,0,0,0,1,0,0.24531897473858366,0.16195677053663773,0.8782816229116945,1.0
0,0,0,0,0,0,0,0,0,0,1,0,0,0,0,1,0,0.3913192171964447,0.10662769631019287,0.8400954653937946,1.0
0,0,0,0,0,0,0,0,0,0,1,0,0,0,1,0,0,0.531663636800815,0.08032532468993814,0.8782816229116945,1.0
0,1,0,0,0,0,0,0,0,0,0,0,1,0,0,1,0,0.3351053269166161,0.12145094584378635,0.2625298329355608,1.0
0,1,1,0,0,0,0,0,0,0,1,0,0,0,0,1,0,0.35055582046575595,0.11982998910795124,0.7684964200477327,1.0
1,0,1,0,0,0,0,0,0,0,1,0,0,0,0,1,0,0.12415230856087832,0.2565928976009263,0.8591885441527445,0.17038539553752538
0,0,0,0,0,0,0,0,0,0,1,0,0,0,0,1,0,0.36886179645209927,0.11425215168662207,0.8782816229116945,1.0
0,0,0,0,0,0,0,0,0,0,1,0,0,0,0,1,0,0.4171064055079463,0.08683641976213939,0.8472553699284009,1.0
0,0,0,0,0,0,0,0,0,0,1,0,0,0,0,1,0,0.34038295256483075,0.10837882810736126,0.8782816229116945,1.0
0,1,0,0,0,0,0,0,0,0,1,0,0,0,0,1,0,0.30692041295148415,0.10906165229351701,0.8042959427207637,1.0
0,0,0,0,0,1,0,0,0,0,1,0,0,0,0,0,1,0.16952847464080562,0.23224052716288143,0.7684964200477327,1.0
0,1,0,0,0,0,0,0,0,0,1,0,0,0,0,1,0,0.1583950976517838,0.2400756242663094,0.7494033412887828,1.0
0,0,1,0,0,0,0,0,0,1,0,0,0,0,0,1,0,0.17649026261775738,0.12085501502906829,0.8042959427207637,1.0
0,1,0,0,0,0,0,0,1,0,0,0,0,0,0,1,0,0.14859149516677647,0.2589857539628357,0.7255369928400954,1.0
0,0,0,0,0,1,0,0,0,0,1,0,0,0,0,0,1,0.1741012631754739,0.22702060480917835,0.7684964200477327,1.0
0,0,0,0,0,0,0,0,1,0,0,0,0,0,0,1,0,0.2580447113985514,0.15460380134175153,0.6443914081145585,1.0
0,1,0,0,0,1,0,0,1,0,0,0,0,0,0,1,0,0.16824662593065412,0.23351260406151544,0.25298329355608595,0.3914807302231238
0,1,1,0,0,0,0,0,1,0,0,0,0,0,0,1,0,0.25481785096686416,0.16131140374002223,0.477326968973747,0.5943204868154158
1,0,1,0,0,0,0,0,0,0,1,0,0,0,0,1,0,0.22516843107144596,0.18072110626788118,0.8591885441527445,0.17038539553752538
0,0,0,0,0,0,0,0,0,0,1,0,0,0,0,1,0,0.47203891231134215,0.07270092722034775,0.8162291169451072,1.0
0,1,0,0,0,0,0,0,1,0,0,0,0,0,0,1,0,0.26261447926642123,0.14275664719762035,0.7684964200477327,1.0
0,1,0,0,0,0,0,0,0,1,0,0,0,0,0,1,0,0.2860992126210649,0.13050560850542053,0.7494033412887828,1.0
0,1,0,0,0,0,0,0,0,0,1,0,0,0,0,1,0,0.3290601857479048,0.127155979928073,0.7494033412887828,1.0
0,0,0,0,0,0,0,0,0,0,1,0,0,0,0,0,1,0.16486556669624586,0.2378968229919624,0.8615751789976134,1.0
0,1,1,0,0,0,0,0,1,0,0,0,0,0,0,1,0,0.2711384842141099,0.11689234175824373,0.8186157517899761,1.0
0,1,0,0,0,0,0,0,0,0,1,0,0,0,0,1,0,0.2659769591116677,0.1480577304111257,0.8138424821002386,1.0
0,0,0,0,0,0,0,0,0,0,1,0,0,0,0,1,0,0.18030063865595689,0.2202069564893566,0.8878281622911692,0.797160243407708
0,1,0,0,0,0,0,0,0,0,0,0,1,0,0,1,0,0.3086521063496469,0.13456165420549515,0.8186157517899761,1.0
0,0,0,0,0,0,0,0,0,0,1,0,0,0,0,1,0,0.5804840021744041,0.0736420037302584,0.8878281622911692,1.0
0,1,0,0,0,0,0,0,0,0,1,0,0,0,0,1,0,0.3624475598875794,0.11266636194087733,0.8878281622911692,1.0
0,0,1,0,0,0,0,0,0,0,1,0,0,0,0,1,0,0.24312450471550473,0.11396409524363484,0.9069212410501193,1.0
0,1,0,0,0,0,0,0,0,0,1,0,0,0,0,1,0,0.2598591560767892,0.13648356168014208,0.9188544152744629,1.0
0,1,0,0,0,0,0,0,0,0,0,0,1,0,0,1,0,0.4705173167699093,0.08610234476462368,0.6420047732696896,1.0
0,0,0,0,0,0,0,0,0,0,1,0,0,0,0,1,0,0.27203894671344414,0.15032253506205684,0.7875894988066825,1.0
0,0,1,0,0,0,0,0,0,0,1,0,0,0,0,1,0,0.2720056467654405,0.12555383152736285,0.9069212410501193,1.0
0,1,0,0,0,0,0,0,0,0,0,0,1,0,0,1,0,0.10004449499115767,0.31340792885718993,0.7875894988066825,1.0
0,0,0,0,0,0,0,0,1,0,0,0,0,0,0,1,0,0.5375751508843777,0.07950618346463027,0.7804295942720763,1.0
0,0,0,0,0,0,0,0,0,0,1,0,0,0,0,1,0,0.09175712537901265,0.3744609405939111,0.7804295942720763,0.10750507099391482
0,0,0,0,0,0,0,0,0,0,1,0,0,0,0,1,0,0.3953769390347073,0.10382553788288887,0.9069212410501193,1.0
0,1,0,0,0,1,0,0,0,0,1,0,0,0,0,1,0,0.24617602841864233,0.16442533744438942,0.8186157517899761,1.0
0,0,0,0,0,0,0,0,0,0,1,0,0,0,0,1,0,0.1220089669270203,0.2940909536882204,0.5966587112171837,0.15010141987829617
0,0,0,0,0,0,0,0,0,0,1,0,0,0,0,1,0,0.3689395457632263,0.10244090267769382,0.7804295942720763,1.0
0,0,0,0,0,0,0,0,0,0,1,0,0,0,0,1,0,0.10158765738608515,0.33952040538240835,0.9188544152744629,0.13387423935091278
0,1,0,0,0,0,0,0,0,0,0,0,1,0,0,1,0,0.0935739977482523,0.35111843594607806,0.8878281622911692,1.0
0,0,0,0,0,1,0,0,0,0,1,0,0,0,0,1,0,0.21719155047645947,0.13928100956820416,0.9069212410501193,1.0
0,0,0,0,0,0,0,0,0,0,1,0,0,0,0,1,0,0.356549367334395,0.11660163614633179,0.8138424821002386,1.0
0,0,0,0,0,0,0,0,0,0,1,0,0,0,0,1,0,0.3584949003265792,0.0964485350196765,0.5966587112171837,0.5943204868154158
0,1,0,0,0,0,0,0,0,0,0,0,1,0,0,1,0,0.3641046219004577,0.1103805647622862,0.7684964200477327,1.0
0,1,0,0,0,0,0,0,1,0,0,0,0,0,0,1,0,0.2660619921423117,0.12106676252114125,0.7684964200477327,1.0
0,1,1,0,0,0,0,0,0,0,1,0,0,0,0,1,0,0.23276256196906442,0.11076378397493855,0.7708830548926013,1.0
0,0,1,0,0,0,0,0,0,0,1,0,0,0,0,1,0,0.2528309010300297,0.15610379004977715,0.8186157517899761,1.0
0,0,0,0,0,0,0,0,0,0,1,0,0,0,0,1,0,0.34517562983204,0.10707839742237113,0.8186157517899761,1.0
0,0,0,0,0,0,0,0,0,0,1,0,0,0,0,1,0,0.42499280412025325,0.09667547963527033,0.7684964200477327,1.0
0,0,0,0,0,0,0,0,0,0,1,0,0,0,0,1,0,0.4219520730992312,0.09765307596322503,0.6515513126491648,1.0
0,0,0,0,0,0,0,0,0,0,1,0,0,0,1,0,0,0.48688438438312015,0.08745760089499184,0.8138424821002386,1.0
0,0,0,0,0,0,0,0,0,0,1,0,0,0,0,1,0,0.39035438719404364,0.09687579976336917,0.8042959427207637,1.0
0,0,0,0,0,0,0,0,0,0,1,0,0,0,0,1,0,0.13114786759010885,0.2171886481764299,0.5966587112171837,0.15010141987829617
0,0,0,0,0,0,0,0,0,0,1,0,0,0,0,1,0,0.1292005754347734,0.19131054705373393,0.7923627684964201,0.17038539553752538
0,0,0,0,0,1,0,0,0,0,1,0,0,0,0,0,1,0.17102025844515364,0.23054285427069207,0.9785202863961813,1.0
0,0,0,0,0,0,0,0,0,0,1,0,0,0,0,1,0,0.2662702141258441,0.1297593392590605,0.7923627684964201,0.5943204868154158
0,1,1,0,0,0,0,0,0,0,1,0,0,0,0,1,0,0.2979882417359846,0.10260690342690851,0.9785202863961813,0.797160243407708
0,1,0,0,0,0,0,0,0,0,1,0,0,0,0,1,0,0.22456543678174706,0.17459096427274146,0.8257756563245822,1.0
0,0,0,0,0,0,0,0,0,0,1,0,0,0,0,1,0,0.5058197451130421,0.07471108797950332,0.5489260143198089,1.0
0,0,1,0,0,1,0,0,0,0,1,0,0,0,0,1,0,0.16465254497707088,0.09894862800237353,0.6945107398568018,1.0
0,0,0,0,0,0,0,0,0,0,1,0,0,0,0,1,0,0.4529917848340885,0.093734107347002,0.5393794749403342,1.0
0,1,0,0,0,1,0,0,0,0,0,0,1,0,0,1,0,0.22392589676685234,0.1764515713794159,0.8257756563245822,1.0
0,0,0,0,0,0,0,0,0,0,1,0,0,0,0,1,0,0.35189258288703934,0.09940712528423443,0.8424821002386635,0.797160243407708
1,0,1,0,0,0,0,0,0,0,1,0,0,0,0,1,0,0.20808450723949234,0.09621653734518366,0.35083532219570407,0.15821501014198783
0,0,0,0,0,0,0,0,0,0,1,0,0,0,0,1,0,0.17715134828435233,0.13644304511889196,0.8066825775656323,0.3914807302231238
0,0,0,0,0,0,0,0,0,0,1,0,0,0,0,1,0,0.5709366725398627,0.07506624093823873,0.6945107398568018,1.0
0,1,0,0,0,0,0,0,0,0,1,0,0,0,0,1,0,0.20273008623288075,0.1778821405360666,0.6945107398568018,1.0
0,1,0,0,0,0,0,0,0,0,1,0,0,0,0,1,0,0.204126026528483,0.11690909131290907,0.8257756563245822,1.0
0,0,0,0,0,0,0,0,0,0,1,0,0,0,0,1,0,0.34526844530141965,0.08368636574750361,0.5894988066825775,1.0
0,0,0,0,0,1,0,0,0,0,1,0,0,0,0,0,1,0.17412656833427065,0.22696905281620985,0.8520286396181382,1.0
0,1,0,0,0,0,0,0,0,0,1,0,0,0,0,1,0,0.21461833895337312,0.17562111371911995,0.8257756563245822,1.0
0,0,1,0,0,0,0,0,0,0,1,0,0,0,0,1,0,0.18127819767100564,0.20740820632530035,0.8520286396181382,0.797160243407708
0,1,0,0,0,0,0,0,1,0,0,0,0,0,0,1,0,0.28062187315744275,0.14778827540642114,0.7971360381861574,1.0
0,0,0,0,0,0,0,0,0,0,1,0,0,0,0,1,0,0.33220086481477096,0.12444865430885681,0.7971360381861574,1.0
0,0,0,0,0,0,0,0,0,0,1,0,0,0,0,1,0,0.2993249081719272,0.12397868327387854,0.8520286396181382,0.797160243407708
0,0,0,0,0,0,0,0,0,0,1,0,0,0,0,1,0,0.333035640790093,0.123878066858857,0.8400954653937946,1.0
0,1,0,0,0,1,0,0,0,0,1,0,0,0,0,1,0,0.30942245530463075,0.1327805283544208,0.9785202863961813,1.0
0,0,0,0,0,0,0,0,0,0,1,0,0,0,0,1,0,0.14411731292203772,0.24133548719492612,0.7923627684964201,0.17038539553752538
0,1,1,0,0,1,0,0,1,0,0,0,0,0,0,1,0,0.2752384870558133,0.14579379513634727,0.3484486873508353,1.0
0,0,0,0,0,0,0,0,1,0,0,0,0,0,0,1,0,0.3403795924763987,0.12250861479492081,0.6849642004773271,1.0
0,1,0,0,0,0,0,0,0,0,1,0,0,0,0,1,0,0.35279620325457595,0.11655935047992974,0.7350835322195703,1.0
0,1,0,0,0,0,0,0,0,0,0,0,1,0,0,1,0,0.11348641217455431,0.25954262373462506,0.7923627684964201,1.0
0,1,0,0,0,1,0,0,0,0,0,0,1,0,0,1,0,0.05129841984928309,0.5412676580578124,0.2673031026252984,1.0
0,0,0,0,0,1,0,0,0,0,1,0,0,0,0,1,0,0.24617602841864233,0.16442533744438942,0.6801909307875893,1.0
0,0,1,0,0,0,0,0,0,0,1,0,0,0,0,1,0,0.47358263070064704,0.08999280350159404,0.7350835322195703,0.797160243407708
0,1,0,0,0,0,0,0,0,0,0,0,1,0,0,1,0,0.19287917507641195,0.2049237461602457,0.6968973747016707,0.5943204868154158
0,1,0,0,0,0,0,0,0,0,1,0,0,0,0,1,0,0.3717898289977687,0.11216399811087796,0.6491646778042959,1.0
0,1,0,0,0,0,0,0,1,0,0,0,0,0,0,1,0,0.2182087582623294,0.14849421513595026,0.5226730310262531,1.0
0,0,0,0,0,0,0,0,0,0,1,0,0,0,0,1,0,0.2696145751533861,0.14451184351933033,0.8186157517899761,1.0
0,0,0,0,0,0,0,0,0,0,1,0,0,0,1,0,0,0.35533586552393254,0.09616204182858434,0.7613365155131264,1.0
0,0,0,0,0,0,0,0,0,0,1,0,0,0,0,1,0,0.3011474353567578,0.1314067458264654,0.8186157517899761,1.0
0,1,0,0,0,0,0,0,1,0,0,0,0,0,0,1,0,0.23230867765741503,0.1751037100560487,0.7350835322195703,1.0
0,0,0,0,0,1,0,0,0,0,1,0,0,0,0,1,0,0.0970867358305802,0.36287283924307806,0.7923627684964201,0.11967545638945236
0,0,0,0,0,0,0,0,0,0,1,0,0,0,0,1,0,0.2497840852941423,0.1645022508795511,0.6849642004773271,1.0
0,1,0,0,0,0,0,0,1,0,0,0,0,0,0,1,0,0.27291583873368935,0.1516423026784417,0.7446300715990453,1.0
0,0,1,0,0,0,0,0,0,0,1,0,0,0,0,1,0,0.37789943895153527,0.1100597489630106,0.7613365155131264,1.0
1,0,1,0,0,0,0,0,0,0,1,0,0,0,0,1,0,0.14386880296616802,0.22986412378026497,0.8711217183770883,0.14807302231237324
0,1,0,0,0,0,0,0,1,0,0,0,0,0,0,1,0,0.3960890129636906,0.10271179162449187,0.8186157517899761,1.0
0,1,0,0,0,0,0,0,0,0,1,0,0,0,0,1,0,0.1445906612614179,0.24782156392724614,0.8520286396181382,1.0
0,0,0,0,0,0,0,0,0,0,1,0,0,0,0,1,0,0.4461012337508369,0.07383388546319329,0.8186157517899761,1.0
0,0,0,0,0,0,0,0,0,0,1,0,0,0,0,1,0,0.14217151115402454,0.19842554311246377,0.8711217183770883,1.0
1,0,1,0,0,0,0,0,0,0,1,0,0,0,0,1,0,0.11269094025861133,0.31537763556438725,0.5465393794749402,0.16024340770791076
0,0,0,0,0,0,0,0,0,0,1,0,0,0,0,1,0,0.45392424179518537,0.0877132334814567,0.665871121718377,1.0
0,0,0,0,0,0,0,0,0,0,1,0,0,0,0,1,0,0.42752199689860565,0.09226413400970677,0.8138424821002386,1.0
0,1,0,0,0,0,0,0,1,0,0,0,0,0,0,1,0,0.1574607534333875,0.15229830536088734,0.8854415274463008,1.0
0,0,0,0,0,0,0,0,0,0,1,0,0,0,0,1,0,0.23330708729471725,0.05629382397200099,0.8878281622911692,1.0
0,1,1,0,0,0,0,0,1,0,0,0,0,0,0,1,0,0.2749089998767253,0.08297688330543114,0.8138424821002386,1.0
0,1,0,0,0,0,0,0,0,0,1,0,0,0,0,1,0,0.2886827747761783,0.12633110335038267,0.8854415274463008,1.0
0,0,0,0,0,0,0,0,0,0,1,0,0,0,0,1,0,0.3086557966056765,0.13396905449432603,0.8878281622911692,1.0
0,0,0,0,0,0,0,0,0,0,1,0,0,0,1,0,0,0.5532012072336667,0.07709587912193011,0.9069212410501193,1.0
0,0,0,0,0,0,0,0,0,0,1,0,0,0,0,1,0,0.3537364640618969,0.10703879031021887,0.9164677804295942,0.797160243407708
0,0,1,1,0,1,0,0,0,0,1,0,0,0,0,1,0,0.12108754696644013,0.286022425229717,0.9069212410501193,0.5943204868154158
0,0,1,0,0,0,0,0,1,0,0,0,0,0,0,1,0,0.27881806963120065,0.09018635153159164,0.8854415274463008,1.0
0,1,0,0,0,0,0,0,0,0,1,0,0,0,0,1,0,0.19960465889377363,0.1936706847183746,0.8830548926014319,1.0
0,0,0,0,0,0,0,0,1,0,0,0,0,0,0,1,0,0.11156882952040019,0.30284467168411794,0.8878281622911692,1.0
0,0,0,0,0,0,0,0,0,0,1,0,0,0,0,1,0,0.2979844253944913,0.11981869809966912,0.7684964200477327,1.0
0,0,1,0,0,1,0,0,0,0,1,0,0,0,0,1,0,0.22468515994804103,0.15378233001007022,0.8878281622911692,1.0
0,0,0,0,0,0,0,0,0,0,1,0,0,0,0,1,0,0.17569517715401978,0.215284762586329,0.9069212410501193,0.15010141987829617
0,0,0,0,0,0,0,0,0,0,1,0,0,0,0,1,0,0.29897510849785286,0.07539053577377303,0.9069212410501193,1.0
0,0,0,0,0,0,0,0,0,0,1,0,0,0,0,1,0,0.38419353056573324,0.0791066125571973,0.9307875894988065,1.0
0,0,1,0,0,0,0,0,0,0,1,0,0,0,0,1,0,0.29154858023783714,0.1373687842891084,0.8878281622911692,1.0
0,0,1,0,0,1,0,0,1,0,0,0,0,0,0,1,0,0.1305236331337699,0.28753706647694144,0.5465393794749402,0.5943204868154158
0,0,0,0,0,0,0,0,0,0,1,0,0,0,0,1,0,0.2470393917943401,0.12765269577277855,0.7684964200477327,0.797160243407708
0,0,0,0,0,0,0,0,0,0,1,0,0,0,0,1,0,0.39386148135912036,0.09564368904103492,0.9069212410501193,1.0
0,0,0,0,0,0,0,0,0,0,1,0,0,0,0,1,0,0.2065409387621455,0.1953516777808268,0.6157517899761338,0.16227180527383367
0,0,1,0,0,0,0,0,0,0,1,0,0,0,0,1,0,0.25960255061995346,0.15693052539681704,0.7470167064439142,1.0
0,1,0,0,0,0,0,0,1,0,0,0,0,0,0,1,0,0.22203723675751802,0.11987541399146001,0.8138424821002386,1.0
0,1,1,0,0,1,0,0,0,0,1,0,0,0,0,1,0,0.25237989721505943,0.14559334156935014,0.9307875894988065,1.0
0,1,0,0,0,0,0,0,1,0,0,0,0,0,0,1,0,0.336572316547014,0.0786387943320424,0.7684964200477327,1.0
0,0,0,0,0,0,0,0,0,0,1,0,0,0,0,1,0,0.3888673430101717,0.10195911295369779,0.9307875894988065,1.0
0,1,1,0,0,0,0,0,0,0,1,0,0,0,0,1,0,0.3203843823812749,0.12293978072839208,0.8544152744630071,1.0
1,0,1,0,0,0,0,0,0,0,1,0,0,0,0,1,0,0.15014282336255366,0.2516457366357005,0.7923627684964201,0.17038539553752538
0,0,0,0,0,0,0,0,0,0,1,0,0,0,0,1,0,0.4088844690482237,0.10359961627781324,0.9785202863961813,1.0
0,0,1,0,0,0,0,0,0,0,1,0,0,0,0,1,0,0.33639225204527917,0.12213034619920031,0.8019093078758948,1.0
0,1,0,0,0,0,0,0,0,0,1,0,0,0,0,1,0,0.23511517648468175,0.12029322071284376,0.8544152744630071,1.0
0,0,0,0,0,1,0,1,0,0,0,0,0,0,0,1,0,0.12773936392895707,0.23769794068790762,0.6945107398568018,0.10344827586206898
0,0,0,0,0,0,0,0,0,0,1,0,0,0,0,1,0,0.20561067958065754,0.1235427126513333,0.8424821002386635,1.0
0,1,0,0,0,0,0,0,0,0,1,0,0,0,0,1,0,0.19617252867526028,0.20415262552791483,0.6921241050119331,1.0
0,0,0,0,0,0,0,0,0,0,1,0,0,0,0,1,0,0.41614401428074915,0.0956906141005168,0.8424821002386635,1.0
0,0,0,0,0,1,0,0,0,0,1,0,0,0,0,1,0,0.2979080887660365,0.11397632447561418,0.8424821002386635,1.0
0,0,0,0,0,0,0,0,0,0,1,0,0,0,0,1,0,0.43657568102788724,0.08963156396849307,0.8400954653937946,1.0
0,1,0,0,0,0,0,0,0,0,1,0,0,0,0,1,0,0.31673234602691974,0.1317870153214519,0.8019093078758948,0.797160243407708
0,0,0,0,0,0,0,0,0,0,1,0,0,0,0,1,0,0.43852998607893234,0.09555034789766294,0.8019093078758948,0.797160243407708
0,0,0,0,0,0,0,0,1,0,0,0,0,0,0,1,0,0.14180540381536655,0.2699418817129677,0.7875894988066825,0.5943204868154158
0,0,0,0,0,0,0,0,0,0,1,0,0,0,0,1,0,0.257571673175235,0.11640040395242944,0.8424821002386635,1.0
0,0,0,0,0,0,0,0,0,0,1,0,0,0,0,1,0,0.20672975613065678,0.1894440447814272,0.8544152744630071,1.0
0,0,0,0,0,0,0,0,0,0,1,0,0,0,0,1,0,0.09327516526460955,0.36772797519686445,0.8544152744630071,0.11359026369168358
0,0,0,0,0,0,0,0,0,0,1,0,0,0,0,1,0,0.22161323522300003,0.18061494518427357,0.8544152744630071,1.0
0,1,0,0,0,0,0,0,0,0,1,0,0,0,0,1,0,0.4092335196778765,0.07899203625246645,0.42482100238663484,1.0
0,0,0,0,0,0,0,0,0,0,1,0,0,0,0,1,0,0.3131669624059641,0.13336917551996338,0.8400954653937946,1.0
0,1,0,1,0,1,0,0,0,0,1,0,0,0,0,1,0,0.0797824776573904,0.3976944472028194,0.9785202863961813,1.0
0,0,0,0,0,0,0,0,0,0,1,0,0,0,0,1,0,0.2947774742241857,0.09991511041338998,0.8424821002386635,0.797160243407708
0,0,0,0,0,0,0,0,0,0,1,0,0,0,0,1,0,0.49877708474698584,0.08277435451184006,0.5966587112171837,1.0
0,0,1,0,0,0,0,0,0,0,1,0,0,0,0,1,0,0.4362002036902403,0.09138854685929343,0.6921241050119331,0.797160243407708
0,0,0,0,0,0,0,0,0,0,1,0,0,0,0,1,0,0.443200839944529,0.0789000149547307,0.9785202863961813,1.0
0,1,0,0,0,0,0,0,1,0,0,0,0,0,0,1,0,0.4337120318491018,0.08092254671548324,0.8377088305489258,1.0
0,0,1,0,0,0,0,0,0,0,1,0,0,0,0,1,0,0.4312393850928288,0.09174867170240354,1.0,1.0
0,1,0,0,0,0,0,0,0,0,1,0,0,0,0,1,0,0.3979433204729704,0.06520551818337764,0.7708830548926013,1.0
0,0,1,0,0,1,0,0,0,0,1,0,0,0,0,1,0,0.14595769334362033,0.24237777823239148,1.0,1.0
0,0,0,0,0,0,0,0,0,0,1,0,0,0,0,1,0,0.3233622785709321,0.11698226229761877,1.0,1.0
1,0,1,0,0,0,0,0,0,0,1,0,0,0,0,1,0,0.12193023239543603,0.30479308623381385,,
0,0,0,0,0,0,0,0,0,0,1,0,0,0,0,1,0,0.13860353658011895,0.27520321474338216,0.28162291169451076,0.1440162271805274
0,1,0,0,0,0,0,0,0,0,1,0,0,0,0,1,0,0.25135897379059974,0.1568749025524473,0.32696897374701667,1.0
0,0,0,0,0,0,0,0,0,0,1,0,0,0,0,1,0,0.3090246094651165,0.08302683556194927,0.9188544152744629,0.797160243407708
0,0,0,0,0,0,0,0,0,0,1,0,0,0,0,1,0,0.18621931878613757,0.1873330543940735,0.9188544152744629,0.797160243407708
0,1,0,1,0,0,0,0,0,0,1,0,0,0,0,1,0,0.08706660388222859,0.09294458065555872,0.5178997613365155,1.0
0,1,0,0,0,0,0,0,0,0,1,0,0,0,0,1,0,0.33171556513274525,0.10620117438518588,1.0,1.0
0,1,0,0,0,0,0,0,1,0,0,0,0,0,0,1,0,0.3162892270079286,0.12357934362545692,0.6181384248210025,0.5943204868154158
0,0,0,0,0,0,0,0,0,0,1,0,0,0,0,1,0,0.381829925498577,0.0935251775318503,0.5178997613365155,1.0
0,1,0,0,0,0,0,0,1,0,0,0,0,0,0,1,0,0.19540662310365647,0.17107171235823343,0.2649164677804296,0.5943204868154158
0,0,0,0,0,0,0,0,0,0,1,0,0,0,1,0,0,0.43693764115972017,0.08562205183291617,0.863961813842482,1.0
0,1,1,0,0,0,0,0,0,0,1,0,0,0,0,1,0,0.1659335108091941,0.22639841038141845,0.8138424821002386,1.0
0,1,0,0,0,0,0,0,0,0,1,0,0,0,0,1,0,0.4277485099624855,0.0844476911824091,,1.0
1,0,1,0,0,0,0,0,0,0,1,0,0,0,0,1,0,0.11142667586110534,0.2373356968030125,0.32696897374701667,0.15618661257606492
0,0,0,0,0,0,0,0,1,0,0,0,0,0,0,1,0,0.46145837338800744,0.07682769876068984,0.863961813842482,1.0
0,0,0,0,0,0,0,0,1,0,0,0,0,0,0,1,0,0.15867786193297775,0.24421704563654328,0.9188544152744629,1.0
0,1,1,0,0,0,0,0,0,0,0,0,1,0,0,1,0,0.12955734342466307,0.2845970141287856,0.8520286396181382,1.0
1,0,1,0,0,0,0,0,0,0,1,0,0,0,0,1,0,0.11464730490793838,0.31058049311812824,0.7613365155131264,0.14604462474645033
0,0,0,0,0,0,0,0,0,0,1,0,0,0,0,1,0,0.18042922315555734,0.21995855567698314,0.28162291169451076,0.1440162271805274
0,1,0,0,0,0,0,0,1,0,0,0,0,0,0,1,0,0.08388789546734376,0.25295699494125246,0.8066825775656323,0.3914807302231238
0,0,0,0,0,0,0,0,1,0,0,0,0,0,0,1,0,0.37920992599477776,0.11099885921413712,0.7947494033412885,0.5943204868154158
0,1,0,0,0,0,0,0,0,0,1,0,0,0,0,1,0,0.1529531052153316,0.23062999590866629,0.9188544152744629,1.0
0,0,0,0,0,0,0,0,0,0,1,0,0,0,0,1,0,0.3571979413012624,0.11483487546647504,0.8042959427207637,1.0
0,0,0,0,0,0,0,0,0,0,1,0,0,0,0,1,0,0.3152023323387115,0.08240412866339045,0.863961813842482,1.0
0,0,0,0,0,0,0,0,0,0,1,0,0,0,1,0,0,0.3052688483402403,0.13606546640336514,0.7947494033412885,1.0
0,0,0,0,0,0,0,0,0,0,1,0,0,0,1,0,0,0.5111424129127164,0.08232394654022814,0.863961813842482,1.0
0,0,0,0,0,0,0,0,0,0,1,0,0,0,0,1,0,0.4579865078817158,0.08328812659271505,0.4797136038186158,1.0
0,0,1,0,0,0,0,0,0,0,1,0,0,0,0,1,0,0.4102312306718693,0.10153496470322233,0.7613365155131264,1.0
0,0,0,0,0,0,0,0,0,0,1,0,0,0,0,1,0,0.38523290427318385,0.09196472500552495,0.8377088305489258,1.0
0,1,0,0,0,1,0,0,0,0,0,0,1,0,0,1,0,0.16935980929552716,0.16892863945616418,0.9188544152744629,0.797160243407708
1,0,1,0,0,0,0,0,0,0,1,0,0,0,0,1,0,0.07271062876378563,0.44223108768657077,0.8520286396181382,0.15618661257606492
0,0,0,0,0,0,0,0,0,0,0,0,1,0,0,1,0,0.12133387131307054,0.187139883672012,0.7971360381861574,1.0
0,0,0,0,0,0,0,0,0,0,1,0,0,0,0,1,0,0.15283903408185637,0.21786114073519985,0.8520286396181382,0.15618661257606492
0,1,0,0,0,0,0,0,0,0,0,0,1,0,0,1,0,0.23036783775519032,0.1335017228067887,0.8066825775656323,1.0
0,0,0,0,0,0,0,0,0,0,1,0,0,0,0,1,0,0.39804448739206083,0.10290385746511704,0.9188544152744629,1.0
0,1,1,0,0,0,0,0,0,0,1,0,0,0,0,1,0,0.4532594832271748,0.06175731789639129,0.863961813842482,1.0
0,1,1,0,0,0,0,0,0,0,1,0,0,0,0,1,0,0.23538263486644853,0.10093660058194574,0.6324582338902147,1.0
0,0,0,0,0,0,0,0,0,0,1,0,0,0,0,1,0,0.41089880752093133,0.10086882041288886,0.8377088305489258,0.5943204868154158
0,0,1,0,0,0,0,0,0,0,1,0,0,0,0,1,0,0.2602284201122627,0.13530671528253044,0.7971360381861574,1.0
0,0,0,0,0,0,0,0,1,0,0,0,0,0,0,1,0,0.3964924570406968,0.10366006801555167,0.7971360381861574,1.0
0,0,0,0,0,0,0,0,0,0,1,0,0,0,0,1,0,0.40429754757669706,0.10361323131371722,0.8042959427207637,1.0
0,1,0,0,0,0,0,0,0,0,1,0,0,0,0,1,0,0.3788099629775739,0.10667111939420662,0.7947494033412885,1.0
0,1,0,0,0,0,0,0,0,0,1,0,0,0,0,1,0,0.1912735901560841,0.14886607799126714,0.7971360381861574,0.797160243407708
1,0,1,0,0,1,0,0,0,0,1,0,0,0,0,1,0,0.0740704705688123,0.3655417301911117,0.8520286396181382,0.15618661257606492
0,0,0,0,0,0,0,0,0,0,1,0,0,0,0,1,0,0.41392341825939094,0.10124702866074965,0.7947494033412885,1.0
0,0,0,0,0,0,0,0,0,0,1,0,0,0,0,1,0,0.26928275486811915,0.14858882094516432,0.6610978520286397,1.0
1,0,1,0,0,0,0,0,0,0,1,0,0,0,0,1,0,0.08461382602355938,0.4003290535805618,0.8162291169451072,0.13793103448275862
0,1,0,0,0,0,0,0,0,0,1,0,0,0,0,1,0,0.47787492229666073,0.08711263110700859,0.7040572792362769,1.0
0,0,1,0,0,0,0,0,1,0,0,0,0,0,0,1,0,0.1832911984571095,0.20091563221536743,0.7661097852028638,1.0
0,0,1,0,0,0,0,0,1,0,0,0,0,0,0,1,0,0.2572514675318757,0.15383010824145066,0.6491646778042959,0.5943204868154158
0,1,0,0,0,0,0,0,0,0,0,0,1,0,0,1,0,0.23743633152082205,0.11810468801226896,0.486873508353222,1.0
0,1,1,0,0,0,0,0,0,0,0,0,1,0,0,1,0,0.06889939910237908,0.4414749871758514,0.8329355608591884,1.0
0,0,1,0,0,0,0,0,0,1,0,0,0,0,0,1,0,0.18672394409927143,0.19343196615304947,0.8162291169451072,1.0
1,0,1,0,0,0,0,0,0,0,1,0,0,0,0,1,0,0.1102836042942983,0.27454631860465667,0.8162291169451072,0.13793103448275862
0,0,0,0,0,0,0,0,0,0,1,0,0,0,0,1,0,0.10254050315698278,0.3331536611951861,0.5894988066825775,0.1359026369168357
0,0,0,0,0,0,0,0,0,1,0,0,0,0,0,1,0,0.3295734947816013,0.10695093023041197,0.7613365155131264,1.0
0,0,0,0,0,0,0,0,1,0,0,0,0,0,0,1,0,0.440777141911801,0.09619819696559766,0.6563245823389021,1.0
0,1,1,0,0,0,0,0,0,0,0,0,1,0,0,1,0,0.1369653597537662,0.25875971359842365,0.8329355608591884,1.0
0,0,0,0,0,0,0,0,0,0,1,0,0,0,0,1,0,0.3496171646253198,0.11133694285942232,0.7613365155131264,0.5943204868154158
0,0,0,0,0,0,0,0,0,0,1,0,0,0,0,1,0,0.23183458770904275,0.1690848223738816,0.5704057279236276,0.1237322515212982
0,0,0,0,0,0,0,0,1,0,0,0,0,0,0,1,0,0.16177859675618228,0.10248028886910025,0.7804295942720763,1.0
0,0,0,0,0,0,0,0,0,0,1,0,0,0,1,0,0,0.4628864980688992,0.09083198640863989,0.7422434367541766,1.0
0,1,0,0,0,0,0,0,1,0,0,0,0,0,0,1,0,0.23488569789617608,0.17366802508987728,0.7613365155131264,1.0
0,1,0,0,0,0,0,0,0,0,1,0,0,0,0,1,0,0.3501963426441845,0.10227221104419966,0.7613365155131264,1.0
0,1,0,0,0,1,0,0,0,0,1,0,0,0,0,1,0,0.2626919394123817,0.13706292538450154,0.7613365155131264,0.5943204868154158
0,0,0,0,0,0,0,0,0,0,1,0,0,0,0,1,0,0.3411750450426009,0.09867268804250319,0.7875894988066825,1.0
0,1,0,0,0,0,0,0,0,0,1,0,0,0,0,1,0,0.41801152531685715,0.10146443942810804,0.8615751789976134,1.0
0,0,0,0,0,0,0,0,0,0,1,0,0,0,0,1,0,0.24390115380793698,0.09021819973590188,0.9164677804295942,1.0
0,0,0,0,0,0,0,0,0,0,1,0,0,0,0,1,0,0.18737511367589896,0.171027873390882,0.7875894988066825,0.1359026369168357
0,1,0,0,0,0,0,0,0,0,0,0,1,0,0,1,0,0.10490428015213242,0.3157878978960852,0.7350835322195703,1.0
0,1,0,0,0,0,0,0,0,0,1,0,0,0,0,1,0,0.4886242588782101,0.08712433764104877,0.7350835322195703,1.0
0,0,0,0,0,0,0,0,0,0,1,0,0,0,0,1,0,0.24006447693025595,0.08774732161269921,0.7875894988066825,0.5943204868154158
0,0,0,0,0,0,0,0,0,0,1,0,0,0,0,1,0,0.08266592654877825,0.39571346269011887,0.7875894988066825,0.1359026369168357
0,0,0,0,0,0,0,0,0,0,1,0,0,0,0,1,0,0.25725585646186483,0.07015562742398933,0.7875894988066825,1.0
1,0,1,0,0,0,0,0,0,0,1,0,0,0,0,1,0,0.11853637596405119,0.3120646411528292,0.25298329355608595,0.15821501014198783
0,1,0,0,0,0,0,0,1,0,0,0,0,0,0,1,0,0.3628553984912903,0.11332503109823212,0.7875894988066825,1.0
0,1,0,0,0,0,0,0,0,0,1,0,0,0,0,1,0,0.3022298894877902,0.09198137048880188,0.6443914081145585,1.0
0,0,0,0,0,0,0,0,1,0,0,0,0,0,0,1,0,0.2449698435542761,0.14541484230247856,0.9164677804295942,0.797160243407708
0,1,0,0,0,0,0,0,1,0,0,0,0,0,0,1,0,0.24308746295574546,0.16012512831901346,0.809069212410501,0.5943204868154158
0,1,0,0,0,0,0,0,0,0,1,0,0,0,0,1,0,0.32118462556284794,0.10187949619296872,0.6133651551312649,1.0
1,0,1,0,0,0,0,0,0,0,1,0,0,0,0,1,0,0.23187332316273074,0.16711834824341862,0.9164677804295942,0.15212981744421905
0,0,0,0,0,0,0,0,0,0,1,0,0,0,0,1,0,0.2313741371846975,0.1292694973568513,0.809069212410501,1.0
0,1,0,0,0,0,0,0,0,0,1,0,0,0,0,1,0,0.4327667335474403,0.09439628093127135,0.5393794749403342,1.0
0,1,0,0,0,0,0,0,0,0,0,0,1,0,0,1,0,0.34362072174229075,0.12088500456274437,0.8615751789976134,1.0
0,0,0,0,0,0,0,0,0,0,1,0,0,0,0,1,0,0.21768529931217165,0.10215533772987359,0.7350835322195703,1.0
0,1,1,0,0,0,0,0,0,0,1,0,0,0,0,1,0,0.08961065390158114,0.33674895111488,0.809069212410501,0.5943204868154158
0,1,0,0,0,0,0,0,0,0,0,0,1,0,0,1,0,0.44118809216305827,0.09634143972770064,0.7804295942720763,1.0
0,0,0,0,0,0,0,0,0,0,1,0,0,0,0,1,0,0.4156453802884705,0.08955092636963843,0.809069212410501,1.0
0,1,0,0,0,0,0,0,0,0,1,0,0,0,0,1,0,0.1637778294758443,0.18675968245644473,0.6157517899761338,1.0
0,1,0,0,0,0,0,0,0,0,0,0,1,0,0,1,0,0.07966834343823052,0.2930525879938459,0.9164677804295942,1.0
1,0,1,0,0,0,0,0,0,0,1,0,0,0,0,1,0,0.07998504155067444,0.4092160482780906,0.9164677804295942,0.15212981744421905
0,0,0,0,0,0,0,0,0,0,1,0,0,0,1,0,0,0.41915951240102156,0.0930061697822503,0.863961813842482,1.0
0,1,0,0,0,0,0,0,0,0,1,0,0,0,0,1,0,0.2923308141427976,0.1207563398325123,0.7684964200477327,0.797160243407708
0,1,0,0,0,1,0,0,0,0,1,0,0,0,0,1,0,0.19031467523082599,0.07237316758145595,0.9164677804295942,1.0
0,0,0,0,0,0,0,0,0,0,1,0,0,0,0,1,0,0.38077858141888055,0.09860872380226812,,1.0
1,0,1,0,0,0,0,0,0,0,1,0,0,0,0,1,0,0.06382849946154821,0.4720362108842179,0.5441527446300716,0.10953346855983774
0,1,0,0,0,0,0,0,0,0,1,0,0,0,0,1,0,0.3490698619758342,0.11838795524314402,0.32696897374701667,1.0
0,0,0,0,0,0,0,0,0,0,1,0,0,0,0,1,0,0.11910057071814077,0.03865852027099493,0.6133651551312649,1.0
0,1,0,0,0,1,0,0,0,0,0,0,1,0,0,1,0,0.39471607415141935,0.09095300234950918,0.863961813842482,1.0
0,0,0,0,0,1,0,0,0,0,1,0,0,0,0,1,0,0.21422229496716433,0.14640930698787194,0.7804295942720763,1.0
0,0,1,0,0,0,0,0,0,0,1,0,0,0,0,1,0,0.3201136452722072,0.1270457737557961,0.32696897374701667,1.0
0,1,1,0,0,0,0,0,0,0,1,0,0,0,0,1,0,0.2535838523435773,0.16186694615393973,0.9164677804295942,1.0
0,0,0,0,0,0,0,0,0,0,1,0,0,0,0,1,0,0.2449376630802973,0.10944567590587577,0.9188544152744629,0.797160243407708
1,0,1,0,0,0,0,0,0,0,1,0,0,0,0,1,0,0.09097856840779447,0.36829967895855636,0.32696897374701667,0.15618661257606492
0,0,0,0,0,0,0,0,0,0,1,0,0,0,0,1,0,0.29347914021996513,0.14090888020158399,0.9188544152744629,1.0
0,0,0,0,0,0,0,0,0,0,1,0,0,0,0,1,0,0.1704469289001307,0.1913291024817107,0.9164677804295942,1.0
0,1,0,0,0,0,0,0,1,0,0,0,0,0,0,1,0,0.30864103532849374,0.13515934777164784,0.6181384248210025,1.0
0,0,0,0,0,1,0,0,0,0,1,0,0,0,0,1,0,0.2636026227842243,0.15198703145549186,0.8377088305489258,1.0
0,0,0,0,0,1,0,0,1,0,0,0,0,0,0,1,0,0.18284429829639895,0.21667801107059093,0.9188544152744629,1.0
0,0,0,0,0,0,0,0,0,0,1,0,0,0,1,0,0,0.3634237395729775,0.10492348034024983,0.7684964200477327,1.0
0,1,0,0,0,0,0,0,0,0,1,0,0,0,0,1,0,0.5232499284845872,0.08167827969735211,0.863961813842482,1.0
0,0,0,0,0,0,0,0,0,0,1,0,0,0,1,0,0,0.3416976638902178,0.11766827186621863,0.8854415274463008,1.0
0,0,0,0,0,0,0,0,1,0,0,0,0,0,0,1,0,0.6182345260839253,0.06802467519028438,0.8377088305489258,1.0
0,0,0,0,0,0,0,0,0,0,1,0,0,0,0,1,0,0.38074539900784427,0.06583870520024666,0.809069212410501,1.0
0,1,0,0,0,1,0,0,1,0,0,0,0,0,0,1,0,0.19057664273674765,0.2051816191213618,0.7995226730310263,1.0
0,1,0,0,0,0,0,0,0,0,1,0,0,0,0,1,0,0.2388715365306186,0.16871480562523647,0.7708830548926013,0.5943204868154158
0,0,1,0,0,0,0,0,0,1,0,0,0,0,0,1,0,0.3321423895531755,0.07166894942650939,1.0,0.797160243407708
0,0,0,0,0,1,0,0,0,0,1,0,0,0,0,0,1,0.17410758978392066,0.2270077149207341,1.0,1.0
0,0,0,0,0,0,0,0,0,0,1,0,0,0,1,0,0,0.4102312306718693,0.09506683843051567,0.8782816229116945,1.0
0,1,0,0,0,0,0,0,0,0,0,1,0,0,0,1,0,0.1613176567966568,0.2098780290986352,0.8782816229116945,0.797160243407708
0,0,0,0,0,0,0,0,0,0,1,0,0,0,1,0,0,0.45677125385341993,0.09050873334675569,0.9188544152744629,1.0
1,0,1,0,0,0,0,0,0,0,1,0,0,0,0,1,0,0.11682922001830458,0.25950210076945096,0.7947494033412885,0.13793103448275862
0,0,0,0,0,0,0,0,0,0,1,0,0,0,0,1,0,0.3266883108304416,0.10259698968728236,0.7398568019093079,1.0
0,1,0,0,0,1,0,0,1,0,0,0,0,0,0,1,0,0.12108754696644018,0.271665059570912,0.7995226730310263,1.0
0,0,0,0,0,0,0,0,0,0,1,0,0,0,0,1,0,0.4272009044268642,0.08363870789342445,0.47255369928400953,0.797160243407708
0,0,0,0,0,0,0,0,0,0,1,0,0,0,0,1,0,0.5008724666122617,0.0643128461911745,0.7398568019093079,1.0
0,0,0,0,0,0,0,0,0,0,1,0,0,0,0,1,0,0.24100921314271162,0.09022744404115686,0.935560859188544,1.0
0,0,0,0,0,0,0,0,1,0,0,0,0,0,0,1,0,0.4935383455984785,0.07986495863578251,0.5823389021479712,1.0
1,0,1,0,0,0,0,0,0,0,1,0,0,0,0,1,0,0.15286755916562278,0.2000072744810367,1.0,0.1237322515212982
0,0,0,0,0,0,0,0,0,0,1,0,0,0,0,1,0,0.4927892285856664,0.06767943208369946,0.5823389021479712,1.0
0,0,0,0,0,0,0,0,0,0,1,0,0,0,0,1,0,0.31141537065329106,0.10121508300209198,0.7804295942720763,1.0
0,1,0,0,0,1,0,0,1,0,0,0,0,0,0,1,0,0.13630193145081737,0.2780673798793517,1.0,1.0
0,0,0,0,0,0,0,0,0,0,1,0,0,0,0,1,0,0.3985903603477639,0.10602973018083611,1.0,1.0
0,0,0,0,0,0,0,0,0,0,1,0,0,0,0,1,0,0.3015514321975388,0.13603512333458162,0.7804295942720763,1.0
0,0,0,0,0,0,0,0,0,0,1,0,0,0,0,1,0,0.2896959374377171,0.12484024166221397,1.0,1.0
0,0,0,0,0,0,0,0,0,0,1,0,0,0,0,1,0,0.35658150164547087,0.11795835143655771,0.9188544152744629,0.797160243407708
0,1,0,0,0,0,0,0,1,0,0,0,0,0,0,1,0,0.2667498112890929,0.1403533585150991,0.8233890214797135,1.0
0,0,0,0,0,0,0,0,0,0,1,0,0,0,0,1,0,0.11806887889172725,0.2794381896409089,0.8233890214797135,0.14198782961460446
0,1,0,0,0,0,0,0,0,0,1,0,0,0,0,1,0,0.2149929073283197,0.18266818785343425,1.0,1.0
1,0,1,0,0,0,0,0,0,0,1,0,0,0,0,1,0,0.1155869019301025,0.3180878693826629,0.6443914081145585,0.14807302231237324
0,1,0,0,0,0,0,0,0,0,0,0,1,0,0,1,0,0.20926584379601257,0.19224317381354078,0.809069212410501,1.0
0,0,0,0,0,0,0,0,0,0,1,0,0,0,0,1,0,0.33710178214156955,0.06688166901913684,0.809069212410501,1.0
0,0,1,0,0,0,0,0,0,0,1,0,0,0,0,1,0,0.19806678609783024,0.20215702159987312,0.7350835322195703,0.5943204868154158
0,1,0,0,0,0,0,0,0,0,0,0,1,0,0,1,0,0.2788302672760348,0.10180172266099972,0.7684964200477327,1.0
0,0,0,0,0,0,0,0,0,0,1,0,0,0,0,1,0,0.16005062277863807,0.21438732607718547,0.7684964200477327,1.0
0,0,0,0,0,0,0,0,0,0,1,0,0,0,0,1,0,0.5301226505653646,0.08055109977302875,0.928400954653938,1.0
0,1,1,0,0,1,0,0,0,0,0,0,1,0,0,1,0,0.08539428191842909,0.35540154220236886,0.9164677804295942,1.0
0,0,0,0,0,0,0,0,0,0,1,0,0,0,0,1,0,0.27528376221859147,0.11363274366024248,0.8854415274463008,1.0
0,0,1,0,0,0,0,0,0,0,1,0,0,0,0,1,0,0.34700102130614263,0.1211348728575782,0.8758949880668256,0.5943204868154158
0,0,1,0,0,0,0,0,0,0,1,0,0,0,0,1,0,0.23424874382067168,0.058146557201402625,0.9164677804295942,1.0
1,0,1,0,0,0,0,0,0,0,1,0,0,0,0,1,0,0.13467844353560546,0.271304283394293,0.6157517899761338,0.16227180527383367
0,1,0,0,0,0,0,0,0,0,0,0,1,0,0,1,0,0.11084691990962113,0.3243653093101128,0.7350835322195703,1.0
0,0,0,0,0,0,0,0,1,0,0,0,0,0,0,1,0,0.35754423943700697,0.11554534153368981,0.809069212410501,1.0
0,0,0,0,0,0,0,0,0,0,1,0,0,0,0,1,0,0.1418970111329262,0.21314200964577756,0.7804295942720763,0.14198782961460446
0,1,1,0,0,0,0,0,1,0,0,0,0,0,0,1,0,0.16181244176698936,0.2070574591275561,0.8758949880668256,0.5943204868154158
0,0,0,0,0,0,0,0,0,0,1,0,0,0,0,1,0,0.15251779065229662,0.2541394924080067,0.5202863961813842,1.0
0,0,0,0,0,0,0,0,0,0,1,0,0,0,0,1,0,0.3784004884671255,0.09428884609711433,0.8854415274463008,1.0
0,1,0,0,0,0,0,0,0,0,0,0,1,0,0,1,0,0.20435509103405058,0.15294509602802883,0.7661097852028638,1.0
0,0,0,0,0,0,1,0,0,0,0,0,0,0,0,1,0,0.14593537705007634,0.2443314464563584,0.7350835322195703,1.0
0,0,1,0,0,0,0,0,0,0,1,0,0,0,0,1,0,0.23860305615319793,0.13408368618993752,0.5918854415274462,1.0
0,0,0,0,0,0,0,0,0,0,1,0,0,0,0,1,0,0.28050061545715377,0.10670818682365062,0.7684964200477327,1.0
0,0,0,0,0,0,0,0,0,0,1,0,0,0,0,1,0,0.3873035805291966,0.10869884404271436,0.6968973747016707,1.0
0,0,0,0,0,0,0,0,0,0,1,0,0,0,0,1,0,0.43985442407510994,0.08262229327394915,0.9307875894988065,1.0
0,0,0,0,0,0,0,0,0,0,1,0,0,0,0,1,0,0.17922577753445887,0.21822137681892154,0.39618138424821,0.13995943204868155
0,0,0,0,0,0,0,0,0,0,1,0,0,0,0,1,0,0.2885883547556719,0.1385829502514454,0.8186157517899761,1.0
1,0,1,0,0,0,0,0,0,0,1,0,0,0,0,1,0,0.11084691990962113,0.3243653093101128,0.39618138424821,0.13995943204868155
0,1,0,0,0,0,0,0,1,0,0,0,0,0,0,1,0,0.13703626878351882,0.13922509324381485,0.7422434367541766,1.0
0,1,0,0,0,1,0,0,0,0,1,0,0,0,0,1,0,0.11877846675564961,0.29837786110813824,0.809069212410501,1.0
0,0,1,0,0,0,0,0,0,0,1,0,0,0,0,1,0,0.21315581880564846,0.1154247917724813,0.6133651551312649,0.5943204868154158
0,1,1,0,0,0,0,0,0,0,0,0,1,0,0,1,0,0.40205669396590143,0.09874698134925868,0.8186157517899761,1.0
1,0,1,0,0,0,0,0,0,0,1,0,0,0,0,1,0,0.09658251712916335,0.1711053846846887,0.5059665871121717,0.14198782961460446
0,0,0,0,0,0,0,0,0,0,1,0,0,0,0,1,0,0.15836058251038693,0.19404647157678706,0.6968973747016707,0.5943204868154158
0,1,0,0,0,1,0,0,0,0,1,0,0,0,0,1,0,0.3661681479616824,0.10390037471143432,0.7684964200477327,1.0
0,0,0,0,0,0,0,0,0,0,1,0,0,0,0,1,0,0.32370093868298166,0.11897562137790586,0.8186157517899761,1.0
0,1,0,0,0,1,0,0,0,0,1,0,0,0,0,1,0,0.05899261232161731,0.45843940188963356,0.9164677804295942,0.797160243407708
0,0,0,0,0,0,0,0,0,0,1,0,0,0,0,1,0,0.31887114367714675,0.1108541385614764,0.8186157517899761,1.0
0,0,0,0,0,0,0,0,0,0,1,0,0,0,0,1,0,0.2527639684349276,0.15783887016253545,0.809069212410501,0.5943204868154158
0,1,0,0,0,0,0,0,0,0,0,0,1,0,0,1,0,0.20632494955123235,0.12002599515998581,0.9164677804295942,0.797160243407708
0,1,0,0,0,0,0,0,0,0,1,0,0,0,0,1,0,0.29894086798418723,0.13756041421224616,0.8186157517899761,1.0
0,0,0,0,0,0,0,0,0,0,1,0,0,0,0,1,0,0.3016231159294024,0.10878364931496487,0.48210023866348445,1.0
0,0,1,0,0,0,0,0,1,0,0,0,0,0,0,1,0,0.2471077905316123,0.10860381657669348,0.809069212410501,1.0
0,0,1,0,0,0,0,0,0,0,1,0,0,0,0,1,0,0.3206513425833271,0.10855961120951657,0.9045346062052504,1.0
0,0,1,0,0,0,0,0,0,0,1,0,0,0,0,1,0,0.173575411732527,0.15451345819867354,0.5894988066825775,1.0
0,1,0,0,0,1,0,0,0,0,0,0,1,0,0,1,0,0.2322458406338437,0.1742471135919851,0.9045346062052504,0.5943204868154158
0,1,0,0,0,0,0,0,1,0,0,0,0,0,0,1,0,0.47154859578369673,0.06518435781924928,0.7947494033412885,1.0
0,0,0,0,0,0,0,0,0,0,1,0,0,0,0,1,0,0.10175214536203539,0.331334648356291,0.8210023866348448,0.14807302231237324
0,0,1,0,0,0,0,0,1,0,0,0,0,0,0,1,0,0.15866407928242374,0.24582537497565468,0.809069212410501,1.0
0,1,0,0,0,0,0,0,1,0,0,0,0,0,0,1,0,0.17186733741996896,0.21854997833391035,0.873508353221957,0.5943204868154158
0,0,0,0,0,0,0,0,0,0,1,0,0,0,0,1,0,0.274356266088158,0.13710768501584125,0.48210023866348445,0.797160243407708
0,1,0,0,0,0,0,0,0,0,1,0,0,0,0,1,0,0.4012602199659849,0.07972058420839827,0.7589498806682577,1.0
0,0,0,0,0,0,0,0,0,0,1,0,0,0,0,1,0,0.16265646243675777,0.23824815769796756,0.8066825775656323,1.0
0,1,0,0,0,0,0,0,0,0,1,0,0,0,0,1,0,0.08496278809062653,0.38931619121894034,0.873508353221957,0.5943204868154158
0,1,0,0,0,0,0,0,1,0,0,0,0,0,0,1,0,0.39764256357895394,0.10574763148440319,0.5417661097852029,1.0
0,0,1,0,0,0,0,0,0,0,1,0,0,0,0,1,0,0.26011986463578907,0.12113862268760303,0.9045346062052504,1.0
0,0,0,0,0,0,0,0,1,0,0,0,0,0,0,1,0,0.4132215412994595,0.0811723312746228,0.7947494033412885,1.0
0,0,0,0,0,0,0,0,0,0,1,0,0,0,0,1,0,0.3047201621451411,0.12369201857678028,0.48210023866348445,1.0
0,0,0,1,0,0,0,0,0,0,1,0,0,0,0,1,0,0.06217778157265843,0.45756946433202506,0.7589498806682577,0.08113590263691685
1,0,1,0,0,0,0,0,0,0,1,0,0,0,0,1,0,0.13016100078365989,0.28863732549321997,0.8854415274463008,0.1359026369168357
0,1,1,0,0,0,0,0,0,0,1,0,0,0,0,1,0,0.18533166145902574,0.18313330712534917,0.9331742243436754,0.797160243407708
0,0,1,0,0,0,0,0,0,0,1,0,0,0,0,1,0,0.26659286523713693,0.15125877161701295,0.5178997613365155,1.0
0,0,0,0,0,0,0,0,0,0,1,0,0,0,0,1,0,0.12078783468864605,0.29379090332517827,0.9140811455847255,0.11764705882352942
0,1,0,0,0,1,0,0,0,0,1,0,0,0,0,1,0,0.09179084599252768,0.37195686700153524,0.9140811455847255,0.5943204868154158
1,0,1,0,0,0,0,0,0,0,1,0,0,0,0,1,0,0.12979745541574458,0.28185834851403535,0.5918854415274462,0.12170385395537527
0,0,0,0,0,0,0,0,0,0,1,0,0,0,0,1,0,0.23423435760444639,0.1726457178357495,0.8424821002386635,1.0
0,0,0,0,0,0,0,0,0,0,1,0,0,0,0,1,0,0.347870781772353,0.06030074392248423,0.5775656324582339,1.0
0,1,0,0,0,0,0,0,0,0,1,0,0,0,0,1,0,0.20600056855913274,0.17898613708311775,0.8424821002386635,1.0
1,0,1,0,0,0,0,0,0,0,1,0,0,0,0,1,0,0.17258305905006396,0.22872261642415412,0.8615751789976134,0.13793103448275862
0,1,0,0,0,0,0,0,0,0,1,0,0,0,0,1,0,0.3365994880666696,0.12097234435363774,0.5560859188544152,1.0
0,0,0,0,0,0,0,0,0,0,1,0,0,0,0,1,0,0.39380308212274817,0.10729678497943622,0.6563245823389021,1.0
0,0,0,0,0,0,0,0,0,0,1,0,0,0,1,0,0,0.4695429544258187,0.08616302096123077,0.9140811455847255,1.0
0,1,0,0,0,1,0,0,0,0,1,0,0,0,0,1,0,0.19947646088926502,0.20099464199736783,0.5775656324582339,1.0
0,0,0,0,0,0,0,0,0,0,1,0,0,0,0,1,0,0.419728248579286,0.08650434082193208,0.5775656324582339,1.0
0,1,0,0,0,1,0,0,1,0,0,0,0,0,0,1,0,0.2881788606737175,0.11281085291217194,0.5155131264916468,0.5943204868154158
0,0,0,0,0,0,0,0,0,0,1,0,0,0,0,1,0,0.24016285549060273,0.1275860586177907,0.5775656324582339,0.5943204868154158
0,1,0,0,0,0,0,0,1,0,0,0,0,0,0,1,0,0.18572533810542746,0.1314363022902262,0.8520286396181382,1.0
0,1,0,0,0,0,0,0,0,0,1,0,0,0,0,1,0,0.16706747008931375,0.15992067416820505,0.8520286396181382,1.0
0,0,0,0,0,0,0,0,0,0,1,0,0,0,0,1,0,0.4122643527392291,0.0995319178996145,0.9140811455847255,1.0
0,0,0,0,0,0,0,0,0,0,1,0,0,0,0,1,0,0.17559477270242568,0.1991191175646426,0.8424821002386635,0.14198782961460446
0,0,0,0,0,0,0,0,0,0,1,0,0,0,0,1,0,0.3255540292370614,0.04352237171292334,0.8472553699284009,1.0
0,0,0,0,0,0,0,0,0,0,1,0,0,0,0,1,0,0.1307292701006029,0.2869148103423536,0.25298329355608595,0.15821501014198783
0,1,0,0,0,0,0,0,1,0,0,0,0,0,0,1,0,0.23709521413413887,0.1464559100071674,0.4797136038186158,1.0
0,0,0,0,0,0,0,0,0,0,1,0,0,0,0,1,0,0.21119807985884648,0.18604568720532508,0.8615751789976134,1.0
1,0,1,0,0,0,0,0,0,0,1,0,0,0,0,1,0,0.11445300684061478,0.31784833399937307,0.928400954653938,0.16024340770791076
0,1,0,0,0,0,0,0,0,0,1,0,0,0,0,1,0,0.5694238413614986,0.07525644071628719,0.7183770883054892,1.0
0,0,0,0,0,0,0,0,0,0,1,0,0,0,0,1,0,0.5544974424954484,0.06046038557213815,0.7183770883054892,1.0
0,0,0,0,0,1,0,0,0,0,1,0,0,0,0,1,0,0.07068616373595013,0.43813131921995874,0.8353221957040573,0.5943204868154158
1,0,1,0,0,0,0,0,0,0,1,0,0,0,0,1,0,0.1768959165107404,0.18896487237414086,0.7565632458233891,0.11764705882352942
0,1,1,0,0,1,0,0,0,0,1,0,0,0,0,1,0,0.08828260937815949,0.3808116412334485,0.4200477326968974,1.0
1,0,1,0,0,0,0,0,0,0,1,0,0,0,0,1,0,0.14752691552119218,0.24583609100461526,0.8782816229116945,0.17038539553752538
0,0,0,0,0,0,0,0,0,0,1,0,0,0,0,1,0,0.4334699061887507,0.09798810890557538,0.7684964200477327,1.0
0,0,0,0,0,0,0,0,0,0,1,0,0,0,0,1,0,0.49210960459609093,0.06994791390361471,0.7995226730310263,1.0
0,0,0,0,0,0,0,0,1,0,0,0,0,0,0,1,0,0.1149428161820681,0.3139503202375272,0.8782816229116945,1.0
0,1,0,0,0,0,0,0,0,0,0,0,1,0,0,1,0,0.36622452540436945,0.11139755414135018,0.6563245823389021,1.0
0,0,0,0,0,0,0,0,0,0,1,0,0,0,0,1,0,0.11022617513391507,0.27170162139247167,0.477326968973747,0.15415821501014199
0,1,0,0,0,0,0,0,0,0,1,0,0,0,0,1,0,0.312109833226461,0.10872935834454395,0.5823389021479712,1.0
1,0,1,0,0,0,0,0,0,0,1,0,0,0,0,1,0,0.10149503015845851,0.28762147111339503,0.477326968973747,0.15415821501014199
0,1,1,0,0,0,0,0,0,0,1,0,0,0,0,1,0,0.33922519769028137,0.10649477676983421,0.477326968973747,1.0
0,0,0,0,0,0,0,0,0,0,1,0,0,0,0,1,0,0.4091096959452,0.08458710296475971,0.7995226730310263,1.0
0,0,1,0,0,0,0,0,0,0,1,0,0,0,0,1,0,0.2944649825156986,0.07478491772305869,0.7995226730310263,1.0
0,0,0,0,0,0,0,0,0,0,1,0,0,0,0,1,0,0.469501081804046,0.08813692347441208,0.5823389021479712,1.0
0,0,0,0,0,0,0,0,0,0,1,0,0,0,0,1,0,0.26164439236688386,0.14610678788341208,0.8162291169451072,0.5943204868154158
0,0,0,0,0,0,0,0,0,0,1,0,0,0,0,1,0,0.4124850033907744,0.09157752565342347,0.7684964200477327,1.0
0,0,0,0,0,0,0,0,0,0,1,0,0,0,0,1,0,0.29209752062227884,0.12295958316018593,0.5823389021479712,1.0
0,0,0,0,0,0,0,0,0,0,1,0,0,0,0,1,0,0.1500993244325769,0.23938051948306974,0.8138424821002386,0.127789046653144
0,0,0,0,0,0,0,0,0,0,1,0,0,0,0,1,0,0.27623701257780164,0.13174077588150976,0.7995226730310263,0.5943204868154158
0,0,0,0,0,0,0,0,0,0,1,0,0,0,0,1,0,0.276421548264088,0.11352665466065388,0.8758949880668256,1.0
0,0,0,0,0,0,0,0,0,0,1,0,0,0,0,1,0,0.3648220041729011,0.10327306382730742,0.5823389021479712,1.0
0,0,0,0,0,0,0,0,1,0,0,0,0,0,0,1,0,0.2842127439723558,0.13417669393927772,0.8591885441527445,1.0
0,0,0,0,0,0,0,0,0,0,1,0,0,0,0,1,0,0.3531758394264023,0.07265690976630204,0.7995226730310263,1.0
0,1,1,0,0,0,0,0,0,0,1,0,0,0,0,1,0,0.25767686389875044,0.14025517690567943,0.8758949880668256,1.0
0,0,0,0,0,0,0,0,0,0,1,0,0,0,1,0,0,0.5508824195561548,0.07585801290926092,0.7995226730310263,1.0
0,1,1,0,0,0,0,0,0,0,0,0,1,0,0,1,0,0.1200356270809254,0.24569473743935735,0.8138424821002386,1.0
0,1,0,0,0,0,0,0,0,0,0,0,1,0,0,1,0,0.14492041878090822,0.2633521085916868,0.4272076372315035,0.3914807302231238
0,0,0,0,0,0,0,0,0,0,1,0,0,0,0,1,0,0.3020641787624812,0.09274211880032321,0.7875894988066825,1.0
0,1,0,0,0,0,0,0,0,0,0,0,1,0,0,1,0,0.1600916385869562,0.22964839060276285,0.7875894988066825,1.0
0,1,0,0,0,0,0,0,1,0,0,0,0,0,0,1,0,0.4130654120751725,0.10234702225774615,0.7613365155131264,1.0
0,1,0,0,0,0,0,0,0,0,1,0,0,0,0,1,0,0.3040133184459091,0.13708030447490846,0.8472553699284009,1.0
0,1,0,0,0,0,0,0,0,0,1,0,0,0,0,1,0,0.3231681013869522,0.1254081273910393,0.6443914081145585,1.0
0,0,0,0,0,0,0,0,0,0,1,0,0,0,0,1,0,0.4539242417951854,0.07989978938319246,0.8615751789976134,1.0
0,0,1,0,0,0,0,0,0,0,1,0,0,0,0,1,0,0.19012818291962622,0.1637957406910591,0.6801909307875893,1.0
0,1,1,0,0,0,0,0,0,0,0,0,1,0,0,1,0,0.13274550070173505,0.27697745845468164,0.6801909307875893,1.0
0,0,0,0,0,0,0,0,0,0,1,0,0,0,0,1,0,0.386242803838658,0.0976153205409195,0.45823389021479716,1.0
0,0,1,0,0,0,0,0,0,0,1,0,0,0,0,1,0,0.16780861030859157,0.19133290912430606,0.8042959427207637,1.0
0,1,0,0,0,0,0,0,0,0,0,0,1,0,0,1,0,0.35937617429654833,0.11717523770842168,0.6706443914081146,1.0
0,0,0,0,0,0,0,0,0,0,1,0,0,0,0,1,0,0.41190380417522493,0.10253489081731346,0.7613365155131264,1.0
0,0,0,0,0,0,0,0,0,0,1,0,0,0,0,1,0,0.2709547080982245,0.09031048743907003,0.8615751789976134,1.0
0,1,0,0,0,0,0,0,1,0,0,0,0,0,0,1,0,0.3593602276774535,0.11718483301580199,0.7136038186157518,1.0
0,0,0,0,0,0,0,0,0,0,1,0,0,0,0,1,0,0.14107060000294475,0.2701662555033684,0.7875894988066825,0.1359026369168357
0,1,0,0,0,0,0,0,0,0,1,0,0,0,0,1,0,0.321904987920883,0.12960851932515394,0.8615751789976134,1.0
0,1,1,0,0,0,0,0,1,0,0,0,0,0,0,1,0,0.2178445146661243,0.15798768141662445,0.7350835322195703,1.0
0,1,0,0,0,0,0,0,0,0,0,0,1,0,0,1,0,0.4259196063593384,0.08309759615914285,0.4797136038186158,1.0
0,1,0,0,0,0,0,0,0,0,0,0,1,0,0,1,0,0.19835843678626783,0.20167092446002663,0.2243436754176611,1.0
0,0,0,0,0,0,0,0,0,0,1,0,0,0,0,1,0,0.22936716413155894,0.14614435499523823,0.7875894988066825,1.0
0,0,0,0,0,0,0,0,0,0,1,0,0,0,0,1,0,0.09286429982651052,0.3695448897547821,0.8042959427207637,0.11967545638945236
0,0,0,0,0,0,0,0,0,0,1,0,0,0,0,1,0,0.34684265794774155,0.1095679608331919,0.7613365155131264,1.0
0,0,1,0,0,0,0,0,0,0,1,0,0,0,0,1,0,0.38208255464136165,0.0807965830357864,0.7350835322195703,1.0
0,0,0,0,0,0,0,0,0,0,1,0,0,0,0,1,0,0.3690981054596585,0.08451936521016469,0.477326968973747,1.0
0,0,0,0,0,0,0,0,1,0,0,0,0,0,0,1,0,0.22830832904744447,0.1431669390687997,0.8042959427207637,1.0
0,1,0,0,0,0,0,0,0,0,0,0,1,0,0,1,0,0.38471952926692093,0.10966166957098798,0.7255369928400954,1.0
0,0,0,0,0,0,0,0,0,0,1,0,0,0,0,1,0,0.12119316940527626,0.2503294216676147,0.2673031026252984,0.15010141987829617
0,1,0,0,0,0,0,0,1,0,0,0,0,0,0,1,0,0.24215967971766578,0.162987608693654,0.6157517899761338,1.0
0,1,0,0,0,0,0,0,0,0,1,0,0,0,0,1,0,0.28007177145913276,0.14691709001750894,0.6157517899761338,1.0
1,0,1,0,0,0,0,0,0,0,1,0,0,0,0,1,0,0.1356355663437649,0.22971094496567623,0.2673031026252984,0.15010141987829617
0,0,0,0,0,0,0,0,0,0,1,0,0,0,0,1,0,0.1134864121745544,0.26259015885473025,0.3341288782816229,0.15010141987829617
0,0,0,1,0,0,0,0,0,0,0,0,1,0,0,1,0,0.06058622116016741,0.39121361844941177,0.2673031026252984,1.0
0,0,1,0,0,0,0,0,0,0,1,0,0,0,0,1,0,0.3355791116811025,0.1017971848954326,0.6921241050119331,0.797160243407708
0,0,0,0,0,0,0,0,0,0,1,0,0,0,0,1,0,0.4366285400374314,0.09729281681777767,0.8568019093078758,0.5943204868154158
0,0,0,0,0,0,0,0,0,0,1,0,0,0,0,1,0,0.3033574308382656,0.13518485603598554,0.6921241050119331,0.797160243407708
0,0,0,0,0,0,0,0,0,0,1,0,0,0,0,1,0,0.25931521520254774,0.13032232334523078,0.8400954653937946,1.0
1,0,1,0,0,0,0,0,0,0,1,0,0,0,0,1,0,0.12454781702122632,0.1606117425471536,0.6157517899761338,0.13387423935091278
1,0,1,0,0,0,0,0,0,0,1,0,0,0,0,1,0,0.14950368087825455,0.14317076576421336,0.8210023866348448,0.07099391480730224
1,0,1,0,0,0,0,0,0,0,1,0,0,0,0,1,0,0.17154051477817225,0.10969532100562485,0.8210023866348448,0.07099391480730224
0,1,0,0,0,0,0,0,0,0,1,0,0,0,0,1,0,0.22119353128325073,0.1740188029707164,0.6992840095465394,1.0
0,0,0,0,0,0,0,0,0,0,0,0,1,0,0,1,0,0.2492374340289315,0.0865258469591463,0.3842482100238663,1.0
0,1,1,0,0,0,0,0,0,0,1,0,0,0,0,1,0,0.17779154376356043,0.2068761418014809,0.8424821002386635,1.0
0,1,0,0,0,0,0,0,1,0,0,0,0,0,0,1,0,0.2797233817232086,0.1423427163792046,0.8568019093078758,1.0
0,0,0,0,0,1,0,0,0,0,1,0,0,0,0,1,0,0.22354535600870118,0.1519607872916731,0.8019093078758948,1.0
0,0,0,0,0,0,0,0,1,0,0,0,0,0,0,1,0,0.2955669399356169,0.13593666584936479,0.6992840095465394,0.5943204868154158
0,1,1,0,0,0,0,0,0,0,1,0,0,0,0,1,0,0.32962894175304963,0.09255260674989861,0.844868735083532,1.0
0,0,0,0,0,1,0,0,0,0,1,0,0,0,0,1,0,0.07814597760504001,0.42073226073327774,0.7875894988066825,0.1359026369168357
0,0,0,0,0,0,0,0,0,0,1,0,0,0,0,1,0,0.3972257680265085,0.06062662294252977,0.6921241050119331,1.0
0,0,0,0,0,0,0,0,0,0,1,0,0,0,0,1,0,0.32757141350075497,0.09478915885412975,0.844868735083532,0.5943204868154158
0,0,0,0,0,0,0,0,1,0,0,0,0,0,0,1,0,0.2457363965765837,0.16147669619481345,0.8568019093078758,1.0
0,0,0,0,0,0,0,0,0,0,1,0,0,0,0,1,0,0.31062774099975254,0.1318477117481974,0.844868735083532,1.0
0,1,0,0,0,0,0,0,1,0,0,0,0,0,0,1,0,0.2890483747045011,0.14017928125962242,0.844868735083532,1.0
0,1,0,0,0,0,0,0,0,0,1,0,0,0,0,1,0,0.32422237578376945,0.12411674969399682,0.6992840095465394,1.0
0,1,0,0,0,0,0,0,0,0,1,0,0,0,0,1,0,0.13462242140334643,0.23253222538809445,0.3842482100238663,1.0
0,1,0,1,0,1,0,0,0,0,1,0,0,0,0,1,0,0.03616949317917115,0.644530897795325,0.2673031026252984,1.0
0,1,0,0,0,0,0,0,1,0,0,0,0,0,0,1,0,0.27216794744154277,0.10495755288878944,0.9069212410501193,1.0
0,0,0,0,0,0,0,0,0,0,1,0,0,0,0,1,0,0.3325308929880227,0.12526072030757263,0.35083532219570407,1.0
0,0,0,0,0,0,0,0,0,0,1,0,0,0,0,1,0,0.4781968482281789,0.07667051450327285,0.7040572792362769,1.0
0,0,0,0,0,0,0,0,0,0,1,0,0,0,0,1,0,0.2454796009959161,0.16002738159731122,0.9069212410501193,1.0
0,1,0,0,0,0,0,0,0,0,1,0,0,0,0,1,0,0.2667413299600154,0.1548805789772127,0.9069212410501193,1.0
0,1,1,0,0,0,0,0,0,0,1,0,0,0,0,1,0,0.2208288437657836,0.12110795955631633,0.7899761336515512,1.0
0,0,0,0,0,0,0,0,0,0,1,0,0,0,0,1,0,0.1628180539833266,0.19052352155972657,0.7899761336515512,0.13387423935091278
0,1,0,0,0,1,0,0,0,0,1,0,0,0,0,1,0,0.3627953569434386,0.1129130851089403,0.701670644391408,1.0
1,0,1,0,0,0,0,0,0,0,1,0,0,0,0,1,0,0.12474514916867595,0.29564747291043664,0.9069212410501193,0.14807302231237324
1,0,1,0,0,0,0,0,0,0,1,0,0,0,0,1,0,0.13078679619787806,0.2706081816957041,0.9069212410501193,0.14807302231237324
0,0,0,0,0,0,0,0,0,0,1,0,0,0,0,1,0,0.25796155130204834,0.12731833602950715,0.8615751789976134,0.797160243407708
0,0,0,0,0,0,0,0,0,0,1,0,0,0,0,1,0,0.3296982378970106,0.093631710470554,0.7040572792362769,1.0
1,0,1,0,0,0,0,0,0,0,1,0,0,0,0,1,0,0.15295310521533154,0.2018491128875319,0.5704057279236276,0.1237322515212982
0,1,0,0,0,0,0,0,0,0,1,0,0,0,0,1,0,0.21433179678642855,0.1793023177874575,0.809069212410501,1.0
0,1,0,0,0,0,0,0,0,0,1,0,0,0,0,1,0,0.2770112767309191,0.14698133854028728,0.6730310262529833,1.0
0,0,0,0,0,0,0,0,0,0,1,0,0,0,1,0,0,0.39954462509779465,0.07453202655572254,0.8496420047732696,1.0
0,0,0,0,0,1,0,0,0,0,1,0,0,0,0,0,1,0.16795255245787702,0.23414348403375848,0.8496420047732696,1.0
0,1,0,0,0,1,0,0,1,0,0,0,0,0,0,1,0,0.090159970677033,0.36955680669419433,0.8615751789976134,1.0
0,0,0,0,0,0,0,0,0,0,1,0,0,0,1,0,0,0.5240031395745649,0.08099938310721476,0.8496420047732696,1.0
0,1,0,0,0,0,0,0,1,0,0,0,0,0,0,1,0,0.3484724599571373,0.10469946522814523,0.7804295942720763,1.0
0,0,0,0,0,0,0,0,1,0,0,0,0,0,0,1,0,0.24361018454091182,0.07177567706600156,0.7422434367541766,1.0
1,0,1,0,0,0,0,0,0,0,1,0,0,0,0,1,0,0.1221138755775089,0.18838655460593848,0.7899761336515512,0.13387423935091278
0,0,0,0,0,0,0,0,0,0,1,0,0,0,0,1,0,0.2984725385382456,0.09079811021299498,0.7708830548926013,1.0
1,0,1,0,0,0,0,0,0,0,1,0,0,0,0,1,0,0.07084037005109527,0.44809678796587404,0.29594272076372313,0.13793103448275862
0,0,0,0,0,0,0,0,0,0,1,0,0,0,0,1,0,0.2710549642917716,0.14013596326103453,0.2863961813842482,0.5943204868154158
0,0,0,0,0,0,0,0,0,0,1,0,0,0,0,1,0,0.2953938150186627,0.12439936137015621,0.6801909307875893,1.0
0,1,0,0,0,0,0,0,0,0,0,0,1,0,0,1,0,0.373612848391319,0.10860582660928374,0.9188544152744629,1.0
0,0,0,0,0,0,0,0,0,0,0,0,1,0,0,1,0,0.20378197850547347,0.19746383027175873,0.7708830548926013,0.5943204868154158
0,0,0,0,0,0,0,0,1,0,0,0,0,0,0,1,0,0.2504646864406108,0.09921760297901451,0.7708830548926013,1.0
1,0,1,0,0,0,0,0,0,0,1,0,0,0,0,1,0,0.12522444247774925,0.27925089750315873,,
0,0,0,0,0,1,0,0,0,0,1,0,0,0,0,1,0,0.23246328521857093,0.12920367963013848,0.6968973747016707,0.5943204868154158
0,0,0,0,0,0,0,0,0,0,1,0,0,0,0,1,0,0.3494894251368113,0.1190782475445975,0.8424821002386635,1.0
1,0,1,0,0,0,0,0,0,0,1,0,0,0,0,1,0,0.08539428191842895,0.39439459269823546,0.3150357995226731,0.15618661257606492
0,0,0,0,0,0,0,0,0,0,1,0,0,0,0,1,0,0.3818900899081325,0.10751961991074224,0.9188544152744629,0.797160243407708
0,0,0,0,0,0,0,0,0,0,1,0,0,0,0,1,0,0.15403292411450856,0.22073814523851035,0.5990453460620524,0.14604462474645033
0,0,0,0,0,0,0,0,0,0,1,0,0,0,0,1,0,0.2866462146161534,0.09366306109345143,0.7708830548926013,0.5943204868154158
0,1,0,0,0,0,0,0,1,0,0,0,0,0,0,1,0,0.11084691990962102,0.292510733720705,0.9188544152744629,1.0
0,1,0,0,0,0,0,0,0,0,1,0,0,0,0,1,0,0.253646132085583,0.07501738312790633,0.6324582338902147,1.0
1,0,1,0,0,0,0,0,0,0,1,0,0,0,0,1,0,0.1210611284725915,0.299379481516242,0.9140811455847255,0.15618661257606492
0,0,0,0,0,0,0,0,0,0,1,0,0,0,0,1,0,0.36234948633631653,0.09173877886919338,0.8424821002386635,1.0
0,1,0,0,0,0,0,0,0,0,1,0,0,0,0,1,0,0.14768888836722024,0.19014167981810468,0.6968973747016707,1.0
0,0,0,0,0,0,0,0,0,0,1,0,0,0,0,1,0,0.2732020144413502,0.07655484595152044,1.0,1.0
0,1,0,0,0,0,0,0,0,0,1,0,0,0,0,1,0,0.3304630328145619,0.12143418433085733,0.9140811455847255,1.0
0,1,0,0,0,0,0,0,0,0,1,0,0,0,0,1,0,0.11838372170121227,0.29520728702327365,0.9140811455847255,1.0
0,0,0,0,0,0,0,0,0,0,1,0,0,0,0,1,0,0.12056703288103722,0.2605416287955049,1.0,0.1237322515212982
0,0,1,0,0,0,0,0,0,0,1,0,0,0,0,1,0,0.43940549459805156,0.08758154857989917,0.47255369928400953,0.797160243407708
0,0,0,0,0,0,0,0,0,0,1,0,0,0,0,1,0,0.3832953376135829,0.10799949803341811,1.0,1.0
0,1,0,0,0,0,0,0,0,0,1,0,0,0,0,1,0,0.15189495860045943,0.22388981747377168,0.9140811455847255,1.0
0,0,0,0,0,0,0,0,0,0,1,0,0,0,0,1,0,0.1791210440368692,0.21148435574635127,0.9140811455847255,0.15618661257606492
0,1,0,0,0,0,0,0,1,0,0,0,0,0,0,1,0,0.24219685549776288,0.1566532047211033,0.9140811455847255,1.0
0,1,0,0,0,0,0,0,0,0,0,0,1,0,0,1,0,0.24496524658832058,0.16410578565149264,0.5990453460620524,1.0
0,0,0,0,0,0,0,0,0,0,1,0,0,0,0,1,0,0.3174048967085878,0.10829858560990606,0.7708830548926013,1.0
0,0,0,0,0,0,0,0,0,0,1,0,0,0,0,1,0,0.19077435172869567,0.1741868049166354,0.5990453460620524,0.127789046653144
1,0,1,0,0,0,0,0,0,0,1,0,0,0,0,1,0,0.13717798721796687,0.2660889132413481,,
0,0,1,0,0,0,0,0,1,0,0,0,0,0,0,1,0,0.21013847135942443,0.1515811990088346,1.0,1.0
1,0,1,0,0,0,0,0,0,0,1,0,0,0,0,1,0,0.22516843107144605,0.1747885419914896,0.9140811455847255,0.15618661257606492
0,1,0,0,0,0,0,0,0,0,1,0,0,0,0,1,0,0.4185487328549777,0.10122008348898379,0.7708830548926013,1.0
0,0,0,0,0,0,0,0,0,0,1,0,0,0,0,1,0,0.2634868054690921,0.08477200777981682,0.7684964200477327,1.0
0,0,0,0,0,0,0,0,0,0,1,0,0,0,0,1,0,0.250370138103193,0.11345720573308718,0.7708830548926013,1.0
0,1,0,0,0,0,0,0,1,0,0,0,0,0,0,1,0,0.2581803391611988,0.1528534551526259,0.6324582338902147,1.0
0,0,0,0,0,0,0,0,0,0,1,0,0,0,0,1,0,0.44294288959460776,0.09438051581687266,0.9069212410501193,1.0
0,0,0,0,0,0,0,0,0,0,1,0,0,0,0,1,0,0.4180556290252189,0.10109979256611051,0.8615751789976134,1.0
0,0,0,0,0,0,0,0,0,0,1,0,0,0,0,1,0,0.2560285809138726,0.10427232399084128,0.7708830548926013,1.0
0,0,0,0,0,1,0,0,1,0,0,0,0,0,0,1,0,0.22208262037218268,0.1829831870756073,0.8615751789976134,0.797160243407708
0,1,0,0,0,0,1,0,0,0,0,0,0,0,0,1,0,0.21640245351059423,0.11839724054080951,0.8854415274463008,1.0
0,1,0,0,0,0,0,0,0,0,1,0,0,0,0,1,0,0.2322458406338438,0.11880091550441954,0.8186157517899761,1.0
0,0,0,0,0,0,0,0,0,0,1,0,0,0,0,1,0,0.10881078793914867,0.31817762548994216,0.9164677804295942,0.15212981744421905
0,0,0,0,0,1,0,0,0,0,1,0,0,0,0,1,0,0.07907004086209858,0.41384628068504675,0.9164677804295942,1.0
0,1,0,0,0,0,0,0,0,0,1,0,0,0,0,1,0,0.4326814253197246,0.09735360010502579,0.809069212410501,1.0
0,0,0,0,0,1,0,0,0,0,1,0,0,0,0,1,0,0.275271415149126,0.1384898883482141,0.8854415274463008,1.0
0,1,0,0,0,0,0,0,0,0,1,0,0,0,0,1,0,0.0878049529836927,0.3830464768875048,0.9164677804295942,0.797160243407708
0,0,0,0,0,0,0,0,0,0,1,0,0,0,0,1,0,0.2636455058360939,0.1557944350462693,0.8615751789976134,1.0
0,0,0,0,0,0,0,0,1,0,0,0,0,0,0,1,0,0.4199121726665035,0.08468387423493837,0.7684964200477327,1.0
0,1,0,0,0,0,0,0,0,0,1,0,0,0,0,1,0,0.4981751694231276,0.08446664328374845,0.5393794749403342,1.0
0,1,0,1,0,1,0,0,0,0,0,0,1,0,0,1,0,0.04776670200263793,0.558855628389988,0.4295942720763723,0.5943204868154158
0,0,0,0,0,0,0,0,0,0,1,0,0,0,0,1,0,0.39176849088270893,0.08747323224377837,0.8854415274463008,1.0
0,0,1,0,0,0,0,0,0,0,1,0,0,0,0,1,0,0.3837626509229756,0.1069465939531821,0.701670644391408,0.5943204868154158
0,0,0,0,0,0,0,0,0,0,1,0,0,0,0,1,0,0.39387607986246703,0.10225019344642926,0.7684964200477327,1.0
0,1,1,0,0,1,1,0,0,0,0,0,0,0,0,1,0,0.11464730490793838,0.31058049311812824,0.4391408114558472,1.0
0,0,0,0,0,0,0,0,0,0,1,0,0,0,0,1,0,0.17878798420507167,0.22180027409011416,0.4295942720763723,0.14198782961460446
0,0,0,0,0,1,0,0,0,0,1,0,0,0,0,0,1,0.1679329306804293,0.2341856459872897,0.9069212410501193,1.0
1,0,1,0,0,1,0,1,0,0,0,0,0,0,0,1,0,0.12508766978548608,0.2862141714913013,0.7326968973747017,0.12170385395537527
0,0,0,0,0,0,0,0,0,0,1,0,0,0,0,1,0,0.11329034534288683,0.3219942838749733,0.8281622911694511,0.16227180527383367
0,0,0,0,0,0,0,0,0,0,1,0,0,0,0,1,0,0.5227730879834721,0.0779346376041749,0.568019093078759,1.0
0,0,1,0,0,1,0,0,0,0,1,0,0,0,0,1,0,0.25799219218793257,0.15944553296249567,0.6801909307875893,1.0
0,0,0,0,0,0,0,0,0,0,1,0,0,0,0,1,0,0.1704017600462016,0.16888060894353754,0.8400954653937946,0.797160243407708
0,0,0,0,0,0,0,0,1,0,0,0,0,0,0,1,0,0.23106830914796692,0.11993617911721377,0.8281622911694511,1.0
0,0,0,0,0,0,0,0,0,0,1,0,0,0,0,1,0,0.4674968095870952,0.0911060809561507,0.8424821002386635,1.0
0,1,0,0,0,0,0,0,0,0,1,0,0,0,0,1,0,0.3122375994158032,0.09886706160133031,0.8019093078758948,0.797160243407708
0,0,0,0,0,0,0,0,0,0,1,0,0,0,0,1,0,0.21486811924794805,0.10859199142379583,0.7708830548926013,1.0
1,0,1,0,0,0,0,0,0,0,1,0,0,0,0,1,0,0.07966834343823055,0.41533668283542863,0.9069212410501193,0.14807302231237324
0,1,0,0,0,0,0,0,0,0,1,0,0,0,0,1,0,0.12508766978548608,0.2862141714913013,0.9069212410501193,1.0
0,1,0,0,0,0,0,0,0,0,1,0,0,0,0,1,0,0.11567865350156038,0.30691926414627974,0.9069212410501193,1.0
0,0,0,0,0,0,0,0,0,0,1,0,0,0,0,1,0,0.3067608357579429,0.10602293761440244,0.7708830548926013,1.0
0,1,0,0,0,0,0,0,0,0,1,0,0,0,0,1,0,0.20617903718226915,0.17516727815757643,0.8186157517899761,0.797160243407708
0,0,0,0,0,0,0,0,0,0,1,0,0,0,0,1,0,0.30333867128769204,0.12410461890261845,0.7708830548926013,1.0
0,1,0,0,0,0,0,0,0,0,1,0,0,0,0,1,0,0.3652398508685299,0.10618363448639086,0.701670644391408,1.0
0,0,0,0,0,0,0,0,0,0,1,0,0,0,0,1,0,0.4370432681927803,0.08169528616464454,0.6921241050119331,0.797160243407708
0,0,0,0,0,0,0,0,0,0,1,0,0,0,0,1,0,0.20047770508539858,0.17633354760031775,0.7708830548926013,1.0
0,0,0,0,0,0,0,0,0,0,1,0,0,0,0,1,0,0.19793204286761648,0.18152521695280704,0.568019093078759,1.0
0,0,0,0,0,0,0,0,0,0,1,0,0,0,0,1,0,0.186451010289914,0.18974424324327233,0.8210023866348448,1.0
0,0,0,0,0,0,0,0,0,0,1,0,0,0,0,1,0,0.12453923099731597,0.2792232106659274,0.4295942720763723,0.14198782961460446
0,1,0,0,0,0,0,0,0,0,1,0,0,0,0,1,0,0.2733677830152161,0.15047725409300775,0.7589498806682577,1.0
0,0,0,0,0,0,0,0,0,0,1,0,0,0,0,1,0,0.375155092342221,0.07265408679947669,0.8114558472553699,0.5943204868154158
0,0,0,0,0,0,0,0,0,0,1,0,0,0,0,1,0,0.1526106578426438,0.11250743863196018,0.8281622911694511,0.16227180527383367
0,0,0,0,0,0,0,0,0,0,1,0,0,0,0,1,0,0.4223234287628007,0.09168991076174313,0.6324582338902147,1.0
0,0,0,0,0,0,0,0,0,0,0,0,1,0,0,1,0,0.16088272262051945,0.24070862018894645,0.9188544152744629,1.0
0,0,0,0,0,0,0,0,0,0,1,0,0,0,0,1,0,0.36314914825568717,0.11449101479487232,0.9188544152744629,0.797160243407708
1,0,1,0,0,0,0,0,0,0,1,0,0,0,0,1,0,0.12565951299259517,0.28438705123215324,0.8496420047732696,0.15415821501014199
0,0,0,0,0,0,0,0,0,0,1,0,0,0,0,1,0,0.3379114065026875,0.10675092001943537,0.6324582338902147,1.0
0,0,0,0,0,0,0,0,0,0,1,0,0,0,0,1,0,0.3544675565622121,0.10615314406105274,,1.0
0,0,0,0,0,0,0,0,0,0,1,0,0,0,0,1,0,0.39031020884766804,0.10164688263303887,0.8400954653937946,1.0
1,0,1,0,0,0,0,0,0,0,1,0,0,0,0,1,0,0.13959046237839876,0.2453330301963055,0.8496420047732696,0.15415821501014199
1,0,1,0,0,0,0,0,0,0,1,0,0,0,0,1,0,0.21191050890998772,0.12698484613543778,0.8496420047732696,0.15415821501014199
0,0,0,0,0,0,0,0,0,0,1,0,0,0,0,1,0,0.24513528006603902,0.1141607358045853,0.8400954653937946,0.797160243407708
0,0,0,0,0,0,0,0,0,0,1,0,0,0,0,1,0,0.31377054443931207,0.13233216978466456,0.9188544152744629,0.797160243407708
0,0,0,0,0,0,0,0,0,0,1,0,0,0,0,1,0,0.20965468950537305,0.19274142697549776,0.8496420047732696,0.15415821501014199
0,0,0,0,0,0,0,0,0,0,1,0,0,0,0,1,0,0.19644417964728003,0.15309837527865164,0.32696897374701667,0.5943204868154158
0,1,0,0,0,0,0,0,1,0,0,0,0,0,0,1,0,0.23769186644627432,0.163755970403815,0.28162291169451076,0.3914807302231238
1,0,1,0,0,0,0,0,0,0,1,0,0,0,0,1,0,0.2559580305083806,0.08218226867624219,0.4677804295942721,0.15010141987829617
0,1,0,0,0,1,0,0,1,0,0,0,0,0,0,1,0,0.16753349512830507,0.22298570556775502,0.8400954653937946,0.797160243407708
0,0,0,0,0,0,0,0,0,0,1,0,0,0,0,1,0,0.2598591560767892,0.11276185678384854,0.9188544152744629,1.0
0,0,0,0,0,0,0,0,0,0,1,0,0,0,1,0,0,0.5012424434760662,0.07302956108755042,0.8926014319809068,1.0
0,0,0,0,0,0,0,0,0,0,1,0,0,0,0,1,0,0.39935740544877535,0.1052749808559188,0.6825775656324582,1.0
0,0,0,0,0,0,0,0,0,0,0,0,1,0,0,1,0,0.1231672286299255,0.30276010249072327,0.9188544152744629,1.0
0,0,0,0,0,0,0,0,0,0,1,0,0,0,0,1,0,0.27543188600082763,0.13907654761832072,0.9188544152744629,1.0
0,0,0,0,0,0,0,0,0,0,1,0,0,0,1,0,0,0.4675982103792942,0.08373559731315756,0.8424821002386635,1.0
0,1,0,0,0,0,0,0,0,0,0,0,1,0,0,1,0,0.37046335733884145,0.10383296473455825,0.6825775656324582,1.0
0,0,0,0,0,0,0,0,0,0,1,0,0,0,0,1,0,0.2984458645466418,0.13859635835483997,0.568019093078759,1.0
0,0,0,0,0,0,0,0,0,0,1,0,0,0,0,1,0,0.2737528261259783,0.13839683481059786,0.9188544152744629,1.0
0,0,0,0,0,1,0,0,0,0,1,0,0,0,0,0,1,0.17256392367885756,0.22876211755321757,0.9188544152744629,1.0
0,1,0,0,0,0,0,0,0,0,0,1,0,0,0,1,0,0.2023398112782308,0.19748851177467547,0.7494033412887828,1.0
0,1,1,0,0,1,0,0,0,0,1,0,0,0,0,1,0,0.22813632305189024,0.17674344350870755,0.8042959427207637,0.5943204868154158
0,1,0,0,0,0,0,0,0,0,0,0,1,0,0,1,0,0.4193409295862154,0.1008612687086288,0.7684964200477327,1.0
0,1,0,0,0,0,0,0,0,0,0,0,1,0,0,1,0,0.23106830914796694,0.1729231921816909,0.3341288782816229,1.0
0,1,0,0,0,0,0,0,1,0,0,0,0,0,0,1,0,0.2885293272897769,0.14394269109662117,0.8782816229116945,1.0
0,0,0,0,0,0,0,0,0,0,1,0,0,0,0,1,0,0.2997046831385183,0.1331848298963529,0.8591885441527445,1.0
0,0,0,0,0,0,0,0,0,0,1,0,0,0,0,1,0,0.421635078541794,0.08471881654878342,0.9785202863961813,1.0
0,0,0,0,0,0,0,0,0,0,1,0,0,0,0,1,0,0.3750816449489343,0.11118199457192203,0.7494033412887828,1.0
0,0,0,0,0,0,0,0,0,0,1,0,0,0,0,1,0,0.2291567447431207,0.16762444941329324,0.8782816229116945,1.0
0,0,0,0,0,0,0,0,0,0,1,0,0,0,0,1,0,0.3834871223188232,0.10951283629675562,0.7947494033412885,1.0
0,0,0,0,0,0,0,0,0,0,1,0,0,0,0,1,0,0.10544313704921093,0.3403625281283818,0.8042959427207637,0.14198782961460446
0,1,0,0,0,0,0,0,0,0,0,0,1,0,0,1,0,0.41928871120864414,0.1005419985508636,0.8782816229116945,1.0
0,1,0,1,0,1,0,0,0,0,1,0,0,0,0,1,0,0.08167714244389002,0.38474222453637064,0.8424821002386635,1.0
0,1,0,0,0,0,0,0,0,0,1,0,0,0,0,1,0,0.3466479077792362,0.11894961942941011,0.8782816229116945,1.0
0,0,0,0,0,0,0,0,0,0,1,0,0,0,0,1,0,0.10586057638079321,0.2826049223372912,0.8042959427207637,0.14198782961460446
0,0,0,0,0,0,0,0,0,0,1,0,0,0,0,1,0,0.181308667643604,0.21826828980268914,0.8591885441527445,0.17038539553752538
0,0,0,0,0,0,0,0,0,0,1,0,0,0,1,0,0,0.3905781500504923,0.09398690298500155,0.8782816229116945,1.0
0,0,1,0,0,1,0,0,0,0,1,0,0,0,0,1,0,0.19633103433301438,0.0631046355278356,0.8424821002386635,0.797160243407708
0,0,0,0,0,0,0,0,0,0,1,0,0,0,1,0,0,0.4716859342826988,0.08874655873568724,0.8782816229116945,1.0
0,0,0,0,0,1,0,0,0,0,1,0,0,0,0,1,0,0.09628103803105381,0.3443091844228911,0.7947494033412885,1.0
1,0,1,0,0,1,0,0,0,0,1,0,0,0,0,1,0,0.11311269142464071,0.29713068235490014,0.477326968973747,0.15415821501014199
1,0,1,0,0,0,0,0,0,0,1,0,0,0,0,1,0,0.11477667438147902,0.30786028024401946,0.6443914081145585,0.14807302231237324
0,0,0,0,0,0,0,0,0,0,1,0,0,0,0,1,0,0.5234604907431473,0.0802491559983091,0.7040572792362769,1.0
0,1,0,0,0,0,0,0,1,0,0,0,0,0,0,1,0,0.2115783217336474,0.19090913914037408,0.8615751789976134,1.0
0,1,0,0,0,0,0,0,0,0,0,0,1,0,0,1,0,0.13403692919520796,0.2827695735230948,0.7804295942720763,1.0
0,1,0,0,0,0,0,0,1,0,0,0,0,0,0,1,0,0.2508605222644215,0.09221622403158881,0.8162291169451072,1.0
0,0,1,0,0,0,0,0,0,0,1,0,0,0,0,1,0,0.3779480535986897,0.10126707651929064,0.7804295942720763,1.0
0,0,0,0,0,0,0,0,0,0,1,0,0,0,0,1,0,0.40058862124511724,0.07649060540540246,0.7828162291169449,1.0
0,0,0,0,0,0,0,0,0,0,1,0,0,0,0,1,0,0.36010580141312404,0.11538469423960376,0.8615751789976134,1.0
0,0,0,0,0,0,0,0,0,0,1,0,0,0,0,1,0,0.2517624379757614,0.14537180263254218,0.7828162291169449,1.0
0,0,0,0,0,0,0,0,0,0,1,0,0,0,1,0,0,0.4589141581157802,0.08060738970425677,0.486873508353222,1.0
0,0,0,0,0,0,0,0,0,0,1,0,0,0,0,1,0,0.10670098521120787,0.1156329093254636,0.8162291169451072,0.13793103448275862
0,1,0,0,0,0,0,0,0,0,0,0,1,0,0,1,0,0.42720090442686404,0.08769369457044582,0.486873508353222,1.0
0,0,0,0,0,0,0,0,1,0,0,0,0,0,0,1,0,0.219456196899827,0.17951076102287122,0.5894988066825775,1.0
0,0,0,0,0,0,0,0,0,0,1,0,0,0,0,1,0,0.2834812254334099,0.12136279791896905,0.7804295942720763,1.0
0,0,0,0,0,0,0,0,0,0,1,0,0,0,1,0,0,0.4084928519297325,0.10054448011098305,0.8615751789976134,1.0
0,1,0,0,0,0,0,0,0,0,1,0,0,0,0,1,0,0.11423059206311782,0.32076424700649586,0.8782816229116945,1.0
0,0,0,0,0,0,0,0,0,0,1,0,0,0,0,1,0,0.22742242252214612,0.16384230313531825,0.4295942720763723,0.14198782961460446
0,1,0,0,0,1,0,0,1,0,0,0,0,0,0,1,0,0.24123319118372988,0.12654239057942554,0.4295942720763723,1.0
0,1,0,0,0,1,0,0,0,0,1,0,0,0,0,1,0,0.10935189447787327,0.3320807557340677,0.7828162291169449,1.0
0,1,0,0,0,0,0,0,0,0,1,0,0,0,0,1,0,0.2649545426420473,0.13334821082102458,0.6563245823389021,0.797160243407708
0,0,0,0,0,0,0,0,0,0,0,0,1,0,0,1,0,0.1598522434742367,0.13263095991466747,0.8162291169451072,1.0
0,0,0,0,0,0,0,0,0,0,1,0,0,0,0,1,0,0.21727391507762442,0.14153169084868128,0.8400954653937946,1.0
0,0,0,0,0,0,0,0,0,0,1,0,0,0,0,1,0,0.4801047188707077,0.05935690106601704,0.486873508353222,1.0
0,0,0,0,0,0,0,0,0,0,1,0,0,0,0,1,0,0.12966502938086225,0.05979741702263499,0.7828162291169449,1.0
0,0,0,0,0,0,0,0,0,0,1,0,0,0,0,1,0,0.325978076841449,0.11083253517894935,0.8615751789976134,1.0
0,0,0,0,0,0,0,0,0,0,1,0,0,0,0,1,0,0.5560185299643194,0.06920095351827366,0.4295942720763723,1.0
0,1,0,0,0,0,0,0,0,0,0,0,1,0,0,1,0,0.27735064780239976,0.14381635663561093,0.8782816229116945,1.0
0,0,0,0,0,0,0,0,0,0,1,0,0,0,0,1,0,0.419750213762283,0.09621297298528382,0.7947494033412885,1.0
0,0,0,0,0,0,0,0,0,0,1,0,0,0,0,1,0,0.3008147880331586,0.13786973940032915,0.36515513126491655,0.5943204868154158
1,0,1,0,0,0,0,0,0,0,1,0,0,0,0,1,0,0.14804172249256253,0.18478092491666723,0.27207637231503584,0.14198782961460446
0,0,0,0,0,0,0,0,1,0,0,0,0,0,0,1,0,0.15062778175340177,0.2555197056951845,0.36515513126491655,1.0
0,1,0,0,0,0,0,0,1,0,0,0,0,0,0,1,0,0.31141537065329106,0.10121508300209198,0.36515513126491655,0.5943204868154158
0,0,0,0,0,0,0,0,0,0,1,0,0,0,0,1,0,0.42424886492890795,0.09934999560482712,0.9045346062052504,0.5943204868154158
0,0,0,0,0,0,0,0,0,0,1,0,0,0,0,1,0,0.4625767260038638,0.07530110299631221,0.486873508353222,1.0
0,0,0,0,0,0,0,0,0,0,1,0,0,0,0,1,0,0.44558066852045713,0.08528259830316089,0.5107398568019093,1.0
0,0,0,0,0,0,0,0,0,0,1,0,0,0,0,1,0,0.33509850518027284,0.09132481276458039,0.8066825775656323,1.0
0,0,0,0,0,0,0,0,0,0,1,0,0,0,0,1,0,0.4049546768498753,0.07414831462785001,0.8162291169451072,1.0
0,0,0,0,0,0,0,0,0,0,1,0,0,0,0,1,0,0.28428060824798995,0.14577229559201052,0.6563245823389021,0.797160243407708
0,1,0,0,0,0,0,0,0,0,0,0,1,0,0,1,0,0.23541604701690363,0.14637066033373217,0.9045346062052504,0.5943204868154158
0,0,0,0,0,0,0,0,0,0,1,0,0,0,0,1,0,0.15203834490276083,0.2503338397173532,0.8162291169451072,0.13793103448275862
0,0,0,0,0,0,0,0,0,0,1,0,0,0,0,1,0,0.08938091239398918,0.3653437912480511,0.36515513126491655,0.11764705882352942
1,0,1,0,0,0,0,0,0,0,1,0,0,0,0,1,0,0.1873987529436117,0.1963488311953279,0.8782816229116945,0.17038539553752538
0,0,0,0,0,0,0,0,1,0,0,0,0,0,0,1,0,0.3750081836965588,0.11206156300910808,0.9045346062052504,1.0
0,0,0,0,0,0,0,0,0,0,1,0,0,0,0,1,0,0.5657333939604559,0.07364541515879124,0.4033412887828162,1.0
0,1,0,0,0,0,0,0,0,0,1,0,0,0,0,1,0,0.4237268114703548,0.09145533818253902,0.6491646778042959,1.0
1,0,1,0,0,0,0,0,0,0,1,0,0,0,0,1,0,0.14967097005888846,0.2330424046793233,0.35083532219570407,0.15212981744421905
0,0,0,0,0,0,0,0,0,0,1,0,0,0,0,1,0,0.2830366403885638,0.13728123392649397,0.8162291169451072,1.0
0,0,0,0,0,1,0,0,0,0,1,0,0,0,0,1,0,0.11477667438147902,0.30786028024401946,0.8162291169451072,0.13793103448275862
0,0,1,0,0,0,0,0,0,0,1,0,0,0,0,1,0,0.23253089556609133,0.09778176665495662,0.6252983293556085,1.0
1,0,1,0,0,0,0,0,0,0,1,0,0,0,0,1,0,0.11195656579808604,0.32466331739411497,0.9045346062052504,0.15010141987829617
0,1,0,0,0,0,0,0,1,0,0,0,0,0,0,1,0,0.46049051728197693,0.09086312507668363,0.4033412887828162,1.0
1,0,1,0,0,0,0,0,0,0,1,0,0,0,0,1,0,0.16865753440892003,0.22062355499314,0.35083532219570407,0.15212981744421905
0,0,0,0,0,0,0,0,0,0,1,0,0,0,0,1,0,0.09913374093491797,0.35662310286895277,0.7947494033412885,0.14807302231237324
0,0,0,0,0,0,0,0,0,0,1,0,0,0,0,1,0,0.31434763462107096,0.09517372532226683,0.8758949880668256,1.0
0,0,0,0,0,0,0,0,0,0,1,0,0,0,0,1,0,0.48174586412802095,0.08418277484039029,0.6873508353221955,1.0
0,0,0,0,0,0,0,0,0,0,1,0,0,0,0,1,0,0.42484900179942453,0.07972033634164112,0.9069212410501193,1.0
0,0,0,0,0,0,0,0,0,0,1,0,0,0,0,1,0,0.45360598869446583,0.0766735437414867,0.9069212410501193,1.0
0,0,0,0,0,0,0,0,0,0,1,0,0,0,0,1,0,0.36938396897039866,0.11179671711695424,0.7804295942720763,1.0
0,0,0,0,0,0,0,0,1,0,0,0,0,0,0,1,0,0.35952922722284186,0.09122681093793202,0.7804295942720763,1.0
0,0,0,0,0,0,0,0,0,0,1,0,0,0,1,0,0,0.3383104517454797,0.11731039831056976,0.8830548926014319,1.0
0,0,0,0,0,1,0,0,1,0,0,0,0,0,0,1,0,0.2895665353161078,0.11320220930333007,0.6801909307875893,1.0
0,1,0,0,0,0,0,0,1,0,0,0,0,0,0,1,0,0.1708915750184243,0.21448622277807783,0.8210023866348448,1.0
0,0,0,0,0,0,0,0,0,0,1,0,0,0,0,1,0,0.4297497238522466,0.07933231045410306,0.8138424821002386,1.0
0,0,0,0,0,0,0,0,0,0,1,0,0,0,0,1,0,0.4641559608276605,0.08979085842140506,0.47016706443914075,1.0
0,0,0,0,0,0,0,0,0,0,1,0,0,0,0,1,0,0.34793987758092737,0.11909736547153965,0.47016706443914075,1.0
0,0,0,0,0,0,0,0,0,0,1,0,0,0,0,1,0,0.3918565254768995,0.0781836965818826,0.7804295942720763,1.0
0,0,0,0,0,0,0,0,1,0,0,0,0,0,0,1,0,0.4683987745679188,0.09049372006419783,0.6062052505966586,1.0
1,0,1,0,0,0,0,0,0,0,1,0,0,0,0,1,0,0.11114188500730583,0.2858787465109317,0.8210023866348448,0.13387423935091278
0,0,0,0,0,0,0,0,0,0,1,0,0,0,0,1,0,0.09872308814536863,0.35831382701409253,0.7804295942720763,0.10750507099391482
0,0,0,0,0,1,0,0,1,0,0,0,0,0,0,1,0,0.1988510901015063,0.20203035176156592,0.7804295942720763,1.0
0,0,1,0,0,0,0,0,0,0,1,0,0,0,0,1,0,0.37106995759156036,0.10133876487177954,0.7708830548926013,1.0
0,0,0,0,0,0,0,0,1,0,0,0,0,0,0,1,0,0.12849271259286074,0.2480277230939218,0.9069212410501193,1.0
0,0,0,0,0,0,0,0,0,0,1,0,0,0,0,1,0,0.3689861877783004,0.10854667632005327,0.8138424821002386,1.0
0,1,0,0,0,0,0,0,0,0,0,0,1,0,0,1,0,0.36162738493856866,0.11493618572902871,0.7780429594272076,1.0
0,0,0,0,0,0,0,0,0,0,1,0,0,0,0,1,0,0.20578404886968446,0.13542561580969348,0.7279236276849643,1.0
0,0,0,0,0,0,0,0,0,0,1,0,0,0,0,1,0,0.42265083338796133,0.10039538197368719,0.7804295942720763,1.0
0,1,0,0,0,0,0,0,0,0,0,0,1,0,0,1,0,0.34597041494006486,0.11840807456346418,0.44868735083532213,1.0
1,0,1,0,0,0,0,0,0,0,1,0,0,0,0,1,0,0.07531659318825383,0.43289456462398,0.4295942720763723,0.14198782961460446
0,0,0,0,0,0,0,0,0,0,1,0,0,0,0,1,0,0.39729236786586947,0.1013674865892252,0.8830548926014319,1.0
0,1,0,0,0,0,0,0,0,0,1,0,0,0,0,1,0,0.373612848391319,0.11283924779081281,0.7112171837708829,0.5943204868154158
0,0,0,0,0,0,0,0,0,0,1,0,0,0,0,1,0,0.3162892270079286,0.12357934362545692,0.8878281622911692,1.0
0,0,1,0,0,0,0,0,0,0,1,0,0,0,0,1,0,0.2860039801084898,0.11370067354387682,0.9069212410501193,1.0
0,0,0,0,0,0,0,0,1,0,0,0,0,0,0,1,0,0.3952256456680389,0.07491186156335335,0.47016706443914075,1.0
0,0,0,0,0,0,0,0,0,0,1,0,0,0,0,1,0,0.21652641186620775,0.13050111014502042,0.9069212410501193,1.0
0,0,0,0,0,0,0,0,1,0,0,0,0,0,0,1,0,0.23468473058756834,0.09167642577557716,0.7708830548926013,1.0
0,0,0,0,0,0,0,0,0,0,1,0,0,0,0,1,0,0.419750213762283,0.09964932408179494,0.7708830548926013,1.0
0,1,1,0,0,0,0,0,0,0,1,0,0,0,0,1,0,0.2233648871323931,0.12431979893797634,0.935560859188544,1.0
0,0,0,0,0,0,0,0,0,0,1,0,0,0,0,1,0,0.1341734830211421,0.27277545313548407,0.9188544152744629,0.1359026369168357
0,1,0,0,0,0,0,0,0,0,1,0,0,0,0,1,0,0.16291897384919285,0.0610524434729411,0.7279236276849643,1.0
0,0,0,0,0,0,0,0,1,0,0,0,0,0,0,1,0,0.3023240046630479,0.11024847555885954,0.7470167064439142,0.3914807302231238
0,1,0,0,0,0,0,0,0,0,0,0,1,0,0,1,0,0.3061477670069789,0.12201976210043626,0.3150357995226731,0.5943204868154158
0,1,0,0,0,0,0,0,0,0,0,0,1,0,0,1,0,0.2337495346290582,0.12371184662055969,0.8162291169451072,0.5943204868154158
0,0,1,0,0,0,0,0,0,0,1,0,0,0,0,1,0,0.20875879634129887,0.09422702709426424,0.9069212410501193,0.797160243407708
0,1,0,0,0,0,0,0,0,0,1,0,0,0,0,1,0,0.2813443435454985,0.11796305518999099,0.9069212410501193,0.797160243407708
0,1,0,0,0,0,0,0,0,0,0,0,1,0,0,1,0,0.1637778294758443,0.1773964644708615,0.3150357995226731,1.0
0,1,1,0,0,0,0,0,0,0,1,0,0,0,0,1,0,0.33887780589239125,0.1199849236737216,0.7708830548926013,1.0
0,0,1,0,0,0,0,0,0,0,1,0,0,0,0,1,0,0.272059757214052,0.10583788306235996,0.7470167064439142,1.0
0,1,1,0,0,0,0,0,0,0,1,0,0,0,0,1,0,0.15658408786561695,0.24754677322288687,0.7470167064439142,1.0
0,0,1,0,0,0,0,0,0,0,1,0,0,0,0,1,0,0.20048325451188403,0.09592615542442312,0.9188544152744629,1.0
0,1,0,0,0,0,0,0,0,0,0,0,1,0,0,1,0,0.1957360211395094,0.19512002585261662,1.0,1.0
0,0,1,0,0,0,0,0,0,0,1,0,0,0,0,1,0,0.23241981163727646,0.09004030844269574,0.7470167064439142,1.0
0,1,0,0,0,0,0,0,0,0,1,0,0,0,0,1,0,0.3656133240819231,0.10508916935086458,0.9188544152744629,1.0
0,1,1,0,0,0,0,0,0,0,1,0,0,0,0,1,0,0.17888672848293352,0.15131797642935224,1.0,1.0
0,0,0,0,0,0,0,0,0,0,1,0,0,0,0,1,0,0.4712050795438771,0.0903035216590657,0.9188544152744629,1.0
0,0,0,0,0,0,0,0,0,0,1,0,0,0,0,1,0,0.29947687332902584,0.09562065693686576,0.7470167064439142,1.0
0,0,1,0,0,0,0,0,0,0,1,0,0,0,0,1,0,0.37935526632129674,0.10762522212035641,0.935560859188544,1.0
0,0,0,0,0,0,0,0,0,0,1,0,0,0,0,1,0,0.1771513482843522,0.21951020804551302,0.7708830548926013,0.08113590263691685
0,0,0,0,0,0,0,0,0,0,1,0,0,0,0,1,0,0.2866462146161534,0.09366306109345152,0.7470167064439142,1.0
0,0,0,0,0,0,0,0,0,0,1,0,0,0,0,1,0,0.3743678715901647,0.10692579891004524,0.8615751789976134,1.0
0,0,0,0,0,0,0,0,0,0,1,0,0,0,0,1,0,0.4202770450412453,0.0921924685054302,0.7708830548926013,1.0
0,0,1,0,0,0,0,0,0,1,0,0,0,0,0,1,0,0.16227208960439748,0.05668797459459767,1.0,1.0
0,1,0,0,0,0,0,0,0,0,1,0,0,0,0,1,0,0.1943124901397918,0.17545295933144167,0.9069212410501193,1.0
1,0,1,0,0,0,0,0,0,0,1,0,0,0,0,1,0,0.19508809176621728,0.184765587621466,0.9069212410501193,0.14807302231237324
0,1,0,0,0,0,0,0,0,0,1,0,0,0,0,1,0,0.2739513567681219,0.08517003414595783,0.6801909307875893,1.0
0,1,0,0,0,1,0,0,0,0,0,0,1,0,0,1,0,0.20682679940619303,0.19267366582282494,0.5990453460620524,1.0
0,1,0,0,0,0,0,0,0,0,1,0,0,0,0,1,0,0.41092122886939053,0.09656337866109324,0.8615751789976134,1.0
0,0,0,0,0,0,0,0,0,0,1,0,0,0,0,1,0,0.5237352059097372,0.07743145396320801,0.935560859188544,1.0
0,1,0,0,0,1,0,0,0,0,0,0,1,0,0,1,0,0.24209925757572814,0.16924622421286514,0.935560859188544,1.0
0,0,0,0,0,0,0,0,0,0,1,0,0,0,0,1,0,0.4502421873944703,0.09421788972749377,1.0,1.0
0,1,0,0,0,0,0,0,0,0,1,0,0,0,0,1,0,0.2841528509112014,0.14044047588418335,0.935560859188544,1.0
1,0,1,0,0,1,0,0,0,0,1,0,0,0,0,1,0,0.09348554121802025,0.22689262114811382,1.0,0.1237322515212982
0,0,0,0,0,0,0,0,0,0,1,0,0,0,0,1,0,0.39681724620836045,0.10615893819225332,,1.0
0,0,0,0,0,0,0,0,0,0,1,0,0,0,0,1,0,0.1616770226530364,0.1776056581169903,0.09546539379474944,0.1257606490872211
0,1,0,0,0,0,0,0,0,0,0,0,1,0,0,1,0,0.06473903818187639,0.47567251994147197,0.477326968973747,1.0
0,1,0,0,0,0,0,0,0,0,0,0,1,0,0,1,0,0.2598591560767892,0.08887480711296475,0.8615751789976134,1.0
0,0,0,0,0,0,0,0,0,0,1,0,0,0,0,1,0,0.14524949446875238,0.24420466679485364,0.7637231503579953,0.11764705882352942
1,0,1,0,0,0,0,0,0,0,1,0,0,0,0,1,0,0.1326157332061587,0.2812629877963786,0.7637231503579953,0.11764705882352942
0,0,1,0,0,0,0,0,0,0,1,0,0,0,0,1,0,0.3111737894543927,0.09453048160776685,1.0,0.797160243407708
0,0,0,0,0,0,0,0,0,0,1,0,0,0,0,1,0,0.45806724544881205,0.08266902883986184,0.7708830548926013,1.0
0,0,0,0,0,0,0,0,1,0,0,0,0,0,0,1,0,0.28696681834171256,0.13797173948242097,0.7350835322195703,1.0
0,1,0,0,0,0,0,0,0,0,0,0,1,0,0,1,0,0.2990968222425457,0.09921369510637514,0.935560859188544,1.0
0,0,0,0,0,0,0,0,0,0,1,0,0,0,0,1,0,0.36127533299965736,0.08428692062951465,1.0,1.0
0,0,0,0,0,0,0,0,0,0,1,0,0,0,0,1,0,0.2182292620455989,0.10041076268248772,0.49642004773269693,1.0
0,1,0,0,0,0,0,0,0,0,1,0,0,0,0,1,0,0.23990042803237543,0.1097374962582344,0.7923627684964201,1.0
0,1,0,0,0,0,0,0,0,0,0,0,1,0,0,1,0,0.3141481269624405,0.11693408841395261,0.7350835322195703,1.0
0,1,0,0,0,0,0,0,0,0,1,0,0,0,0,1,0,0.36802421334121904,0.09356750457750052,0.6706443914081146,1.0
0,0,0,0,0,0,0,0,0,0,1,0,0,0,0,1,0,0.44738071973667143,0.09505578377715908,0.6706443914081146,1.0
0,0,0,0,0,0,0,0,0,0,1,0,0,0,0,1,0,0.4778289156846764,0.0701817550421707,0.7350835322195703,1.0
0,0,1,0,0,1,0,0,0,0,1,0,0,0,0,1,0,0.30534715518122446,0.07436991235007054,0.7923627684964201,1.0
0,1,0,0,0,0,0,0,1,0,0,0,0,0,0,1,0,0.1443504069246356,0.2387558811590574,1.0,0.797160243407708
1,0,1,0,0,0,0,0,0,0,1,0,0,0,0,1,0,0.13351364779534466,0.2805279928453106,0.5393794749403342,0.16024340770791076
0,1,0,0,0,0,0,0,0,0,0,0,1,0,0,1,0,0.2328107984585954,0.166906701620931,0.5393794749403342,0.5943204868154158
0,1,1,0,0,0,0,0,0,0,0,0,1,0,0,1,0,0.203404539957705,0.17319505128533738,0.7470167064439142,1.0
0,0,0,0,0,0,0,0,0,0,1,0,0,0,0,1,0,0.437304588842784,0.0944652914603151,0.8138424821002386,1.0
0,0,1,0,0,0,0,0,0,0,1,0,0,0,0,1,0,0.26538952642640495,0.07132122502019844,1.0,1.0
0,0,1,0,0,0,0,0,0,0,1,0,0,0,0,1,0,0.4797960957101801,0.08886121852595393,0.6515513126491648,1.0
0,1,0,0,0,0,0,0,1,0,0,0,0,0,0,1,0,0.35009824168059694,0.07287973679333244,0.665871121718377,1.0
0,0,1,0,0,0,0,0,0,0,1,0,0,0,0,1,0,0.3587281934544592,0.09961074200616969,0.9188544152744629,1.0
0,1,0,0,0,0,0,0,1,0,0,0,0,0,0,1,0,0.15060609771068278,0.16067043732436243,1.0,1.0
0,0,0,0,0,1,0,0,0,0,1,0,0,0,0,0,1,0.1710138263968638,0.23055631149023684,0.9069212410501193,1.0
0,0,0,0,0,0,0,0,0,0,1,0,0,0,0,1,0,0.18191707312112654,0.13664121960531062,,
0,0,0,0,0,0,0,0,0,0,1,0,0,0,1,0,0,0.35601553035658656,0.10810496484251306,0.9188544152744629,1.0
0,0,1,0,0,0,0,0,0,0,1,0,0,0,0,1,0,0.24371183015252468,0.1289704001655582,1.0,1.0
0,0,1,0,0,0,0,0,0,0,1,0,0,0,0,1,0,0.29960218918818793,0.13887517557681986,0.8615751789976134,1.0
1,0,1,0,0,0,0,0,0,0,1,0,0,0,0,1,0,0.18803596885861065,0.18703835969073557,0.9188544152744629,0.1359026369168357
0,1,0,0,0,1,0,0,0,0,1,0,0,0,0,1,0,0.159104580530372,0.2448002655801844,0.7804295942720763,1.0
0,0,0,0,0,0,0,0,0,0,1,0,0,0,0,1,0,0.4283412090380909,0.074054506315862,0.9188544152744629,1.0
0,0,0,0,0,0,0,0,0,0,1,0,0,0,0,1,0,0.29869727183780587,0.12123451284693906,1.0,1.0
0,0,0,0,0,1,0,0,0,0,1,0,0,0,0,1,0,0.18496113526301522,0.21533010430525643,0.8138424821002386,1.0
0,1,0,0,0,0,0,0,1,0,0,0,0,0,0,1,0,0.517616132184432,0.060566563738879135,0.9069212410501193,1.0
1,0,1,0,0,0,0,0,0,0,1,0,0,0,0,1,0,0.11706538360361006,0.31503553932623235,0.5369928400954653,0.15618661257606492
0,0,1,0,0,0,0,0,0,0,1,0,0,0,0,1,0,0.3176670733808404,0.10695762525220757,0.7470167064439142,1.0
0,1,0,0,0,0,0,0,1,0,0,0,0,0,0,1,0,0.06654407653793827,0.45786917113885445,0.8615751789976134,1.0
0,1,1,0,0,0,0,0,1,0,0,0,0,0,0,1,0,0.0658775316233762,0.4618167589578761,0.7804295942720763,1.0
0,1,0,0,0,0,0,0,0,0,1,0,0,0,0,1,0,0.14407968497358412,0.25105165466020807,1.0,1.0
0,1,0,1,0,1,0,0,0,0,1,0,0,0,0,1,0,0.06658831741219494,0.3772830053374818,0.7804295942720763,0.5943204868154158
0,0,0,0,0,0,0,0,0,0,1,0,0,0,0,1,0,0.2405185746428984,0.0800097152878696,1.0,1.0
0,0,1,0,0,0,0,0,0,0,1,0,0,0,0,1,0,0.3968868105046029,0.1038474742483183,0.7804295942720763,1.0
0,0,1,0,0,0,0,0,0,0,1,0,0,0,0,1,0,0.28423270565523956,0.0861632794100024,0.935560859188544,1.0
0,1,1,0,0,0,0,0,0,0,1,0,0,0,0,1,0,0.12718435765103867,0.25690067199303285,1.0,0.797160243407708
0,0,0,0,0,0,0,0,0,0,1,0,0,0,0,1,0,0.4504499331343082,0.09202759620848963,0.5393794749403342,1.0
0,0,1,0,0,0,0,0,0,0,1,0,0,0,0,1,0,0.37240667536329125,0.06510359250700286,1.0,1.0
0,0,0,0,0,0,0,0,0,0,1,0,0,0,0,1,0,0.28960967548004096,0.1429845194533484,0.7804295942720763,1.0
0,0,0,0,0,0,0,0,0,0,1,0,0,0,0,1,0,0.23347550278683504,0.17267704966267744,0.7804295942720763,1.0
0,1,0,0,0,0,0,0,0,0,1,0,0,0,0,1,0,0.33103638002370095,0.1236787606886691,0.935560859188544,1.0
0,0,0,0,0,0,0,0,0,0,1,0,0,0,0,1,0,0.41948930538659107,0.0997659224155656,0.7088305489260143,1.0
0,0,0,0,0,0,0,0,0,0,1,0,0,0,0,1,0,0.29651165129018314,0.12549465357065273,0.7708830548926013,1.0
0,0,1,0,0,0,0,0,0,0,1,0,0,0,0,1,0,0.3682641549784525,0.10367633732390566,0.7589498806682577,1.0
0,0,0,0,0,1,0,0,0,0,1,0,0,0,1,0,0,0.42731425784402927,0.0993378407382852,0.7947494033412885,1.0
1,0,1,0,0,0,0,0,0,0,1,0,0,0,0,1,0,0.08983988825167173,0.35754666808674707,0.40095465393794755,0.15415821501014199
0,0,1,0,0,0,0,0,0,0,1,0,0,0,0,1,0,0.3119564477395364,0.1284973031726248,0.935560859188544,1.0
0,0,0,0,0,0,0,0,0,0,1,0,0,0,0,1,0,0.11807788479754162,0.31155885738303496,0.19093078758949883,0.14807302231237324
0,0,0,0,0,0,0,0,1,0,0,0,0,0,0,1,0,0.21288317098681944,0.19002712390501347,1.0,1.0
0,1,0,0,0,0,0,0,0,0,1,0,0,0,0,1,0,0.37466211715371023,0.10846225027143512,,1.0
0,0,0,0,0,0,0,0,0,0,1,0,0,0,0,1,0,0.3035862081954251,0.1368223539803176,0.7804295942720763,1.0
0,1,0,0,0,0,0,0,1,0,0,0,0,0,0,1,0,0.37449356621525276,0.09052270323925699,0.8066825775656323,1.0
0,0,0,0,0,0,0,0,0,0,1,0,0,0,0,1,0,0.33467871206479444,0.0783931829974396,0.7040572792362769,0.5943204868154158
0,0,0,0,0,0,0,0,0,0,1,0,0,0,0,1,0,0.1823600201873259,0.21224335430324873,0.7947494033412885,0.14807302231237324
0,1,0,0,0,0,0,0,0,0,1,0,0,0,0,1,0,0.3810077655979622,0.09766499371184927,0.7899761336515512,1.0
0,1,0,0,0,0,0,0,0,0,1,0,0,0,0,1,0,0.3814235764372415,0.09870943331955573,0.5894988066825775,1.0
0,0,1,0,0,0,0,0,0,0,1,0,0,0,0,1,0,0.27990167918838904,0.11761291399290964,0.9045346062052504,1.0
0,1,0,0,0,0,0,0,0,0,0,0,1,0,0,1,0,0.11415636818150159,0.13344215789113453,0.6252983293556085,1.0
0,0,0,0,0,0,0,0,0,0,1,0,0,0,0,1,0,0.3566104201446868,0.07376301082136977,0.7947494033412885,1.0
0,0,0,0,0,1,0,0,0,0,1,0,0,0,0,1,0,0.23369186888571222,0.14331231301667244,0.9045346062052504,1.0
0,0,0,0,0,0,0,0,0,0,1,0,0,0,0,1,0,0.16613841384248793,0.03287364685597099,0.7088305489260143,1.0
0,0,0,0,0,0,0,0,0,0,0,0,1,0,0,1,0,0.26732171035227015,0.15052901602028892,0.9045346062052504,1.0
0,0,0,0,0,0,0,0,0,0,1,0,0,0,0,1,0,0.15428765726958535,0.23457935493957002,0.8329355608591884,0.14604462474645033
0,0,0,0,0,0,0,0,0,0,1,0,0,0,1,0,0,0.4837932793876707,0.08323839114990672,0.9045346062052504,1.0
0,1,0,0,0,0,0,0,1,0,0,0,0,0,0,1,0,0.0851907543059851,0.3831200418946734,0.7613365155131264,0.3914807302231238
0,1,0,0,0,0,0,0,0,0,1,0,0,0,0,1,0,0.22001639434964473,0.1838578162918014,0.7040572792362769,1.0
0,0,0,0,0,0,0,0,0,0,1,0,0,0,0,1,0,0.2139300331895365,0.18741366040546653,0.7040572792362769,1.0
0,0,0,0,0,0,0,0,0,0,1,0,0,0,0,1,0,0.20461658546074332,0.13685537242080859,0.7136038186157518,0.5943204868154158
1,0,1,0,0,0,0,0,0,0,1,0,0,0,0,1,0,0.14244553025126008,0.2682053201865494,0.7136038186157518,0.1237322515212982
1,0,1,0,0,0,0,0,0,0,1,0,0,0,0,1,0,0.17331510974734396,0.08933009025721943,0.8329355608591884,0.14604462474645033
0,0,0,0,0,0,0,0,1,0,0,0,0,0,0,1,0,0.48978635466935466,0.08492539852652899,,1.0
0,0,0,0,0,0,0,0,1,0,0,0,0,0,0,1,0,0.404869393602249,0.09338306212631714,0.7303102625298328,1.0
1,0,1,0,0,0,0,0,0,0,1,0,0,0,0,1,0,0.17296535571053795,0.2010576658413405,0.8758949880668256,0.11561866125760652
0,0,0,0,0,0,0,0,0,0,1,0,0,0,0,1,0,0.05279060295784294,0.5336765544928875,0.20047732696897375,0.13793103448275862
0,0,1,0,0,0,0,0,0,0,1,0,0,0,0,1,0,0.31459413129110336,0.06575983442894372,0.8377088305489258,1.0
0,1,0,0,0,0,0,0,0,0,0,0,1,0,0,1,0,0.34141634917075364,0.09439643259263657,0.6730310262529833,1.0
0,0,0,0,0,0,0,0,0,0,1,0,0,0,0,1,0,0.21267321896477137,0.15193385521088662,0.4677804295942721,0.15010141987829617
0,0,0,0,0,0,0,0,0,0,1,0,0,0,0,1,0,0.489041123138749,0.06974364849075458,0.863961813842482,1.0
0,1,0,0,0,0,0,0,0,0,0,0,1,0,0,1,0,0.2587265415772838,0.15548192206635142,0.8758949880668256,0.5943204868154158
0,0,0,0,0,0,0,0,0,0,1,0,0,0,0,1,0,0.2695138100268288,0.14761438163299956,0.8305489260143197,1.0
0,0,0,0,0,0,0,0,0,0,1,0,0,0,0,1,0,0.2958206816187012,0.08958169752911829,0.8377088305489258,1.0
0,0,0,0,0,0,0,0,0,0,1,0,0,0,0,1,0,0.32748425200658754,0.10657264435314832,0.8377088305489258,0.5943204868154158
0,1,0,0,0,0,0,0,1,0,0,0,0,0,0,1,0,0.301992595013343,0.12825027762396693,0.8377088305489258,1.0
0,0,0,0,0,0,0,0,0,0,1,0,0,0,0,1,0,0.5053429610334988,0.08267914868046648,0.5441527446300716,1.0
0,0,0,0,0,0,0,0,0,0,1,0,0,0,0,1,0,0.29140826724984836,0.10351472698300639,0.9188544152744629,1.0
0,0,0,0,0,0,0,0,0,0,1,0,0,0,0,1,0,0.2842965740707842,0.12921719713739932,0.8377088305489258,1.0
0,1,0,0,0,0,0,0,0,0,1,0,0,0,0,1,0,0.2264540603230953,0.15893243213354533,0.8329355608591884,0.797160243407708
0,0,0,0,0,0,0,0,0,0,1,0,0,0,0,1,0,0.43032099328362333,0.09639750207851291,0.863961813842482,1.0
0,1,0,0,0,0,0,0,0,0,1,0,0,0,0,1,0,0.3382800320041049,0.10912290168817962,0.6730310262529833,1.0
0,0,1,0,0,0,0,0,0,0,1,0,0,0,0,1,0,0.3547453794067597,0.08630294036644735,0.863961813842482,1.0
0,0,0,0,0,1,0,0,0,0,1,0,0,0,0,1,0,0.1715854068221757,0.14105278005273625,0.8758949880668256,1.0
0,0,0,0,0,0,0,0,0,0,1,0,0,0,0,1,0,0.3814687469395396,0.10855754776434946,0.7303102625298328,1.0
0,0,0,0,0,0,0,0,1,0,0,0,0,0,0,1,0,0.26245518753161295,0.15316355213871585,0.9188544152744629,1.0
0,0,0,0,0,0,0,0,0,0,1,0,0,0,0,1,0,0.2988419299088874,0.12306113061378368,0.9188544152744629,1.0
0,0,1,0,0,0,0,0,0,0,1,0,0,0,0,1,0,0.37542428100537006,0.09527828747659296,0.6324582338902147,0.3914807302231238
0,0,0,0,0,0,0,0,0,0,1,0,0,0,0,1,0,0.16935980929552716,0.16892863945616418,0.7613365155131264,1.0
0,0,0,0,0,0,0,0,0,0,1,0,0,0,0,1,0,0.21503968534794013,0.13703165354676014,0.7804295942720763,1.0
0,1,0,0,0,0,0,0,0,0,1,0,0,0,0,1,0,0.1273359387868825,0.2853891016610844,0.8758949880668256,1.0
0,0,0,0,0,0,0,0,0,0,1,0,0,0,0,1,0,0.18815375163757758,0.20037657655440697,0.6229116945107398,1.0
0,0,0,1,0,1,0,0,0,0,1,0,0,0,0,1,0,0.15389123892229503,0.24747712249007175,0.8758949880668256,1.0
0,0,0,0,0,1,0,0,1,0,0,0,0,0,0,1,0,0.2434206470811327,0.16591804997029205,0.9188544152744629,1.0
0,0,0,0,0,0,0,0,0,0,1,0,0,0,0,1,0,0.22975327562677905,0.17748632576975693,0.8830548926014319,0.797160243407708
0,0,0,0,0,0,0,0,0,0,1,0,0,0,0,1,0,0.4521775491427494,0.09405365112629313,0.9188544152744629,1.0
0,0,0,0,0,1,0,0,0,0,1,0,0,0,0,1,0,0.2868916456420837,0.14474660266910278,0.7875894988066825,1.0
0,1,1,0,0,0,0,0,0,0,1,0,0,0,0,1,0,0.36038262349826417,0.10106553052466735,0.7971360381861574,1.0
0,1,0,0,0,0,0,0,0,0,1,0,0,0,0,1,0,0.2766633176936136,0.09074335503729027,0.5155131264916468,1.0
1,0,1,0,0,1,0,0,0,0,1,0,0,0,0,1,0,0.11246543225594517,0.2570353269347737,0.8902147971360381,0.13793103448275862
0,1,1,0,0,0,0,0,0,0,1,0,0,0,0,1,0,0.2612337743958013,0.1520721147600033,0.8042959427207637,1.0
0,0,0,0,0,0,0,0,0,0,1,0,0,0,0,1,0,0.23403286304536772,0.16444572854284928,0.8066825775656323,0.127789046653144
0,0,0,0,0,0,0,0,0,0,1,0,0,0,0,1,0,0.2990511851297297,0.10125155587674997,0.7875894988066825,1.0
0,0,0,0,0,0,0,0,0,0,1,0,0,0,0,1,0,0.39640831797654225,0.1067429199496409,0.8878281622911692,0.797160243407708
0,0,0,0,0,0,0,0,1,0,0,0,0,0,0,1,0,0.44044182481377525,0.09256640554383028,0.30548926014319805,1.0
0,0,0,0,0,0,0,0,0,0,1,0,0,0,0,1,0,0.1344542283585279,0.27777249648335806,0.5656324582338903,0.07505070993914809
0,1,1,0,0,1,0,0,1,0,0,0,0,0,0,1,0,0.23344182885005296,0.16896594955027638,0.5894988066825775,1.0
0,0,0,0,0,0,0,0,1,0,0,0,0,0,0,1,0,0.3718083487298815,0.11343111674196889,0.8186157517899761,0.797160243407708
0,1,0,0,0,0,0,0,0,0,1,0,0,0,0,1,0,0.3678745630965458,0.112214471565786,0.30548926014319805,0.5943204868154158
1,0,1,0,0,0,0,0,0,0,1,0,0,0,0,1,0,0.15053379695803568,0.25237719022570576,0.9188544152744629,0.13387423935091278
0,1,0,0,0,0,0,0,0,0,1,0,0,0,0,1,0,0.40291734864541845,0.10169198746029218,0.8186157517899761,1.0
0,1,0,0,0,0,0,0,0,0,1,0,0,0,0,1,0,0.23125282245024475,0.17552843957871805,0.8186157517899761,1.0
0,0,0,0,0,0,0,0,0,0,1,0,0,0,0,1,0,0.3908606211988184,0.07937967781436814,0.8377088305489258,1.0
0,0,0,0,0,0,0,0,0,0,1,0,0,0,0,1,0,0.4252396002372742,0.09891487052541893,0.7183770883054892,1.0
0,0,0,0,0,0,0,0,0,0,1,0,0,0,1,0,0,0.41121820018507554,0.044177734627564726,0.8019093078758948,1.0
0,1,0,0,0,0,0,0,1,0,0,0,0,0,0,1,0,0.3256451915316619,0.045307281131219096,0.8019093078758948,1.0
0,0,0,0,0,0,0,0,0,0,1,0,0,0,0,1,0,0.4710455072030531,0.08312751661947337,0.8400954653937946,1.0
0,0,0,0,0,0,0,0,0,0,1,0,0,0,0,1,0,0.4456946734705306,0.08306091982395519,0.7183770883054892,1.0
0,1,0,0,0,1,0,0,1,0,0,0,0,0,0,1,0,0.16265646243675783,0.1433064647801733,0.7326968973747017,1.0
0,0,0,0,0,0,0,0,0,0,1,0,0,0,0,1,0,0.2289706411935148,0.1527951917406003,0.7088305489260143,1.0
0,0,0,0,0,0,0,0,0,0,1,0,0,0,1,0,0,0.3670285607623382,0.11225781501755387,0.8544152744630071,1.0
0,1,0,0,0,0,0,0,0,0,1,0,0,0,0,1,0,0.3405307649494888,0.0890954578805756,0.4797136038186158,1.0
0,0,0,0,0,0,0,0,0,0,1,0,0,0,0,1,0,0.19691872790050488,0.20169455788218596,0.8544152744630071,0.797160243407708
0,1,0,0,0,0,0,0,0,0,1,0,0,0,0,1,0,0.33229371700771404,0.08616886227292593,0.8019093078758948,1.0
0,0,0,0,0,0,0,0,0,0,1,0,0,0,0,1,0,0.3885154341240623,0.09613901988332745,0.7088305489260143,1.0
0,0,0,0,0,0,0,0,0,0,1,0,0,0,0,1,0,0.23739845242490593,0.14222765561931905,0.8019093078758948,1.0
0,1,0,0,0,0,0,0,0,0,1,0,0,0,0,1,0,0.2860000114315906,0.12080730539569604,0.7088305489260143,0.3914807302231238
1,0,1,0,0,0,0,0,0,0,1,0,0,0,0,1,0,0.08467407973616085,0.40004616781712765,0.3341288782816229,0.15010141987829617
0,0,0,0,0,0,0,0,0,0,1,0,0,0,0,1,0,0.23844748975918068,0.14400232111507574,0.8615751789976134,1.0
0,0,0,0,0,0,0,0,0,0,1,0,0,0,0,1,0,0.1873810237526755,0.17682873945857894,0.8615751789976134,0.13793103448275862
0,0,0,0,0,0,0,0,1,0,0,0,0,0,0,1,0,0.21080131136090238,0.1685587699299229,0.8377088305489258,1.0
0,0,0,0,0,0,0,0,0,0,1,0,0,0,0,0,1,0.17102025844515364,0.23054285427069207,0.8544152744630071,1.0
0,1,0,0,0,0,0,0,0,0,0,0,1,0,0,1,0,0.2217748494373784,0.17734340769755258,0.8377088305489258,1.0
0,0,0,0,0,0,0,0,0,0,1,0,0,0,0,1,0,0.32524880816793705,0.09321723226551275,0.8400954653937946,1.0
0,1,0,0,0,0,0,0,1,0,0,0,0,0,0,1,0,0.3513389087389527,0.07440277797025595,0.3842482100238663,1.0
0,0,0,0,0,0,0,0,0,0,1,0,0,0,0,1,0,0.31536143762719515,0.1253998344037509,0.8400954653937946,1.0
0,0,0,0,0,0,0,0,0,0,1,0,0,0,0,0,1,0.16795255245787702,0.23414348403375848,0.8544152744630071,1.0
0,0,0,0,0,0,0,0,0,0,1,0,0,0,0,1,0,0.4064783226466622,0.08935415775918107,0.7136038186157518,1.0
0,1,0,0,0,0,0,0,0,0,1,0,0,0,0,1,0,0.30695380279544143,0.10652752968485214,0.7136038186157518,0.5943204868154158
0,1,0,0,0,0,0,0,0,0,1,0,0,0,0,1,0,0.3296046848032459,0.1080231756406379,0.3842482100238663,1.0
0,0,0,0,0,0,0,0,0,0,1,0,0,0,0,1,0,0.4150684596989006,0.07578560029578497,0.8782816229116945,1.0
1,0,1,0,0,0,0,0,0,0,1,0,0,0,0,1,0,0.07337958852759548,0.4366649610184322,0.477326968973747,0.15415821501014199
0,1,0,0,0,0,0,0,0,0,1,0,0,0,0,1,0,0.3276132431240437,0.12765039683400123,0.7684964200477327,1.0
0,0,0,0,0,0,0,0,0,0,1,0,0,0,1,0,0,0.3974081680083474,0.10510791433971442,0.8782816229116945,1.0
0,0,0,0,0,0,0,0,0,0,1,0,0,0,1,0,0,0.4538096956083868,0.08625849888578903,0.8782816229116945,1.0
0,1,0,1,0,1,0,0,1,0,0,0,0,0,0,1,0,0.07830062898215445,0.40565091914229773,0.7088305489260143,1.0
0,1,0,0,0,0,0,0,1,0,0,0,0,0,0,1,0,0.16558265187616017,0.2302490537476854,0.3341288782816229,1.0
0,0,0,0,0,0,0,0,0,0,1,0,0,0,0,1,0,0.16923645579387386,0.19197838325820896,0.7971360381861574,0.12981744421906694
0,1,0,0,0,1,0,0,0,0,0,0,1,0,0,1,0,0.0735426382384593,0.42909768181552427,0.7947494033412885,0.5943204868154158
0,0,0,0,0,0,0,0,0,0,1,0,0,0,0,1,0,0.45623970115436135,0.09159247963122778,0.7971360381861574,0.797160243407708
0,1,0,0,0,0,0,0,0,0,1,0,0,0,0,1,0,0.1848294924434207,0.20090153663787744,0.7088305489260143,1.0
0,0,0,0,0,0,0,0,0,0,1,0,0,0,0,1,0,0.41486857569783403,0.09730383569794816,0.8591885441527445,1.0
0,0,0,0,0,0,0,0,0,0,1,0,0,0,0,1,0,0.4173052529694288,0.09203876767907025,0.7494033412887828,1.0
1,0,1,0,0,0,0,0,0,0,1,0,0,0,0,1,0,0.13604842648319165,0.17964513220525416,0.7947494033412885,0.13793103448275862
0,1,1,0,0,0,0,0,0,0,1,0,0,0,0,1,0,0.35366845691739135,0.0941180805905452,0.6252983293556085,1.0
0,0,0,0,0,0,0,0,0,0,1,0,0,0,0,1,0,0.3277247637708091,0.09583074217282288,0.8782816229116945,1.0
0,1,0,0,0,0,0,0,1,0,0,0,0,0,0,1,0,0.11471200586920506,0.20763452615153905,0.8591885441527445,1.0
0,1,0,1,0,0,0,0,1,0,0,0,0,0,0,1,0,0.07276543053984394,0.3306432610850409,0.7494033412887828,1.0
0,0,0,0,0,0,0,0,0,0,1,0,0,0,0,1,0,0.25679463075463516,0.11174676259301128,0.6252983293556085,1.0
0,1,0,0,0,1,0,0,0,0,0,0,1,0,0,1,0,0.20450222011515257,0.19631764180678302,0.7971360381861574,1.0
0,1,0,0,0,0,0,0,0,0,1,0,0,0,0,1,0,0.3523186671349675,0.11825981795334196,0.8591885441527445,1.0
0,0,0,0,0,0,0,0,1,0,0,0,0,0,0,1,0,0.14826185477031512,0.25467512487123656,0.7947494033412885,0.797160243407708
0,1,0,0,0,0,0,0,0,0,0,0,1,0,0,1,0,0.3414799993510362,0.12277490182015001,0.8591885441527445,0.5943204868154158
0,0,1,0,0,0,0,0,0,0,1,0,0,0,0,1,0,0.22058032975315273,0.1319188607170431,0.7088305489260143,0.797160243407708
1,0,1,0,0,0,0,0,0,0,1,0,0,0,0,1,0,0.16588059476689584,0.1808299842342511,0.8591885441527445,0.17038539553752538
0,0,0,0,0,0,0,0,0,0,1,0,0,0,0,1,0,0.35796065244453024,0.06932312339004744,0.7947494033412885,1.0
0,0,0,0,0,0,0,0,0,0,1,0,0,0,0,1,0,0.3201421542382236,0.1134765982116259,0.7494033412887828,1.0
0,0,0,0,0,0,0,0,0,0,1,0,0,0,0,1,0,0.3933209691252758,0.09510782082277928,0.7947494033412885,0.797160243407708
0,0,0,0,0,0,0,0,0,0,1,0,0,0,0,1,0,0.09492499381225702,0.3476859847126618,0.7947494033412885,0.13793103448275862
0,1,0,0,0,0,0,0,1,0,0,0,0,0,0,1,0,0.027476593772167844,0.7007549519375885,0.8042959427207637,1.0
0,0,0,0,0,0,0,0,0,0,1,0,0,0,0,1,0,0.38471952926692093,0.10966166957098798,0.7494033412887828,1.0
0,0,0,0,0,0,0,0,0,0,1,0,0,0,0,1,0,0.26170917092792767,0.1061044675529835,0.5178997613365155,1.0
0,0,0,0,0,0,0,0,1,0,0,0,0,0,0,1,0,0.11515479802489638,0.2819753775607503,0.7947494033412885,0.5943204868154158
0,1,1,0,0,0,0,0,0,0,0,0,1,0,0,1,0,0.20847541556088092,0.11096436293418434,0.8591885441527445,1.0
0,1,0,0,0,0,0,0,1,0,0,0,0,0,0,1,0,0.38601959424352433,0.10937309077148734,0.8210023866348448,0.797160243407708
0,0,0,0,0,0,0,0,0,0,1,0,0,0,0,1,0,0.36022991937840104,0.11078016290438653,0.8042959427207637,1.0
0,0,1,0,0,0,0,0,0,0,1,0,0,0,0,1,0,0.17138651677290104,0.17767073545716383,0.8042959427207637,1.0
0,0,0,0,0,0,0,0,1,0,0,0,0,0,0,1,0,0.35742243058961015,0.11699039564422516,0.5178997613365155,1.0
0,0,0,0,0,0,0,0,0,0,1,0,0,0,0,1,0,0.29412899054090746,0.11198366775705137,0.8782816229116945,1.0
0,1,0,0,0,1,0,0,0,0,1,0,0,0,0,1,0,0.15238911986203382,0.23913944647692095,0.9045346062052504,1.0
0,0,0,0,0,0,0,0,0,0,1,0,0,0,0,1,0,0.37039830771347587,0.0780937637104441,0.8424821002386635,1.0
0,1,0,0,0,0,0,0,1,0,0,0,0,0,0,1,0,0.281183050950003,0.14380659552052807,0.09546539379474944,1.0
0,1,0,0,0,0,0,0,0,0,1,0,0,0,0,1,0,0.2067944563818459,0.18015029190415294,0.6801909307875893,1.0
0,1,0,0,0,1,0,0,0,0,1,0,0,0,0,1,0,0.1548875881011218,0.24999358366009147,0.9785202863961813,1.0
0,0,0,0,0,0,0,0,0,0,1,0,0,0,0,1,0,0.32972595244555325,0.12668792309166,0.9785202863961813,1.0
0,0,0,0,0,0,0,0,1,0,0,0,0,0,0,1,0,0.24711234981094304,0.1658995872140537,0.7828162291169449,0.5943204868154158
0,0,1,0,0,0,0,0,0,0,1,0,0,0,0,1,0,0.2724340878895027,0.10316143690072335,0.7350835322195703,1.0
0,1,1,0,0,0,0,0,0,0,1,0,0,0,0,1,0,0.2706913677480383,0.14869915393726943,0.737470167064439,0.5943204868154158
0,0,0,0,0,0,0,0,0,0,1,0,0,0,0,1,0,0.458639581831515,0.09272410133824362,0.7088305489260143,1.0
0,1,0,0,0,0,0,0,1,0,0,0,0,0,0,1,0,0.16643544021745296,0.19053282794884954,0.8544152744630071,1.0
0,1,0,0,0,0,0,0,0,0,1,0,0,0,0,1,0,0.22872555091507835,0.1778879965739241,0.6945107398568018,1.0
0,0,0,0,0,0,0,0,0,0,1,0,0,0,0,1,0,0.5070440854123945,0.0760734482462241,0.701670644391408,1.0
1,0,1,0,0,0,0,0,0,0,1,0,0,0,0,1,0,0.16076020261279184,0.19473318138737655,0.35083532219570407,0.15821501014198783
0,0,0,0,0,0,0,0,0,0,1,0,0,0,0,1,0,0.24677018285190527,0.16629813916103733,0.8544152744630071,0.5943204868154158
0,1,0,0,0,1,0,0,1,0,0,0,0,0,0,1,0,0.23096628170262368,0.14329582947610073,0.6968973747016707,1.0
0,1,0,0,0,0,0,0,0,0,0,1,0,0,0,1,0,0.18152791144383512,0.20971108315989023,0.09546539379474944,1.0
0,0,0,0,0,1,0,0,1,0,0,0,0,0,0,1,0,0.10191640039307708,0.3498065669214877,0.7899761336515512,1.0
0,0,0,0,0,0,0,0,0,0,1,0,0,0,0,1,0,0.40590015832910914,0.1017541042240495,0.8400954653937946,1.0
0,1,1,0,0,0,0,0,1,0,0,0,0,0,0,1,0,0.15731495362105405,0.19626550968026513,0.8042959427207637,0.5943204868154158
0,0,0,0,0,0,0,0,0,0,1,0,0,0,0,1,0,0.3595515422051239,0.11706978889366737,0.7875894988066825,0.5943204868154158
0,0,1,0,0,0,0,0,0,0,1,0,0,0,0,1,0,0.32389833377506394,0.12924489288859564,0.5417661097852029,1.0
0,0,0,0,0,0,0,0,0,0,1,0,0,0,0,1,0,0.28248298413016143,0.1440023211150758,0.8615751789976134,1.0
0,1,0,0,0,0,0,0,0,0,1,0,0,0,0,1,0,0.35798626264429656,0.10467320425277883,0.7947494033412885,1.0
1,0,1,0,0,1,0,0,0,0,1,0,0,0,0,1,0,0.13108228497803825,0.2877676986336127,0.35083532219570407,0.15212981744421905
0,0,1,0,0,0,0,0,0,0,1,0,0,0,0,1,0,0.31211713549906006,0.05513655879216823,0.7947494033412885,1.0
0,1,0,0,0,0,0,0,1,0,0,0,0,0,0,1,0,0.4500163829573855,0.0897743783675906,0.5178997613365155,1.0
0,0,0,0,0,0,0,0,0,0,1,0,0,0,0,1,0,0.3586515104489663,0.1162510633232445,0.7971360381861574,0.797160243407708
0,1,0,0,0,0,0,0,1,0,0,0,0,0,0,1,0,0.2892251197672085,0.10428142872323103,0.8615751789976134,1.0
0,1,0,0,0,0,0,0,0,0,1,0,0,0,0,1,0,0.3509769391209967,0.10813461889686424,0.5107398568019093,0.5943204868154158
0,1,0,0,0,0,0,0,0,0,1,0,0,0,0,1,0,0.43405504083697277,0.09451398825128522,0.8400954653937946,1.0
0,0,0,0,0,0,0,0,0,0,1,0,0,0,0,1,0,0.4888019421378515,0.07481431037643486,0.8400954653937946,1.0
0,1,0,0,0,0,0,0,0,0,1,0,0,0,0,1,0,0.42758672676679155,0.09623601074413145,0.8400954653937946,1.0
1,0,1,0,0,0,0,0,0,0,1,0,0,0,0,1,0,0.11693827143115675,0.2955823551435969,0.2243436754176611,0.1359026369168357
0,1,0,0,0,0,0,0,1,0,0,0,0,0,0,1,0,0.34704389943615177,0.11579563827791022,0.5417661097852029,1.0
0,1,1,0,0,0,0,0,0,0,1,0,0,0,0,1,0,0.2729573311432771,0.1479709048980346,0.8400954653937946,1.0
0,1,0,0,0,0,0,0,0,0,1,0,0,0,0,1,0,0.32385604452896183,0.0693198014641053,0.5417661097852029,1.0
0,0,0,0,0,0,0,0,0,0,1,0,0,0,1,0,0,0.42908096853756705,0.07244719555117213,0.7326968973747017,1.0
0,1,0,0,0,0,0,0,0,0,0,0,1,0,0,1,0,0.400683399728009,0.09485938112492928,0.8400954653937946,1.0
0,1,0,0,0,0,0,0,0,0,0,0,1,0,0,1,0,0.2699166561327479,0.15315646070590036,0.8400954653937946,0.797160243407708
0,0,0,0,0,0,0,0,0,0,1,0,0,0,0,1,0,0.20534494257486421,0.17758953457909,0.9045346062052504,0.5943204868154158
0,0,0,0,0,0,0,0,1,0,0,0,0,0,0,1,0,0.3135197929215285,0.1255870312129603,0.8615751789976134,1.0
0,0,1,0,0,0,0,0,0,0,1,0,0,0,0,1,0,0.3284870091966753,0.1275608618712678,0.44868735083532213,1.0
0,0,0,0,0,0,0,0,0,0,1,0,0,0,0,1,0,0.4520881263866589,0.09319254762402504,0.7279236276849643,1.0
0,0,0,0,0,1,0,0,0,0,1,0,0,0,0,0,1,0.17258305905006396,0.22872261642415412,0.9045346062052504,1.0
0,0,0,0,0,0,0,0,0,0,1,0,0,0,1,0,0,0.4679022847984551,0.0903956016905248,0.8615751789976134,1.0
0,1,0,0,0,0,0,0,0,0,1,0,0,0,0,1,0,0.4642929310289523,0.09116451618499355,0.7947494033412885,1.0
0,1,0,0,0,0,0,0,1,0,0,0,0,0,0,1,0,0.24667429568988913,0.13541564210176066,0.7279236276849643,1.0
0,1,0,0,0,0,1,0,0,0,0,0,0,0,0,1,0,0.1569812306808207,0.1279943667522242,0.7112171837708829,1.0
1,0,1,0,0,0,0,0,0,0,1,0,0,0,0,1,0,0.15858136029534212,0.17773517927099935,0.9069212410501193,0.14807302231237324
0,1,1,0,0,0,0,0,1,0,0,0,0,0,0,1,0,0.19227998605623164,0.11840682222198724,0.7088305489260143,1.0
0,1,0,0,0,1,0,0,0,0,1,0,0,0,0,1,0,0.2984458645466419,0.09557218095055416,0.7947494033412885,1.0
0,0,0,0,1,0,0,0,0,0,1,0,0,0,0,1,0,0.272783022714071,0.13100930434666092,0.9069212410501193,0.797160243407708
0,0,0,0,0,0,0,0,0,0,1,0,0,0,0,1,0,0.3111225218971392,0.09518443448300876,0.7708830548926013,1.0
0,1,0,0,0,0,0,0,0,0,1,0,0,0,0,1,0,0.233960861059138,0.13490098966494554,0.7088305489260143,0.797160243407708
0,1,0,0,0,0,0,0,1,0,0,0,0,0,0,1,0,0.1696321917959297,0.06943873102833129,0.7756563245823389,0.797160243407708
0,0,0,0,0,0,0,0,0,0,1,0,0,0,0,1,0,0.3409067370490026,0.12116700250819738,0.9045346062052504,0.5943204868154158
0,1,0,0,0,0,0,0,0,0,1,0,0,0,0,1,0,0.3178967566443848,0.13147217444315218,0.7708830548926013,1.0
0,0,0,0,0,0,0,0,0,0,1,0,0,0,0,1,0,0.30884763183579994,0.12668982912753585,0.9069212410501193,1.0
0,0,1,0,0,0,0,0,1,0,0,0,0,0,0,1,0,0.3778994389515353,0.11171489603588279,0.5417661097852029,1.0
0,1,0,0,0,0,0,0,1,0,0,0,0,0,0,1,0,0.17441101746823126,0.2263904795237472,0.3031026252983294,1.0
0,0,0,0,0,0,0,0,0,0,1,0,0,0,0,1,0,0.35189258288703934,0.09940712528423443,0.9069212410501193,1.0
0,0,0,0,0,0,0,0,0,0,1,0,0,0,0,1,0,0.34634071512293246,0.11914403664468107,0.7756563245823389,0.797160243407708
0,0,0,0,0,0,0,0,0,0,1,0,0,0,0,1,0,0.1251218755434542,0.298459674551742,0.9069212410501193,0.14807302231237324
0,0,0,0,0,0,0,0,0,0,1,0,0,0,0,1,0,0.1551340007745167,0.1990186947157098,0.7326968973747017,1.0
0,0,0,0,0,0,0,0,0,0,1,0,0,0,0,1,0,0.15872609256075215,0.24568078505738242,0.9069212410501193,0.14807302231237324
1,0,1,0,0,0,0,0,0,0,1,0,0,0,0,1,0,0.17140577350992103,0.15627273459347846,0.3031026252983294,0.1359026369168357
0,0,0,0,0,0,0,0,0,0,0,0,1,0,0,1,0,0.0502536722983274,0.5423824841679245,0.7326968973747017,0.5943204868154158
0,0,0,0,0,0,0,0,0,0,1,0,0,0,1,0,0,0.36545017089402165,0.01812694491844757,0.486873508353222,1.0
0,0,0,0,0,0,0,0,1,0,0,0,0,0,0,1,0,0.2860476320925253,0.14147926662572918,0.8782816229116945,1.0
0,0,1,0,0,0,0,0,0,0,1,0,0,0,0,1,0,0.2588138325682894,0.08226856948660059,0.8377088305489258,1.0
0,0,0,0,0,0,0,0,1,0,0,0,0,0,0,1,0,0.20233981127823064,0.17601288419117753,0.7804295942720763,1.0
0,1,0,0,0,0,0,0,0,0,1,0,0,0,0,1,0,0.2606058589343204,0.14473631715049898,0.32696897374701667,1.0
1,0,1,0,0,0,0,0,0,0,1,0,0,0,0,1,0,0.09883906429512478,0.3303287828901603,0.5894988066825775,0.1359026369168357
0,1,0,0,0,0,0,0,0,0,0,0,1,0,0,1,0,0.1898948279325942,0.2089131809971997,0.7613365155131264,1.0
0,1,0,0,0,0,0,0,0,0,1,0,0,0,0,1,0,0.10221352209237995,0.3070994864301042,0.36515513126491655,1.0
0,1,0,0,0,0,0,0,0,0,1,0,0,0,0,1,0,0.1441925420075878,0.23516553580426114,0.8782816229116945,0.797160243407708
0,1,0,0,0,0,0,0,0,0,1,0,0,0,0,1,0,0.4582690290097483,0.08584187614278438,0.6324582338902147,1.0
0,0,0,0,0,0,0,0,0,0,0,0,1,0,0,1,0,0.3194179858847086,0.11223045118508428,0.8377088305489258,1.0
0,1,0,0,0,0,0,0,0,0,1,0,0,0,0,1,0,0.29160312901498603,0.06669370440517051,0.8377088305489258,1.0
0,0,0,0,0,0,0,0,0,0,1,0,0,0,0,1,0,0.3880951064384498,0.10868037270167276,0.36515513126491655,1.0
0,0,0,0,0,0,0,0,0,0,1,0,0,0,0,1,0,0.3908282647054147,0.10765718778557017,0.863961813842482,1.0
0,1,0,0,0,0,0,0,0,0,1,0,0,0,0,1,0,0.2739513567681219,0.1426390717140656,0.486873508353222,1.0
0,0,0,0,0,0,0,0,1,0,0,0,0,0,0,1,0,0.18818907310710806,0.19090437906691074,0.8782816229116945,0.797160243407708
0,1,0,0,0,0,0,0,0,0,1,0,0,0,0,1,0,0.34431262449867567,0.12190257462068184,0.6491646778042959,1.0
0,1,0,0,0,0,0,0,0,0,0,0,1,0,0,1,0,0.30725415533580275,0.1254737822324771,0.8782816229116945,1.0
0,0,0,0,0,0,0,0,0,0,1,0,0,0,1,0,0,0.3236480454157753,0.12397230719301319,0.6324582338902147,1.0
0,0,0,0,0,0,0,0,0,0,1,0,0,0,0,1,0,0.32671976478644166,0.10033516714761828,0.9188544152744629,1.0
0,0,0,0,0,0,0,0,0,0,1,0,0,0,0,1,0,0.23071832383890892,0.17527595069812135,0.8424821002386635,0.5943204868154158
0,1,0,0,0,1,0,0,0,0,1,0,0,0,0,1,0,0.16422573870165663,0.21394153837539873,0.9188544152744629,1.0
0,0,1,0,0,0,0,0,1,0,0,0,0,0,0,1,0,0.22059555245481885,0.1695916986075298,0.7804295942720763,1.0
0,0,1,0,0,0,0,0,1,0,0,0,0,0,0,1,0,0.22412093838383434,0.1751848404937751,0.7207637231503581,0.5943204868154158
0,1,0,0,0,0,0,0,0,0,1,0,0,0,0,1,0,0.2429577747840022,0.10513256423439465,0.5178997613365155,1.0
0,0,0,0,0,0,0,0,0,0,1,0,0,0,0,1,0,0.4456428565422691,0.09360905361124394,0.6491646778042959,1.0
0,1,0,0,0,1,0,0,0,0,1,0,0,0,0,1,0,0.1654235469647254,0.22749865323712298,0.5894988066825775,0.5943204868154158
0,0,0,0,0,0,0,0,0,0,1,0,0,0,0,1,0,0.4022684483565564,0.08469067937622142,0.701670644391408,1.0
0,0,0,0,0,0,0,0,0,0,1,0,0,0,0,1,0,0.36564155502011064,0.10685583868249832,0.6968973747016707,1.0
0,1,0,0,0,1,0,0,1,0,0,0,0,0,0,1,0,0.1970371984141908,0.11452144303236353,0.8424821002386635,1.0
0,0,0,0,0,0,0,0,0,0,1,0,0,0,0,1,0,0.10147443626017666,0.2911252982235564,0.8329355608591884,0.14604462474645033
0,1,1,0,0,0,0,0,0,0,1,0,0,0,0,1,0,0.1965289987716853,0.17858641759108504,0.6945107398568018,1.0
0,0,1,0,0,0,0,0,0,0,1,0,0,0,0,1,0,0.43688217706674193,0.09655021256400159,0.9785202863961813,1.0
1,0,1,0,0,1,0,0,0,0,1,0,0,0,0,1,0,0.10780927408252099,0.30149795688144054,0.20047732696897375,0.13793103448275862
0,0,1,0,0,0,0,0,0,0,1,0,0,0,0,1,0,0.3019285326573322,0.13326557471461176,0.9785202863961813,1.0
0,0,0,0,0,0,0,0,0,0,1,0,0,0,1,0,0,0.3383476278651908,0.12285454346488989,0.9785202863961813,1.0
0,0,0,0,0,0,0,0,0,0,1,0,0,0,0,1,0,0.24498823060288227,0.15971221713892575,0.6610978520286397,1.0
0,0,1,0,0,0,0,0,0,0,1,0,0,0,0,1,0,0.259576441678299,0.08271239264477212,0.6968973747016707,1.0
1,0,1,0,0,0,0,0,0,0,1,0,0,0,0,1,0,0.08993144073787997,0.34180291951486114,0.7923627684964201,0.17038539553752538
0,0,0,0,0,0,0,0,0,0,1,0,0,0,0,1,0,0.16324153177505116,0.2226643771195667,0.7804295942720763,0.15415821501014199
0,0,0,0,0,0,0,0,0,0,1,0,0,0,0,1,0,0.10026324678713917,0.3542440615705925,0.20047732696897375,0.13793103448275862
0,0,0,0,0,0,0,0,0,0,1,0,0,0,0,1,0,0.38317842342510283,0.1100804126978554,0.9785202863961813,1.0
1,0,1,0,0,0,0,0,0,0,1,0,0,0,0,1,0,0.1586709707450329,0.2209525138671655,0.20047732696897375,0.13793103448275862
0,0,1,0,0,0,0,0,0,0,1,0,0,0,0,1,0,0.24614857317506444,0.11424468000247778,0.8424821002386635,1.0
1,0,1,0,0,0,0,0,0,0,1,0,0,0,0,1,0,0.10394024547703372,0.3142916326977537,0.7804295942720763,0.15415821501014199
0,1,0,0,0,0,0,0,1,0,0,0,0,0,0,1,0,0.2887024419095833,0.14312911815335552,0.7804295942720763,1.0
1,0,1,0,0,0,0,0,0,0,1,0,0,0,0,1,0,0.12699043387679787,0.28852193685427374,0.7804295942720763,0.15415821501014199
0,0,0,0,0,0,0,0,0,0,1,0,0,0,0,1,0,0.34819640382574535,0.08791428178931962,0.6945107398568018,1.0
0,0,1,0,0,0,0,0,0,1,0,0,0,0,0,1,0,0.3325824315209544,0.10675736772768867,0.9785202863961813,1.0
0,0,1,0,0,0,0,0,0,0,1,0,0,0,0,1,0,0.42514198318130386,0.08475605315696093,0.6324582338902147,1.0
0,0,0,0,0,0,0,0,0,0,1,0,0,0,0,1,0,0.19544072276014404,0.20054615621607103,0.7804295942720763,0.15415821501014199
0,0,1,0,0,0,0,0,0,0,0,0,1,0,0,1,0,0.36016309174081423,0.10025549263434178,0.8329355608591884,1.0
1,0,1,0,0,0,0,0,0,0,1,0,0,0,0,1,0,0.13930358770245863,0.2677355284893629,0.7923627684964201,0.17038539553752538
0,0,0,0,0,0,0,0,0,0,1,0,0,0,0,1,0,0.3815771351129009,0.1097217521611314,0.6968973747016707,1.0
0,0,0,0,0,0,0,0,0,0,1,0,0,0,0,1,0,0.34391028599902573,0.12216440548475456,0.8305489260143197,1.0
0,0,1,0,0,0,0,0,0,0,1,0,0,0,0,1,0,0.37059961613736503,0.1136896772779359,0.6730310262529833,0.797160243407708
1,0,1,0,0,0,0,0,0,0,1,0,0,0,0,1,0,0.16273054354526986,0.19979336056010605,0.35083532219570407,0.15821501014198783
0,0,0,0,0,0,0,0,0,0,0,0,1,0,0,1,0,0.22720537317392933,0.14760092038272726,0.7804295942720763,1.0
1,0,1,0,0,0,0,0,0,0,1,0,0,0,0,1,0,0.053848926037848945,0.5217006569762872,0.8544152744630071,0.11359026369168358
0,0,0,0,0,0,0,0,0,0,1,0,0,0,1,0,0,0.37941580895304106,0.0482070385580767,0.9785202863961813,1.0
0,0,0,0,0,0,0,0,0,0,1,0,0,0,1,0,0,0.4186285683095475,0.08482832117914439,0.8400954653937946,1.0
0,0,0,0,0,0,0,0,0,0,1,0,0,0,0,1,0,0.4179426042621334,0.09804014632583558,0.9785202863961813,1.0
0,0,0,0,0,1,0,0,0,0,1,0,0,0,1,0,0,0.46884295917916413,0.06993963469135388,0.6491646778042959,1.0
0,0,0,0,0,0,0,0,0,0,1,0,0,0,0,1,0,0.19290793857289065,0.18832195644044136,0.8568019093078758,0.1237322515212982
0,1,0,0,0,0,0,0,1,0,0,0,0,0,0,1,0,0.3103158253048633,0.1344271697692169,0.8568019093078758,1.0
1,0,1,0,0,0,0,0,0,0,1,0,0,0,0,1,0,0.14756374177001114,0.2599185432712844,0.7828162291169449,0.09330628803245437
0,0,0,0,0,0,0,0,0,0,1,0,0,0,0,1,0,0.119582272919753,0.2638590098723356,0.7828162291169449,0.13184584178498987
0,0,0,0,0,0,0,0,0,0,1,0,0,0,0,1,0,0.41134421025219353,0.09923770743734583,0.8162291169451072,1.0
0,0,0,0,0,1,0,0,0,0,1,0,0,0,0,0,1,0.1694765941047743,0.23235050004409918,0.6491646778042959,1.0
0,1,1,0,0,0,0,0,0,0,1,0,0,0,0,1,0,0.15933127713801826,0.18619406821644552,0.7828162291169449,0.5943204868154158
0,1,0,0,0,0,0,0,0,0,1,0,0,0,0,1,0,0.18700242891533356,0.12975331920953967,0.34367541766109794,1.0
1,0,1,0,0,0,0,0,0,0,1,0,0,0,0,1,0,0.10566197701106424,0.3372879844759895,0.7828162291169449,0.13184584178498987
0,0,1,0,0,0,0,0,1,0,0,0,0,0,0,1,0,0.3071169920906941,0.12678817606773712,0.8019093078758948,0.5943204868154158
0,1,0,0,0,0,0,0,1,0,0,0,0,0,0,1,0,0.3758643708665014,0.10739552541956794,0.7565632458233891,1.0
0,1,0,0,0,0,0,0,1,0,0,0,0,0,0,1,0,0.39663168383664293,0.10015482688052361,0.8019093078758948,1.0
0,1,0,0,0,0,0,0,0,0,1,0,0,0,0,1,0,0.2034538081857328,0.12462680383461736,0.7828162291169449,1.0
0,0,0,0,0,0,0,0,1,0,0,0,0,0,0,1,0,0.2820730950281836,0.14643872951994583,0.7828162291169449,1.0
0,1,0,0,0,1,0,0,0,0,1,0,0,0,0,1,0,0.16941172282395495,0.11857551405046729,0.7804295942720763,1.0
0,0,0,0,0,0,0,0,0,0,1,0,0,0,0,1,0,0.47280037392566737,0.07022242384025917,0.7923627684964201,1.0
0,1,0,0,0,0,0,0,0,0,0,0,1,0,0,1,0,0.27031893192036066,0.15275455863916274,0.8377088305489258,0.797160243407708
0,1,0,0,0,0,0,0,0,0,0,0,1,0,0,1,0,0.39989003900594666,0.10314084224862044,0.7923627684964201,1.0
0,1,0,0,0,0,0,0,0,0,0,0,1,0,0,1,0,0.23535876630624455,0.1675228057556113,0.8186157517899761,1.0
0,1,1,0,0,0,0,0,0,0,0,0,1,0,0,1,0,0.24214108980609556,0.1691958292731074,0.8257756563245822,1.0
0,1,0,0,0,0,0,0,0,0,1,0,0,0,0,1,0,0.22464027079255758,0.08774732161269926,0.8591885441527445,1.0
0,0,0,0,0,0,0,0,0,0,1,0,0,0,0,1,0,0.503723673302739,0.08073478819772226,0.7159904534606205,1.0
0,0,0,0,0,0,0,0,0,0,1,0,0,0,0,1,0,0.5433577616471454,0.076827773926986,0.4797136038186158,1.0
0,0,0,0,0,0,0,0,1,0,0,0,0,0,0,1,0,0.3798000375837302,0.09489496845936954,0.8042959427207637,0.797160243407708
0,1,0,0,0,0,0,0,0,0,0,0,1,0,0,1,0,0.3428607496915906,0.11194857225172274,0.7159904534606205,1.0
1,0,1,0,0,0,0,0,0,0,1,0,0,0,0,1,0,0.11721050413856533,0.28243016548240524,0.7804295942720763,0.12981744421906694
0,1,0,0,0,0,0,0,0,0,0,0,1,0,0,1,0,0.37115653682883,0.09648161134811949,0.39618138424821,1.0
0,0,1,0,0,0,0,0,0,0,1,0,0,0,0,1,0,0.2524335217560197,0.12445779390730108,0.5894988066825775,1.0
0,0,0,0,0,0,0,0,0,0,1,0,0,0,0,1,0,0.23488569789617625,0.1329113181749403,0.8257756563245822,1.0
0,0,1,0,0,0,0,0,0,0,1,0,0,0,0,1,0,0.43852998607893223,0.09460059468385972,0.8042959427207637,0.797160243407708
0,0,0,0,0,1,0,0,0,0,1,0,0,0,1,0,0,0.4482575079394014,0.0784411031141684,0.8042959427207637,1.0
0,0,0,0,0,0,0,0,0,0,1,0,0,0,0,1,0,0.3130395590379312,0.1212485659957926,0.8042959427207637,1.0
0,0,0,0,0,0,0,0,0,0,1,0,0,0,0,0,1,0.1710138263968638,0.23055631149023684,0.8591885441527445,1.0
0,0,0,0,0,0,0,0,0,0,1,0,0,0,0,1,0,0.3725299265795819,0.10490959167826311,0.7159904534606205,1.0
0,0,0,0,0,0,0,0,1,0,0,0,0,0,0,1,0,0.2387491071391072,0.15880136315834936,0.7971360381861574,0.797160243407708
0,1,0,0,0,0,0,0,0,0,0,0,1,0,0,1,0,0.42406676065776394,0.09639931589669522,0.8591885441527445,1.0
0,1,0,0,0,0,0,0,0,0,1,0,0,0,0,1,0,0.29306065359835215,0.10863659079892098,0.5155131264916468,0.5943204868154158
0,1,0,0,0,0,0,0,0,0,0,0,1,0,0,1,0,0.23293616927548474,0.1657959353156052,0.7661097852028638,1.0
0,0,0,0,0,0,0,0,1,0,0,0,0,0,0,1,0,0.4027459313318092,0.09055734626733988,0.7422434367541766,1.0
1,0,1,0,0,0,0,0,0,0,1,0,0,0,0,1,0,0.09820501381301161,0.35820694954062665,0.8329355608591884,0.14604462474645033
0,1,0,0,0,0,0,0,1,0,0,0,0,0,0,1,0,0.24539241621568259,0.08205674139231411,0.8377088305489258,1.0
0,0,1,0,0,0,0,0,1,0,0,0,0,0,0,1,0,0.3834511697316552,0.09854905652212109,0.6324582338902147,0.3914807302231238
0,0,0,0,0,0,0,0,0,0,1,0,0,0,0,1,0,0.281698877812735,0.08765823108817217,0.809069212410501,1.0
0,1,0,0,0,0,0,0,1,0,0,0,0,0,0,1,0,0.5095069303195338,0.08306957535601582,0.6587112171837708,1.0
0,1,0,0,0,0,0,0,1,0,0,0,0,0,0,1,0,0.1449129318798526,0.25624615178784954,0.6181384248210025,1.0
1,0,1,0,0,0,0,0,0,0,1,0,0,0,0,1,0,0.17788459815257335,0.1679900852494789,0.8329355608591884,0.14604462474645033
0,0,0,0,0,1,0,0,0,0,1,0,0,0,0,0,1,0.1679329306804293,0.2341856459872897,0.8377088305489258,1.0
0,1,1,0,0,0,0,0,0,0,1,0,0,0,0,1,0,0.32854958412250274,0.1205968195019014,0.8377088305489258,0.5943204868154158
0,1,0,0,0,0,0,0,0,0,0,0,1,0,0,1,0,0.32797555234705106,0.12152260100475472,0.7661097852028638,1.0
0,0,0,0,0,0,0,0,0,0,1,0,0,0,0,1,0,0.48177949644935464,0.08763540764464743,0.7040572792362769,1.0
0,0,0,0,0,0,0,0,0,0,1,0,0,0,0,1,0,0.5479291562393697,0.07245190632438274,0.29594272076372313,1.0
0,1,0,0,0,1,0,0,0,0,1,0,0,0,0,1,0,0.10358681235026822,0.3338230083730146,0.9188544152744629,1.0
1,0,1,0,0,0,0,0,0,0,1,0,0,0,0,1,0,0.04941675943339124,0.5515404453420542,0.809069212410501,0.13995943204868155
0,0,1,0,0,0,0,0,0,0,1,0,0,0,0,1,0,0.15640262803205346,0.22611369282946908,0.8329355608591884,1.0
0,0,0,0,0,0,0,0,0,0,1,0,0,0,0,1,0,0.1341253019052117,0.2787332226980973,0.8329355608591884,0.14604462474645033
0,1,0,0,0,0,0,0,0,0,0,0,1,0,0,1,0,0.2568473819818661,0.1558755894043954,0.7613365155131264,1.0
0,0,0,0,0,0,0,0,0,0,1,0,0,0,1,0,0,0.4793955626648279,0.079564795264586,0.8424821002386635,1.0
0,0,1,0,0,0,0,0,0,0,1,0,0,0,0,1,0,0.35564847317651854,0.11806915255236708,0.7040572792362769,1.0
0,0,1,0,0,0,0,0,0,0,1,0,0,0,0,1,0,0.3959321722648538,0.10622220862297772,0.7040572792362769,0.5943204868154158
1,0,1,0,0,0,0,0,0,0,1,0,0,0,0,1,0,0.15044699415425297,0.2559731050698708,0.7661097852028638,0.077079107505071
0,0,1,0,0,0,0,0,0,0,1,0,0,0,0,1,0,0.21779830210844786,0.08547323001565482,0.7899761336515512,1.0
0,1,0,0,0,0,0,0,0,0,1,0,0,0,0,1,0,0.30226377417494477,0.13790244283521666,0.6801909307875893,1.0
0,0,0,0,0,1,0,0,0,0,1,0,0,0,0,1,0,0.11367286306578421,0.19956573261487626,0.6587112171837708,0.5943204868154158
0,0,0,0,0,0,0,0,1,0,0,0,0,0,0,1,0,0.4511929538768368,0.07007272764662745,0.7613365155131264,1.0
0,0,0,0,0,0,0,0,0,0,1,0,0,0,0,1,0,0.2270276421027754,0.17821615501316268,0.6992840095465394,0.13387423935091278
0,0,0,0,0,0,0,0,0,0,1,0,0,0,0,1,0,0.3920911911456012,0.08773531749408238,0.7947494033412885,0.797160243407708
0,0,0,0,0,1,0,0,0,0,1,0,0,0,0,1,0,0.07499667919095927,0.33230454708742596,0.39618138424821,0.13995943204868155
0,0,0,0,0,1,0,0,0,0,1,0,0,0,0,1,0,0.17996960186031666,0.20563337970817427,0.7494033412887828,1.0
1,0,1,0,0,0,0,0,0,0,1,0,0,0,0,1,0,0.19372889063113705,0.19848404226415028,0.2673031026252984,0.15415821501014199
0,1,0,0,0,0,0,0,0,0,1,0,0,0,0,1,0,0.19242418049515525,0.16317656709879944,0.8042959427207637,1.0
0,0,0,0,0,0,0,0,0,0,1,0,0,0,0,1,0,0.4340151695568363,0.09549984849837216,0.8782816229116945,1.0
0,0,0,0,0,0,0,0,0,0,1,0,0,0,1,0,0,0.45036787184346205,0.07988710637152655,0.8782816229116945,1.0
0,1,0,0,0,0,0,0,0,0,0,0,1,0,0,1,0,0.10051273818980266,0.3439508161661259,0.8186157517899761,1.0
0,0,0,0,0,0,0,0,0,0,1,0,0,0,0,1,0,0.15494394264064681,0.22950599632995428,0.7947494033412885,1.0
0,1,1,0,0,0,0,0,0,0,0,0,1,0,0,1,0,0.1502225415181783,0.15663024441966153,0.7947494033412885,1.0
1,0,1,0,0,0,0,0,0,0,1,0,0,0,0,1,0,0.05807562632724227,0.5046553951026721,0.8042959427207637,0.14198782961460446
0,0,0,0,0,1,0,0,0,0,1,0,0,0,1,0,0,0.36814264491460735,0.10020102784426778,0.8782816229116945,1.0
0,1,0,0,0,0,0,0,0,0,1,0,0,0,0,1,0,0.19031467523082593,0.20181026396857146,0.8042959427207637,0.5943204868154158
0,0,0,0,0,0,0,0,0,0,1,0,0,0,0,1,0,0.5012516894953992,0.07976195969247027,0.7494033412887828,1.0
0,1,0,0,0,0,0,0,0,0,1,0,0,0,0,1,0,0.2850778561185306,0.14437217321063514,0.7684964200477327,0.5943204868154158
0,0,0,0,0,0,0,0,0,0,1,0,0,0,0,1,0,0.3348562471735859,0.12418608229621386,0.8424821002386635,1.0
0,1,0,0,0,0,0,0,0,0,0,0,1,0,0,1,0,0.1328751537259728,0.1605785731847838,0.8424821002386635,1.0
0,1,0,0,0,0,0,0,1,0,0,0,0,0,0,1,0,0.20926584379601243,0.1155265214373511,0.7446300715990453,0.5943204868154158
0,1,0,0,0,0,0,0,1,0,0,0,0,0,0,1,0,0.21739740706474822,0.10994630045760276,0.7446300715990453,1.0
0,0,0,0,0,0,0,0,0,0,1,0,0,0,0,1,0,0.41834219352370366,0.1013139313885456,0.8591885441527445,1.0
0,1,0,0,0,1,0,0,0,0,1,0,0,0,0,1,0,0.15019355756979705,0.24095772217251038,0.7780429594272076,1.0
0,1,0,0,0,0,0,0,0,0,1,0,0,0,0,1,0,0.2344979726938952,0.16858854269508844,0.7995226730310263,1.0
0,1,0,0,0,0,0,0,0,0,0,1,0,0,0,1,0,0.17118098713523375,0.2013668338624012,0.8591885441527445,1.0
0,0,0,0,0,0,0,0,0,0,0,0,1,0,0,1,0,0.27181826232709955,0.13032972376378849,0.477326968973747,1.0
0,0,0,0,0,0,0,0,0,0,1,0,0,0,0,1,0,0.32331992216673916,0.12912224470524283,0.7494033412887828,0.5943204868154158
0,1,1,0,0,0,0,0,0,0,1,0,0,0,0,1,0,0.18154617067795353,0.18071975318191247,0.8424821002386635,1.0
0,0,0,0,0,0,0,0,0,0,1,0,0,0,0,1,0,0.44869785320098177,0.08936125366285703,0.8591885441527445,1.0
0,1,0,0,0,0,0,0,0,0,0,0,1,0,0,1,0,0.3238560445289619,0.12927559845329115,0.8186157517899761,1.0
0,1,0,0,0,0,0,0,0,0,0,0,1,0,0,1,0,0.26528723819956584,0.11596356213308046,0.2673031026252984,1.0
0,0,1,0,0,0,0,0,0,0,1,0,0,0,0,1,0,0.40927853751383725,0.09729592713854199,0.7947494033412885,1.0
0,0,0,0,0,0,0,0,0,0,1,0,0,0,0,1,0,0.3648094302199855,0.0859671652880053,0.737470167064439,1.0
0,0,0,0,0,0,0,0,0,0,1,0,0,0,0,1,0,0.13293993740589205,0.28411989833265605,0.09546539379474944,0.1257606490872211
0,1,0,0,0,0,0,0,0,0,1,0,0,0,0,1,0,0.21041445037109904,0.19049816093883556,0.8042959427207637,1.0
0,0,0,0,0,0,0,0,1,0,0,0,0,0,0,1,0,0.1506855919286067,0.2210154791022227,0.7923627684964201,1.0
0,0,0,0,0,0,0,0,0,0,1,0,0,0,0,1,0,0.3544061488574357,0.09999822170592466,0.6945107398568018,0.5943204868154158
0,1,0,0,0,0,0,0,0,0,1,0,0,0,0,1,0,0.31455426935909914,0.13173484629548707,0.7971360381861574,1.0
0,1,0,0,0,0,0,0,1,0,0,0,0,0,0,1,0,0.2113090499588329,0.1836810455890401,0.7565632458233891,1.0
1,0,1,0,0,0,0,0,0,0,1,0,0,0,0,1,0,0.12128112521744848,0.25278282232039995,0.09546539379474944,0.1257606490872211
0,0,0,0,0,0,0,0,0,0,1,0,0,0,0,1,0,0.42307609294390913,0.09750314968976011,0.7971360381861574,1.0
0,0,0,0,0,0,0,0,1,0,0,0,0,0,0,1,0,0.1788805584447906,0.19300995394872164,0.29355608591885446,1.0
0,0,0,0,0,0,0,0,0,0,1,0,0,0,0,1,0,0.17424039950382716,0.2167185369635426,0.8066825775656323,0.127789046653144
0,0,0,0,0,0,0,0,0,0,1,0,0,0,0,1,0,0.4452929394462653,0.08911585446439035,0.8042959427207637,1.0
0,0,0,0,0,0,0,0,0,0,1,0,0,0,0,1,0,0.3052874945668852,0.13484827151570147,0.6801909307875893,1.0
0,0,1,0,0,0,0,0,0,0,1,0,0,0,0,1,0,0.40144084960915283,0.06801772969653251,0.5131264916467779,1.0
0,0,0,0,0,0,0,0,0,0,1,0,0,0,0,1,0,0.34081278134904847,0.11622584565513062,0.737470167064439,0.5943204868154158
0,0,1,0,0,0,0,0,0,0,1,0,0,0,0,1,0,0.23022165357689897,0.15937137401365897,0.6801909307875893,0.3914807302231238
0,0,0,0,0,0,0,0,0,0,1,0,0,0,0,1,0,0.2934675232770289,0.13640064384610504,0.7971360381861574,1.0
0,1,0,0,0,0,0,0,0,0,1,0,0,0,0,1,0,0.28690351626327043,0.13258460942522757,0.8042959427207637,1.0
0,0,0,0,0,0,0,0,0,0,1,0,0,0,0,1,0,0.3596057301879857,0.11295997082590961,0.8520286396181382,1.0
0,0,0,0,0,0,0,0,1,0,0,0,0,0,0,1,0,0.25866105501024983,0.08052505669314686,0.6945107398568018,1.0
0,0,0,0,0,0,0,0,0,0,1,0,0,0,0,1,0,0.3704757464966065,0.0976973545248246,0.8066825775656323,1.0
0,0,0,0,0,0,0,0,0,0,1,0,0,0,0,1,0,0.20194331995213066,0.1509648891254636,0.8520286396181382,0.797160243407708
0,0,0,0,0,1,0,0,0,0,1,0,0,0,0,1,0,0.20345380818573283,0.13830032115666202,0.6801909307875893,1.0
0,0,0,0,0,0,0,0,0,0,1,0,0,0,0,1,0,0.27083769797554946,0.10754622500083047,0.7971360381861574,1.0
0,1,0,0,0,1,0,0,1,0,0,0,0,0,0,1,0,0.24071026966150744,0.17004728363769414,0.7971360381861574,1.0
0,0,1,0,0,0,0,0,0,0,1,0,0,0,0,1,0,0.39317183695606556,0.10414452997302724,0.7637231503579953,1.0
0,0,0,0,0,0,0,0,0,0,1,0,0,0,0,1,0,0.2012808800893964,0.11285612647812363,0.6801909307875893,1.0
0,0,1,0,0,0,0,0,1,0,0,0,0,0,0,1,0,0.23369186888571228,0.11100916816943018,0.7637231503579953,1.0
0,1,0,0,0,0,0,0,0,0,1,0,0,0,0,1,0,0.2683482119459954,0.13028710118864176,0.8257756563245822,1.0
0,0,0,0,0,1,0,0,0,0,1,0,0,0,0,1,0,0.3010567481654811,0.10721046127364704,0.477326968973747,1.0
0,0,0,0,0,0,0,0,0,0,1,0,0,0,1,0,0,0.39204426885530497,0.09884345984524322,0.8186157517899761,1.0
0,0,1,0,0,0,0,0,0,0,1,0,0,0,0,1,0,0.5267853075818625,0.07883004943366842,0.8878281622911692,1.0
0,0,0,0,0,0,0,0,0,0,1,0,0,0,0,1,0,0.22923506157406331,0.018105699382388304,0.9069212410501193,1.0
0,0,0,0,0,0,0,0,0,0,1,0,0,0,0,1,0,0.16256887201655376,0.2399820727100949,0.5966587112171837,0.15010141987829617
0,1,0,0,0,0,0,0,1,0,0,0,0,0,0,1,0,0.12277643161793962,0.2709787659547403,0.7804295942720763,1.0
0,0,0,0,0,0,0,0,0,0,1,0,0,0,0,1,0,0.3889855627424089,0.07436098393042463,0.8878281622911692,1.0
0,1,0,0,0,0,0,0,0,0,0,0,1,0,0,1,0,0.17838631503726604,0.2042933294718774,0.7804295942720763,1.0
0,0,0,0,0,0,0,0,0,0,1,0,0,0,0,1,0,0.42614694362796746,0.0768544532688419,0.5966587112171837,1.0
0,0,0,0,0,0,0,0,0,0,1,0,0,0,0,1,0,0.36566037448005584,0.08374490494140338,0.7804295942720763,1.0
0,1,0,0,0,0,0,0,0,0,0,0,1,0,0,1,0,0.3189391009957961,0.13013602087799825,0.8591885441527445,1.0
0,0,0,0,0,0,0,0,0,0,1,0,0,0,0,1,0,0.4278563325346913,0.0707913149614632,0.8042959427207637,1.0
0,0,0,0,0,0,0,0,0,0,1,0,0,0,0,1,0,0.3048434187283429,0.08126248477433429,0.6968973747016707,1.0
0,1,0,0,0,0,0,0,0,0,0,0,1,0,0,1,0,0.16248798078813023,0.16619811354838254,0.665871121718377,1.0
0,1,1,0,0,0,0,0,0,0,1,0,0,0,0,1,0,0.4272305950397987,0.09271803013035954,0.6992840095465394,1.0
0,1,0,0,0,0,0,0,0,0,0,0,1,0,0,1,0,0.3756443880321918,0.11170948092401733,0.7804295942720763,1.0
0,0,0,0,0,0,0,0,0,0,1,0,0,0,0,1,0,0.4473497438424775,0.07625244004788367,0.8138424821002386,1.0
0,0,0,0,0,0,0,1,0,0,0,0,0,0,0,1,0,0.12003562708092548,0.24855916152821836,0.9069212410501193,0.15010141987829617
0,0,0,0,0,0,0,0,0,0,1,0,0,0,0,1,0,0.4011684414961273,0.10177895018575467,0.7804295942720763,1.0
0,0,0,0,0,0,0,0,0,0,1,0,0,0,1,0,0,0.5225245195366277,0.08075342562473059,0.8138424821002386,1.0
0,0,0,0,0,0,0,0,0,0,1,0,0,0,0,1,0,0.3782305070081412,0.10363977445309143,0.8042959427207637,1.0
1,0,1,0,0,1,0,0,0,0,1,0,0,0,0,1,0,0.0559855982689036,0.5084082097278672,0.9069212410501193,0.15010141987829617
0,0,0,0,0,0,0,0,0,0,1,0,0,0,1,0,0,0.4582690290097484,0.0760734085075358,0.8138424821002386,1.0
0,0,0,0,0,0,0,0,0,0,1,0,0,0,0,1,0,0.26589615382439485,0.12929235752350016,0.6968973747016707,0.5943204868154158
0,1,0,0,0,0,0,0,1,0,0,0,0,0,0,1,0,0.34098725072649183,0.12310032808140109,0.5226730310262531,0.3914807302231238
0,1,0,0,0,0,0,0,0,0,0,0,1,0,0,1,0,0.14991069586290073,0.2305681431245129,0.39618138424821,1.0
0,0,0,0,0,0,0,0,0,0,1,0,0,0,0,1,0,0.1735944440556511,0.10915201794506547,0.2673031026252984,0.15415821501014199
0,1,0,0,0,0,0,0,0,0,0,0,1,0,0,1,0,0.0755159603519268,0.37324087624719765,0.7446300715990453,1.0
0,0,0,0,0,0,0,0,0,0,1,0,0,0,0,1,0,0.37115653682883004,0.10693392134922468,0.8138424821002386,1.0
0,0,0,0,0,1,0,0,0,0,0,0,1,0,0,1,0,0.3378741843258499,0.12216030125289913,0.7804295942720763,1.0
0,1,0,0,0,0,0,0,0,0,0,0,1,0,0,1,0,0.875852136143906,0.047664150888318,0.7804295942720763,1.0
1,0,1,0,0,0,0,0,0,0,1,0,0,0,0,1,0,0.12164991791857986,0.30571646601417,0.7422434367541766,0.1237322515212982
0,0,0,0,0,0,0,0,0,0,1,0,0,0,0,1,0,0.4091519126497708,0.10347280898498235,0.9069212410501193,1.0
0,0,0,0,0,0,0,0,0,1,0,0,0,0,0,1,0,0.21516438009918243,0.13446646455353087,0.7804295942720763,1.0
0,0,0,0,0,0,0,0,0,0,1,0,0,0,0,1,0,0.3442893610223707,0.10458418202148038,0.6968973747016707,1.0
0,0,0,0,0,1,0,0,0,0,1,0,0,0,0,1,0,0.3964924570406968,0.10366006801555167,0.8520286396181382,1.0
0,0,0,0,0,0,0,0,0,0,1,0,0,0,0,1,0,0.49925300396443945,0.08461658221327516,0.7159904534606205,1.0
0,0,0,0,0,0,0,0,0,0,1,0,0,0,0,1,0,0.2849026438955002,0.1294145341304334,0.8305489260143197,1.0
0,0,0,0,0,0,0,0,0,0,1,0,0,0,0,1,0,0.3602171912240908,0.08523502931178054,0.7159904534606205,1.0
0,0,0,0,0,0,0,0,0,0,1,0,0,0,0,1,0,0.4674794951234935,0.07119899069423113,0.7159904534606205,1.0
0,1,0,0,0,0,0,0,1,0,0,0,0,0,0,1,0,0.15600413540671726,0.14359810243674007,0.6968973747016707,1.0
0,0,0,0,0,0,0,0,0,0,1,0,0,0,0,1,0,0.17813871715182905,0.20910079952138877,0.7159904534606205,0.08924949290060853
0,1,0,0,0,1,0,0,0,0,1,0,0,0,0,1,0,0.14063266063068217,0.25648248576230437,0.8305489260143197,1.0
0,0,0,0,0,0,0,0,0,0,1,0,0,0,0,1,0,0.28716850498758717,0.10208424045526973,0.7159904534606205,0.797160243407708
0,0,0,0,0,0,0,0,0,0,1,0,0,0,0,1,0,0.3136906155013093,0.10710436180630829,0.7303102625298328,1.0
0,0,0,0,0,0,0,0,0,0,1,0,0,0,0,1,0,0.2574708271835819,0.1412913100953536,0.8329355608591884,1.0
0,0,0,0,0,0,0,0,0,0,1,0,0,0,0,1,0,0.34836074826993535,0.10721348564205085,0.8305489260143197,1.0
0,0,0,0,0,0,0,0,0,0,1,0,0,0,0,1,0,0.07091037150321804,0.30878545202328694,0.8329355608591884,0.14604462474645033
0,0,1,0,0,0,1,0,0,0,0,0,0,0,0,1,0,0.1199557347022538,0.2943702492273273,0.8758949880668256,1.0
1,0,1,0,0,0,0,0,0,0,1,0,0,0,0,1,0,0.08292381490094877,0.39928910937429507,0.7446300715990453,0.14604462474645033
0,0,0,0,0,0,0,0,0,0,1,0,0,0,0,1,0,0.44533183228066653,0.06773898357876335,0.8424821002386635,1.0
0,0,0,0,0,0,0,0,0,0,1,0,0,0,0,1,0,0.5652462755288673,0.0717913798188033,0.2673031026252984,1.0
0,0,0,0,0,0,0,0,0,0,1,0,0,0,0,1,0,0.3284731021059756,0.12757070774489604,0.7875894988066825,0.3914807302231238
0,1,0,0,0,0,0,0,0,0,0,0,1,0,0,1,0,0.17307353123879785,0.1037990012741224,0.6968973747016707,1.0
0,0,0,0,0,0,0,0,0,0,1,0,0,0,0,1,0,0.4397284536022887,0.0733192126653142,0.8424821002386635,1.0
0,1,0,0,0,0,0,0,1,0,0,0,0,0,0,1,0,0.2930645310885122,0.1419093712858266,0.8591885441527445,1.0
0,0,0,0,0,0,0,0,0,0,0,0,1,0,0,1,0,0.12693136071998837,0.2947126566821946,0.39618138424821,1.0
0,1,0,0,0,0,0,0,1,0,0,0,0,0,0,1,0,0.5086872708517661,0.07657097756552189,0.36515513126491655,1.0
0,0,0,0,0,1,0,0,0,0,1,0,0,0,0,1,0,0.17839250090670108,0.21984360827941032,0.8162291169451072,0.13793103448275862
0,0,0,0,0,0,0,0,0,0,1,0,0,0,0,1,0,0.26070555501290593,0.1581100448210729,0.7828162291169449,1.0
0,1,0,0,0,0,0,0,1,0,0,0,0,0,0,1,0,0.5006295248101361,0.0819412821273906,0.34367541766109794,1.0
0,1,1,0,0,0,0,0,1,0,0,0,0,0,0,1,0,0.19325278950902006,0.07018673609680201,0.8162291169451072,1.0
0,0,1,0,0,0,0,0,0,0,1,0,0,0,0,1,0,0.25113007178760777,0.12292930685058891,0.7875894988066825,0.5943204868154158
0,0,0,0,0,0,0,0,0,0,1,0,0,0,0,1,0,0.2779385009465242,0.14681530700237674,0.7828162291169449,1.0
0,1,1,0,0,0,0,0,1,0,0,0,0,0,0,1,0,0.24412723668348485,0.16769204151823092,0.27207637231503584,0.5943204868154158
0,0,0,0,0,0,0,0,0,0,1,0,0,0,0,1,0,0.491438492626134,0.07456311175166955,0.8400954653937946,1.0
1,0,1,0,0,0,0,0,0,0,1,0,0,0,0,1,0,0.22045851259390684,0.1842493375664217,0.8162291169451072,0.13793103448275862
0,0,0,0,0,0,0,0,0,0,1,0,0,0,0,1,0,0.10539334486175551,0.33376529863194,0.7828162291169449,0.09330628803245437
1,0,1,0,0,0,0,0,0,0,1,0,0,0,0,1,0,0.10297844756524617,0.3433128082164541,0.8162291169451072,0.13793103448275862
0,0,0,0,0,0,0,0,0,0,1,0,0,0,0,1,0,0.4289438700427326,0.09533142584480712,0.36515513126491655,0.5943204868154158
0,1,0,1,0,0,0,0,0,0,1,0,0,0,0,1,0,0.11570616633949991,0.09663572492617568,0.7828162291169449,0.5943204868154158
0,1,0,0,0,0,0,0,0,0,1,0,0,0,0,1,0,0.26555992370410003,0.14304959803073264,0.7828162291169449,1.0
0,0,0,0,0,1,0,0,0,0,1,0,0,0,0,1,0,0.19799942517606553,0.1998911546998395,0.7804295942720763,1.0
0,0,0,0,0,0,0,0,0,0,1,0,0,0,0,1,0,0.502256206336018,0.08340681926685553,0.8615751789976134,1.0
0,0,1,0,0,0,0,0,0,0,1,0,0,0,0,1,0,0.5685841815502086,0.06980428395149697,0.2625298329355608,1.0
0,0,0,0,0,0,0,0,0,0,1,0,0,0,0,1,0,0.2682723027014006,0.09540826501224474,0.7804295942720763,1.0
0,0,0,0,0,0,0,0,1,0,0,0,0,0,0,1,0,0.21901217876022855,0.1463770597074419,0.7040572792362769,1.0
0,1,0,0,0,0,0,0,1,0,0,0,0,0,0,1,0,0.19417531963352813,0.19394969444277343,0.7899761336515512,1.0
1,0,1,0,0,0,0,0,0,0,1,0,0,0,0,1,0,0.18800062064830744,0.2123156055017503,0.29594272076372313,0.13793103448275862
0,0,1,0,0,0,0,0,0,0,1,0,0,0,0,1,0,0.27713398659004296,0.06797305027686924,0.5775656324582339,0.5943204868154158
0,0,0,0,0,0,0,0,0,0,1,0,0,0,0,1,0,0.19316663053105262,0.2056600220119712,0.928400954653938,0.5943204868154158
0,1,0,0,0,0,0,0,0,0,1,0,0,0,0,1,0,0.4465022629896468,0.0892740369487488,0.7899761336515512,1.0
0,0,1,0,0,0,0,0,0,0,1,0,0,0,0,1,0,0.2020920893608803,0.11343144687873924,0.9140811455847255,1.0
0,0,0,0,0,0,0,0,0,0,1,0,0,0,0,1,0,0.3156252384808835,0.12864614586645173,0.6563245823389021,1.0
1,0,1,0,0,0,0,0,0,0,1,0,0,0,0,1,0,0.14011630109798012,0.16193654600016125,0.3556085918854415,0.15618661257606492
0,0,0,0,0,0,0,0,0,0,1,0,0,0,0,1,0,0.33218366723305565,0.09505128313508941,0.5775656324582339,1.0
0,0,0,0,0,0,0,0,1,0,0,0,0,0,0,1,0,0.23355726329567383,0.12808816802437045,0.7040572792362769,1.0
0,1,0,0,0,0,0,0,0,0,1,0,0,0,0,1,0,0.2900211600894267,0.13268800602004052,0.6801909307875893,1.0
0,0,0,0,0,0,0,0,0,0,1,0,0,0,0,1,0,0.266749811289093,0.152613832710382,0.7040572792362769,1.0
1,0,1,0,0,0,0,0,0,0,1,0,0,0,0,1,0,0.18984228628712368,0.20774421363471457,0.3484486873508353,0.16227180527383367
0,1,1,0,0,0,0,0,0,0,1,0,0,0,0,1,0,0.32859824561294954,0.12748214707182984,0.6563245823389021,1.0
0,1,0,0,0,0,0,0,0,0,0,0,1,0,0,1,0,0.18129038622985227,0.1974617071158543,0.928400954653938,0.5943204868154158
0,1,1,0,0,1,0,0,1,0,0,0,0,0,0,1,0,0.2314565969880967,0.17620566637423377,0.8424821002386635,1.0
0,0,0,0,0,0,0,0,0,0,1,0,0,0,0,1,0,0.3902247836949075,0.10835807681084722,0.9140811455847255,1.0
0,0,0,0,0,0,0,0,0,0,1,0,0,0,0,1,0,0.3294591071524381,0.12158316893733935,0.6801909307875893,1.0
0,0,0,0,0,0,0,0,0,0,1,0,0,0,0,1,0,0.29771334581118364,0.13669680330694334,0.9140811455847255,1.0
0,1,0,0,0,0,0,0,1,0,0,0,0,0,0,1,0,0.43228666276158073,0.09816982312953869,0.8520286396181382,1.0
0,0,0,0,0,0,0,0,0,0,1,0,0,0,0,1,0,0.339686734109646,0.11945936769086594,0.8329355608591884,1.0
0,0,0,0,0,0,0,0,0,0,1,0,0,0,0,1,0,0.112934789322182,0.3211247362102534,0.29594272076372313,0.13793103448275862
0,0,0,0,0,0,0,0,1,0,0,0,0,0,0,1,0,0.30543662522534504,0.12684343576371485,0.6563245823389021,1.0
0,0,0,0,0,0,0,0,0,0,1,0,0,0,1,0,0,0.39792886602886385,0.10598245391995793,0.7040572792362769,1.0
0,0,0,0,0,0,0,0,0,0,1,0,0,0,0,1,0,0.19238381619588205,0.13833772579169099,0.7899761336515512,0.13387423935091278
0,0,0,0,0,0,0,0,0,0,1,0,0,0,0,1,0,0.19849290993266872,0.16774863446779933,0.9069212410501193,0.5943204868154158
0,0,0,0,0,1,0,0,0,0,1,0,0,0,0,1,0,0.3449368513465424,0.08899214650045074,0.9069212410501193,1.0
0,0,0,0,0,0,0,0,0,0,1,0,0,0,0,1,0,0.3204983114421637,0.13009234224820834,0.7804295942720763,1.0
0,0,0,0,0,0,0,0,0,0,1,0,0,0,0,1,0,0.2719723429429844,0.12014526025315117,0.8400954653937946,0.797160243407708
0,0,1,0,0,0,0,0,0,0,0,0,1,0,0,1,0,0.29798824173598454,0.09991337369226422,0.7804295942720763,1.0
0,0,0,0,0,0,0,0,0,0,1,0,0,0,0,1,0,0.3172503668282046,0.12517528912609016,0.8400954653937946,0.797160243407708
1,0,1,0,0,0,0,0,0,0,1,0,0,0,0,1,0,0.15737051101347183,0.24728059821415974,0.8400954653937946,0.12981744421906694
0,1,0,0,0,0,0,0,1,0,0,0,0,0,0,1,0,0.24373492584227613,0.16815847772979223,0.8210023866348448,0.5943204868154158
0,1,0,0,0,0,0,0,0,0,1,0,0,0,0,1,0,0.3096874143957929,0.11093807883342735,0.568019093078759,1.0
0,1,1,0,0,0,0,0,0,0,0,0,1,0,0,1,0,0.21911943290694988,0.1851268808864347,0.7804295942720763,1.0
0,1,0,0,0,0,0,0,0,0,1,0,0,0,0,1,0,0.3776441131088655,0.080459398919802,0.6873508353221955,1.0
0,0,0,0,0,0,0,0,0,0,1,0,0,0,0,1,0,0.4073497351238017,0.1028864895065398,0.8042959427207637,1.0
0,1,1,0,0,0,0,0,1,0,0,0,0,0,0,1,0,0.3004817891074047,0.0780899602126673,0.8400954653937946,1.0
0,0,1,0,0,0,0,0,0,0,1,0,0,0,0,1,0,0.22985092848478017,0.17735797796469058,0.8138424821002386,1.0
0,0,1,0,0,0,0,0,0,0,1,0,0,0,0,1,0,0.2412984811316924,0.15585681413185618,0.7804295942720763,0.5943204868154158
0,1,0,0,0,0,0,0,0,0,1,0,0,0,0,1,0,0.31782499769078515,0.08657286970931032,0.9069212410501193,1.0
0,0,0,0,0,0,0,0,1,0,0,0,0,0,0,1,0,0.46330586870439144,0.07565657345587806,0.8019093078758948,1.0
0,0,0,0,0,0,0,0,0,0,1,0,0,0,0,1,0,0.3064525900971151,0.11499929710750971,0.8019093078758948,1.0
0,1,1,0,0,0,0,0,0,0,1,0,0,0,0,1,0,0.23632600203169096,0.17276845972416718,0.7804295942720763,1.0
0,0,0,0,0,0,0,0,0,0,1,0,0,0,0,1,0,0.2184598051144453,0.08625121989966165,0.8830548926014319,1.0
0,0,0,0,0,0,0,0,0,0,1,0,0,0,0,1,0,0.3783853145431845,0.09344715304145505,0.9069212410501193,0.5943204868154158
0,0,1,0,0,0,0,0,0,0,1,0,0,0,0,1,0,0.4095007429725178,0.09827918436590334,0.8019093078758948,0.797160243407708
0,1,0,0,0,0,0,0,0,0,1,0,0,0,0,1,0,0.2909400913596365,0.12992355567385996,0.8114558472553699,1.0
0,0,1,0,0,1,0,0,0,1,0,0,0,0,0,1,0,0.23168927541824835,0.17402106955053703,0.7804295942720763,1.0
0,0,0,0,0,0,0,0,0,0,1,0,0,0,0,1,0,0.17135441777096755,0.13179087175002174,0.7804295942720763,1.0
0,0,0,0,0,0,0,0,0,0,1,0,0,0,0,1,0,0.40549156283873383,0.10413598743941627,0.568019093078759,1.0
0,1,0,0,0,1,0,0,0,0,1,0,0,0,0,1,0,0.1568976982587074,0.24357815329939542,0.9069212410501193,1.0
0,0,0,0,0,0,0,0,0,0,1,0,0,0,0,1,0,0.5360333964678929,0.07972762520444622,0.5966587112171837,1.0
0,0,0,0,0,0,0,0,0,0,1,0,0,0,0,1,0,0.4109296365702221,0.08387264857732113,0.8926014319809068,1.0
0,1,0,0,0,1,0,0,0,0,0,0,1,0,0,1,0,0.20589233533612322,0.19525107100532718,0.7804295942720763,1.0
0,0,0,0,0,0,0,0,0,0,1,0,0,0,0,1,0,0.44348467774787925,0.08605303982039444,0.665871121718377,1.0
0,0,0,0,0,0,0,0,0,0,1,0,0,0,0,1,0,0.2551807567124848,0.10856471306345772,0.8520286396181382,0.797160243407708
0,1,1,0,0,0,0,0,0,0,0,0,1,0,0,1,0,0.1435368474527354,0.259889492063903,0.8114558472553699,0.5943204868154158
0,0,0,0,0,0,0,0,0,0,1,0,0,0,0,1,0,0.3813994833939385,0.06993997925429705,0.8878281622911692,1.0
0,0,0,0,0,0,0,0,0,0,1,0,0,0,0,1,0,0.4008240914879412,0.09969498591081051,0.8878281622911692,1.0
0,1,0,0,0,0,0,0,1,0,0,0,0,0,0,1,0,0.2420434706467287,0.09259181856483714,0.8782816229116945,1.0
0,1,0,0,0,0,0,0,0,0,1,0,0,0,0,1,0,0.2699879339556305,0.14490610748685231,0.7828162291169449,1.0
0,1,0,0,0,0,0,0,0,0,0,0,1,0,0,1,0,0.44474809371842533,0.09149376271516504,0.7804295942720763,1.0
0,1,0,0,0,0,0,0,1,0,0,0,0,0,0,1,0,0.17709530710739518,0.2182210783380359,0.7828162291169449,1.0
0,0,1,0,0,0,0,0,0,0,1,0,0,0,0,1,0,0.2737528261259783,0.13839683481059786,0.7804295942720763,1.0
0,0,0,0,0,0,0,0,1,0,0,0,0,0,0,1,0,0.3816854936134523,0.10558335382493741,0.6563245823389021,1.0
0,1,0,1,0,1,0,0,0,0,0,0,1,0,0,1,0,0.09966851448826945,0.2487604211084411,0.6610978520286397,1.0
1,0,1,0,0,1,0,0,0,0,1,0,0,0,0,1,0,0.08173923990767223,0.39535028393939375,0.8782816229116945,0.17038539553752538
1,0,1,0,0,0,0,0,0,0,1,0,0,0,0,1,0,0.10520394523640979,0.3223847023030138,0.27207637231503584,0.14198782961460446
0,0,1,0,0,0,0,0,0,0,1,0,0,0,0,1,0,0.19230883299743534,0.14888353799977175,0.8019093078758948,1.0
1,0,1,0,0,0,0,0,0,0,1,0,0,0,0,1,0,0.13768864758015148,0.25873394284624246,0.737470167064439,0.10953346855983774
0,0,0,0,0,0,0,0,0,0,1,0,0,0,0,1,0,0.3962922357980261,0.10299499218200708,0.737470167064439,0.5943204868154158
0,0,0,0,0,0,0,0,0,0,1,0,0,0,0,1,0,0.4246671465317806,0.07286522191405168,0.6372315035799523,1.0
0,0,0,0,0,0,0,0,0,0,1,0,0,0,0,1,0,0.42797760150364034,0.0960701596967718,0.7804295942720763,1.0
0,0,0,0,0,0,0,0,0,0,1,0,0,0,1,0,0,0.45086002240415207,0.09367356065548037,0.6372315035799523,1.0
0,1,0,0,0,0,0,0,0,0,1,0,0,0,0,1,0,0.28960967548004096,0.13101306579416902,0.477326968973747,0.5943204868154158
0,0,0,0,0,0,0,0,0,0,1,0,0,0,0,1,0,0.46726919838325,0.08837533697955097,0.7613365155131264,1.0
0,1,0,0,0,0,0,0,0,0,1,0,0,0,0,1,0,0.562932525875514,0.07435318979614951,0.7040572792362769,1.0
0,0,0,0,0,0,0,0,0,0,1,0,0,0,1,0,0,0.38059755257003136,0.10861144653914694,0.6372315035799523,1.0
1,0,1,0,0,0,0,0,0,0,1,0,0,0,0,1,0,0.08552575498680265,0.3865768266726644,0.737470167064439,0.10953346855983774
0,0,0,0,0,0,0,0,0,0,0,0,1,0,0,1,0,0.344033363084702,0.12110761991048319,0.7350835322195703,1.0
0,0,0,0,0,0,0,0,0,0,1,0,0,0,0,1,0,0.45426516901902786,0.09323748452523713,0.7350835322195703,1.0
0,0,1,0,0,0,0,0,0,0,1,0,0,0,0,1,0,0.23253089556609133,0.09778176665495662,0.7517899761336515,0.5943204868154158
0,0,0,0,0,0,0,0,0,0,1,0,0,0,0,1,0,0.3696851380222146,0.09941518771376735,0.6801909307875893,1.0
0,0,0,0,0,0,0,0,0,0,1,0,0,0,0,1,0,0.24342064708113254,0.16328355907152015,0.737470167064439,0.10953346855983774
0,0,0,0,0,0,0,0,0,0,1,0,0,0,0,1,0,0.3530623141841935,0.09003341502295699,0.6372315035799523,1.0
0,0,0,0,0,0,0,0,0,0,1,0,0,0,0,1,0,0.10370810873723428,0.30674881541733573,0.5131264916467779,0.09939148073022315
0,1,0,0,0,0,0,0,0,0,1,0,0,0,0,1,0,0.15071448941827087,0.22861242249651742,0.8568019093078758,1.0
0,1,0,0,0,0,0,0,1,0,0,0,0,0,0,1,0,0.17784117838127678,0.2111041340248696,0.8568019093078758,1.0
0,1,0,0,0,0,0,0,1,0,0,0,0,0,0,1,0,0.39054282729683715,0.10624249122663637,0.3842482100238663,1.0
0,0,0,0,0,0,0,0,1,0,0,0,0,0,0,1,0,0.26305313398311453,0.1269447196847696,0.8568019093078758,1.0
0,0,1,0,0,0,0,0,1,0,0,0,0,0,0,1,0,0.3800086347268595,0.10065352717625303,0.7947494033412885,1.0
0,0,0,0,0,0,0,0,0,0,1,0,0,0,0,1,0,0.24780443783723627,0.09539450554524964,0.8568019093078758,0.5943204868154158
1,0,1,0,0,0,0,0,0,0,1,0,0,0,0,1,0,0.14905187371528253,0.25266681741727587,0.8591885441527445,0.17038539553752538
0,0,0,0,0,0,0,0,0,0,1,0,0,0,0,1,0,0.13215250160999684,0.2644034317546489,0.8568019093078758,0.1237322515212982
0,1,0,0,0,0,0,0,0,0,0,0,1,0,0,1,0,0.09692606345987712,0.3242359806864837,0.3341288782816229,0.5943204868154158
0,0,0,0,0,0,0,0,0,0,1,0,0,0,0,1,0,0.35034998108162313,0.11995953717121853,0.8782816229116945,1.0
0,0,0,0,0,1,0,0,0,0,1,0,0,0,0,1,0,0.06455777225386349,0.45903822170452274,0.6443914081145585,0.14807302231237324
0,0,0,0,0,0,0,0,0,0,1,0,0,0,0,1,0,0.34809447283462536,0.09997396822660386,0.7684964200477327,1.0
0,0,1,0,0,1,0,0,0,0,1,0,0,0,0,1,0,0.18690174487527345,0.20524292529208651,0.7684964200477327,1.0
1,0,1,0,0,0,0,0,0,0,1,0,0,0,0,1,0,0.12453923099731597,0.2792232106659274,0.8377088305489258,0.16024340770791076
0,1,0,0,0,0,0,0,1,0,0,0,0,0,0,1,0,0.23756413139965554,0.17212925152546896,0.8544152744630071,1.0
0,0,0,0,0,0,0,0,0,0,1,0,0,0,0,1,0,0.4425465610933948,0.09578397906338333,0.7159904534606205,1.0
0,1,0,0,0,1,0,0,0,0,0,0,1,0,0,1,0,0.11148355661370422,0.31051455033215775,0.7684964200477327,1.0
0,1,0,0,0,0,0,0,1,0,0,0,0,0,0,1,0,0.6804477558042574,0.05602550130883881,0.8019093078758948,1.0
0,1,0,0,0,0,0,0,0,0,0,0,1,0,0,1,0,0.13397262503539506,0.28295793015628357,0.3842482100238663,0.3914807302231238
0,1,0,0,0,0,0,0,1,0,0,0,0,0,0,1,0,0.48169300872909904,0.08232795600363597,0.7159904534606205,1.0
0,0,0,0,0,0,0,0,0,0,1,0,0,0,1,0,0,0.4166199475855162,0.09478367583550647,0.8019093078758948,1.0
1,0,1,0,0,0,0,0,0,0,1,0,0,0,0,1,0,0.1095926964574983,0.23686203485867557,0.2983293556085918,0.11561866125760652
0,0,0,0,0,0,0,0,0,0,1,0,0,0,0,1,0,0.10633588017786819,0.3346808766206856,0.8544152744630071,0.12170385395537527
0,1,0,0,0,0,0,0,0,0,0,0,1,0,0,1,0,0.16832496551908702,0.23039398661652305,0.7828162291169449,0.5943204868154158
0,1,0,0,0,0,0,0,1,0,0,0,0,0,0,1,0,0.13000412769271708,0.28911445108489325,0.844868735083532,1.0
0,0,1,0,0,0,0,0,0,0,1,0,0,0,0,1,0,0.22817564946840282,0.17861752475317047,0.7828162291169449,1.0
0,1,0,0,0,0,0,0,1,0,0,0,0,0,0,1,0,0.16417899482040255,0.23638849214303337,0.7828162291169449,1.0
0,1,1,0,0,0,0,0,1,0,0,0,0,0,0,1,0,0.3397641593345154,0.11688982972284674,0.844868735083532,1.0
0,0,1,0,0,0,0,0,0,0,1,0,0,0,0,1,0,0.25807971857837114,0.13061821471942622,0.8257756563245822,1.0
0,0,0,0,0,0,0,0,0,0,1,0,0,0,0,1,0,0.31723598829314326,0.07770945852342707,0.7971360381861574,1.0
0,0,1,0,0,0,0,0,1,0,0,0,0,0,0,1,0,0.18834794350763862,0.1892651386723549,0.8520286396181382,0.797160243407708
0,0,0,0,0,0,0,0,0,0,1,0,0,0,0,1,0,0.3982756328963575,0.10127713079816714,0.844868735083532,1.0
0,1,0,0,0,0,0,0,1,0,0,0,0,0,0,1,0,0.1992812292806881,0.20014219998397248,0.6992840095465394,1.0
0,0,0,0,0,0,0,0,1,0,0,0,0,0,0,1,0,0.27105496429177167,0.09601019618775325,0.7923627684964201,0.3914807302231238
0,0,0,0,0,0,0,0,0,0,1,0,0,0,0,1,0,0.3312192362516214,0.1240777595312076,0.6992840095465394,1.0
0,1,0,0,0,0,0,0,0,0,0,0,1,0,0,1,0,0.27559637919465296,0.1411144056080439,0.6992840095465394,1.0
0,0,0,0,0,0,0,0,0,0,0,0,1,0,0,1,0,0.27935834510658814,0.13196580010116354,0.6992840095465394,1.0
0,0,0,0,0,0,0,0,0,0,1,0,0,0,0,1,0,0.44738071973667143,0.09505578377715908,0.5202863961813842,0.5943204868154158
0,0,0,0,0,0,0,0,0,0,1,0,0,0,1,0,0,0.3932683404740675,0.10564250320472124,0.8568019093078758,1.0
0,0,1,0,0,0,0,0,0,0,1,0,0,0,0,1,0,0.24985628505364166,0.16441974859745875,0.3842482100238663,1.0
1,0,1,0,0,0,0,0,0,0,1,0,0,0,0,1,0,0.05454542812146459,0.5242445819365604,0.3484486873508353,0.13184584178498987
0,0,0,0,0,0,0,0,1,0,0,0,0,0,0,1,0,0.14350663503810132,0.25630151042982285,0.8520286396181382,1.0
0,1,0,0,0,0,0,0,1,0,0,0,0,0,0,1,0,0.27435626608815805,0.06932441366253808,0.7971360381861574,1.0
0,1,0,0,0,0,0,0,0,0,1,0,0,0,0,1,0,0.36016309174081423,0.07764206208492379,0.8520286396181382,1.0
0,0,0,0,0,0,0,0,0,0,1,0,0,0,0,1,0,0.08246897856697825,0.40152333784049116,0.7828162291169449,0.13184584178498987
0,1,0,0,0,0,0,0,1,0,0,0,0,0,0,1,0,0.06439124470131491,0.4470728396653717,0.2673031026252984,1.0
0,1,0,0,0,0,0,0,1,0,0,0,0,0,0,1,0,0.056929521278952656,0.49682421837636276,0.2673031026252984,0.3914807302231238
0,1,0,0,0,0,0,0,0,0,1,0,0,0,0,1,0,0.37329013445205805,0.0804944256500233,0.8544152744630071,0.797160243407708
0,0,0,0,0,1,0,0,0,0,1,0,0,0,0,1,0,0.1359215135022066,0.273524841168699,0.6992840095465394,0.15415821501014199
0,0,0,0,0,0,0,0,0,0,1,0,0,0,0,1,0,0.19972721119660755,0.15129481332918684,0.7828162291169449,0.5943204868154158
0,0,0,0,0,0,0,0,0,0,1,0,0,0,0,1,0,0.3107744212742184,0.10346383767741713,0.8544152744630071,0.797160243407708
1,0,1,0,0,0,0,0,0,0,1,0,0,0,0,1,0,0.11164457916438018,0.16802396043754797,0.3842482100238663,0.14198782961460446
0,0,0,0,0,0,0,0,0,0,1,0,0,0,0,1,0,0.4810149990372612,0.08335510477193002,0.568019093078759,1.0
0,1,0,0,0,0,0,0,1,0,0,0,0,0,0,1,0,0.19216455797367066,0.17749753509550253,0.8019093078758948,1.0
1,0,1,0,0,0,0,0,0,0,1,0,0,0,0,1,0,0.21429008799463847,0.17277222473369025,0.8782816229116945,0.17038539553752538
1,0,1,0,0,1,0,0,0,0,1,0,0,0,0,1,0,0.10165964960224,0.2798722177133822,0.8782816229116945,0.17038539553752538
0,1,0,0,0,0,0,0,0,0,1,0,0,0,0,1,0,0.29194578451079356,0.07966702610177132,0.8162291169451072,1.0
1,0,1,0,0,0,0,0,0,0,1,0,0,0,0,1,0,0.19082665455404554,0.20726318836791016,0.8281622911694511,0.16227180527383367
0,1,1,0,0,1,0,0,0,0,1,0,0,0,0,1,0,0.30787251673638605,0.0958281271934393,0.8782816229116945,1.0
0,0,0,0,0,0,0,0,0,0,1,0,0,0,1,0,0,0.44852279532705663,0.08391024006381254,0.8400954653937946,1.0
0,1,0,0,0,0,0,0,0,0,1,0,0,0,0,1,0,0.46438256302628667,0.0885667676271307,0.36515513126491655,0.5943204868154158
0,0,0,0,0,0,0,0,0,0,1,0,0,0,0,1,0,0.4994548461673199,0.08305809898381881,0.30787589498806683,0.797160243407708
0,0,0,0,0,0,0,0,0,0,1,0,0,0,0,1,0,0.36970996616156293,0.10728170751742597,0.8210023866348448,1.0
0,1,1,0,0,1,0,0,1,0,0,0,0,0,0,1,0,0.10475416459777596,0.28390223134078874,0.8400954653937946,1.0
0,1,0,0,0,0,0,0,1,0,0,0,0,0,0,1,0,0.5111424129127164,0.08351418073580652,0.8782816229116945,1.0
0,0,0,0,0,0,0,0,0,0,1,0,0,0,0,1,0,0.4972791214515106,0.085008050172659,0.568019093078759,1.0
0,1,0,0,0,0,0,0,0,0,1,0,0,0,0,1,0,0.2787042004540096,0.11780575512699092,0.8400954653937946,0.797160243407708
0,0,0,0,0,0,0,0,0,0,1,0,0,0,0,1,0,0.4805119029910351,0.08513243343611157,0.8019093078758948,1.0
0,0,0,0,0,0,0,0,0,0,1,0,0,0,0,1,0,0.3733424016062409,0.11129936733056459,0.8019093078758948,1.0
0,0,1,0,0,0,0,0,0,0,1,0,0,0,0,1,0,0.17917033745369473,0.21418766742461057,0.8281622911694511,0.5943204868154158
1,0,1,0,0,0,0,0,0,0,1,0,0,0,0,1,0,0.13271306957137083,0.2562680195189808,0.8281622911694511,0.16227180527383367
0,0,0,0,0,0,0,0,0,0,0,0,1,0,0,1,0,0.3138250302770557,0.12883961366928323,0.6157517899761338,1.0
0,1,0,0,0,0,0,0,1,0,0,0,0,0,0,1,0,0.2725047399236529,0.14325890100548053,0.6563245823389021,0.797160243407708
0,0,0,0,0,0,0,0,0,0,1,0,0,0,0,1,0,0.2774650453629527,0.11273045449176401,0.7804295942720763,1.0
0,0,0,0,0,0,0,0,0,0,1,0,0,0,0,1,0,0.317307874732638,0.12910123689845265,0.7804295942720763,1.0
0,0,0,0,0,0,0,0,0,0,1,0,0,0,1,0,0,0.46871468114329096,0.0906574759144527,0.6491646778042959,1.0
0,0,0,0,0,0,0,0,0,0,1,0,0,0,1,0,0,0.39779875321350183,0.10150527169930755,0.6491646778042959,1.0
0,1,1,0,0,0,0,0,0,0,0,0,1,0,0,1,0,0.33122958370982336,0.11615230981170828,0.3341288782816229,0.5943204868154158
0,0,0,0,0,0,0,0,0,0,1,0,0,0,0,1,0,0.2999057777181921,0.08929407631537488,0.7494033412887828,1.0
0,0,0,0,0,1,0,0,0,0,1,0,0,0,0,1,0,0.1671200398186995,0.23148163788850573,0.7947494033412885,1.0
0,0,0,0,0,0,0,0,0,0,1,0,0,0,0,1,0,0.2603976809735009,0.1560896574575606,0.7494033412887828,1.0
0,0,0,0,0,0,0,0,0,0,1,0,0,0,0,1,0,0.3238560445289618,0.12873343797183012,0.7947494033412885,0.797160243407708
0,0,0,0,0,0,0,0,1,0,0,0,0,0,0,1,0,0.21743855643216903,0.14366846304075218,0.8042959427207637,1.0
0,0,0,0,0,0,0,0,0,0,1,0,0,0,0,1,0,0.17717002503035295,0.17736252933538635,0.8042959427207637,0.14198782961460446
0,1,1,0,0,0,0,0,0,0,1,0,0,0,0,1,0,0.21640245351059423,0.11839724054080951,0.6443914081145585,1.0
0,0,0,0,0,0,0,0,0,0,1,0,0,0,0,1,0,0.2428233859155034,0.15594084160219174,0.8042959427207637,0.5943204868154158
0,0,0,0,0,0,0,0,0,0,1,0,0,0,0,1,0,0.33629708628766436,0.1242304165116411,0.8591885441527445,1.0
0,0,0,0,0,0,0,0,0,0,1,0,0,0,0,1,0,0.4257381936103271,0.07008733870086759,0.8210023866348448,1.0
0,1,0,0,0,0,0,0,0,0,1,0,0,0,0,1,0,0.11258763220003025,0.29652864102425897,0.8042959427207637,0.5943204868154158
0,0,0,0,0,1,0,0,0,0,1,0,0,0,0,1,0,0.3270131952348846,0.12164093192260757,0.568019093078759,1.0
0,0,0,0,0,0,0,0,0,0,1,0,0,0,0,1,0,0.4328093815565885,0.09535369252055818,0.7494033412887828,1.0
0,0,0,0,0,0,0,0,0,0,1,0,0,0,0,1,0,0.25960255061995346,0.15693052539681704,0.568019093078759,1.0
0,0,0,0,0,0,0,0,0,0,1,0,0,0,0,1,0,0.3698682078226219,0.11324730967164547,0.8210023866348448,0.5943204868154158
1,0,1,0,0,0,0,0,0,0,1,0,0,0,0,1,0,0.17463826833099122,0.16848280581070782,0.7875894988066825,0.1359026369168357
0,0,0,0,0,0,0,0,0,0,1,0,0,0,0,1,0,0.16227208960439748,0.23756312183717285,0.477326968973747,0.15415821501014199
0,0,0,0,0,0,0,0,0,0,1,0,0,0,0,1,0,0.13563556634376495,0.20755235708629044,0.26968973747016706,0.1440162271805274
0,0,0,0,0,0,0,0,0,0,1,0,0,0,0,1,0,0.37089364686017134,0.11138188578054155,0.568019093078759,1.0
0,0,0,0,0,0,0,0,0,0,1,0,0,0,0,1,0,0.07987115301306498,0.3760669697144413,0.7995226730310263,0.14807302231237324
0,0,0,0,0,0,0,0,0,0,1,0,0,0,0,1,0,0.507114940366398,0.0775150740608427,0.5823389021479712,1.0
0,0,0,0,0,0,0,0,0,0,1,0,0,0,0,1,0,0.20307579964576947,0.18579233170566192,0.8138424821002386,1.0
1,0,1,0,0,0,0,0,0,0,1,0,0,0,0,1,0,0.15283903408185645,0.2533488007874898,0.7995226730310263,0.14807302231237324
0,1,0,0,0,0,0,0,0,0,0,0,1,0,0,1,0,0.05376136162044518,0.5287842946985386,0.8138424821002386,1.0
0,1,0,0,0,0,0,0,0,0,0,0,1,0,0,1,0,0.07740781950733633,0.4024451127969255,0.7947494033412885,1.0
0,1,0,0,0,0,0,0,0,0,0,1,0,0,0,1,0,0.19861050424243323,0.12458576729606828,0.7995226730310263,1.0
0,1,0,0,0,0,0,0,0,0,0,0,1,0,0,1,0,0.06339992668704253,0.47815601824284304,0.6443914081145585,1.0
0,0,0,0,0,0,0,0,0,1,0,0,0,0,0,1,0,0.8914344529506248,0.048259268683266576,0.8926014319809068,0.5943204868154158
0,0,0,0,0,1,0,0,0,0,1,0,0,0,0,1,0,0.10178296089435479,0.3337584131816005,0.8281622911694511,0.16227180527383367
0,0,0,0,0,0,0,0,0,0,1,0,0,0,0,1,0,0.1382757463590389,0.16881467403256195,0.04773269689737475,0.01825557809330629
0,0,0,0,0,0,0,0,0,0,1,0,0,0,0,1,0,0.45048839437619337,0.09412053164272019,0.8424821002386635,1.0
0,0,0,0,0,0,0,0,0,0,1,0,0,0,0,1,0,0.5478019684513742,0.07479485170123924,0.6229116945107398,1.0
0,0,0,0,0,0,0,0,0,0,1,0,0,0,0,1,0,0.3863528747582839,0.0939074887028594,0.9785202863961813,1.0
0,0,0,0,0,0,0,0,1,0,0,0,0,0,0,1,0,0.44668067344587614,0.08364209840659562,0.7565632458233891,1.0
0,0,0,0,0,0,0,0,0,0,1,0,0,0,0,1,0,0.45845056056544486,0.07750227176703041,0.9785202863961813,1.0
1,0,1,0,0,0,0,0,0,0,1,0,0,0,0,1,0,0.10995782124454256,0.23177889656743839,0.7040572792362769,0.13387423935091278
0,0,0,0,0,0,0,0,0,0,1,0,0,0,0,1,0,0.3872086112692896,0.0869919667425958,0.6945107398568018,0.5943204868154158
0,0,1,0,0,0,0,0,0,0,1,0,0,0,0,1,0,0.471578028730533,0.09016798698929007,0.8114558472553699,1.0
0,0,0,0,0,0,0,0,0,0,1,0,0,0,0,1,0,0.43139182073797067,0.08673973229372901,0.9785202863961813,1.0
1,0,1,0,0,0,0,0,0,0,1,0,0,0,0,1,0,0.13007020030635771,0.1919762468914137,0.7040572792362769,0.13387423935091278
0,0,1,0,0,0,0,0,1,0,0,0,0,0,0,1,0,0.42870989820291866,0.09642163194355804,0.36515513126491655,1.0
1,0,1,0,0,0,0,0,0,0,1,0,0,0,0,1,0,0.09078586382019385,0.3810641698106904,0.8162291169451072,0.13793103448275862
0,0,0,0,0,1,0,0,0,0,1,0,0,0,0,1,0,0.11699276315340672,0.3152860357760927,0.8758949880668256,0.15010141987829617
0,1,1,0,0,0,0,0,0,0,1,0,0,0,0,1,0,0.24589218449642025,0.1278120298103908,0.36515513126491655,0.5943204868154158
0,1,0,0,0,0,0,0,1,0,0,0,0,0,0,1,0,0.3149852466634271,0.1014760590861449,0.6801909307875893,1.0
0,0,0,0,0,0,0,0,0,0,1,0,0,0,0,1,0,0.17704547894392844,0.1759618221986777,0.8520286396181382,1.0
0,1,0,0,0,0,0,0,1,0,0,0,0,0,0,1,0,0.22599817684252674,0.07345374011665706,0.7828162291169449,0.5943204868154158
0,1,0,0,0,0,0,0,0,0,0,0,1,0,0,1,0,0.39208239362892394,0.10429786995472835,0.7804295942720763,1.0
1,0,1,0,0,0,0,0,0,0,1,0,0,0,0,1,0,0.16021462815034165,0.24379576719036958,0.928400954653938,0.16024340770791076
0,0,0,0,0,0,0,0,0,0,0,0,1,0,0,1,0,0.05348039454276896,0.5271284591742947,0.8520286396181382,1.0
0,0,0,0,0,0,0,0,0,0,1,0,0,0,0,1,0,0.2945151568131182,0.1406591470481801,0.7804295942720763,1.0
0,1,0,0,0,0,0,0,0,0,1,0,0,0,0,1,0,0.43135705930408214,0.09530735961315909,0.36515513126491655,1.0
0,0,1,0,0,0,0,0,0,0,1,0,0,0,0,1,0,0.21919601284006,0.18194109302475212,0.7828162291169449,0.5943204868154158
1,0,1,0,0,0,0,0,0,0,1,0,0,0,0,1,0,0.14718033809822342,0.22957607851550807,0.928400954653938,0.16024340770791076
0,1,0,0,0,0,0,0,1,0,0,0,0,0,0,1,0,0.23980194784312475,0.16124742754579616,0.928400954653938,0.5943204868154158
1,0,1,0,0,0,0,0,0,0,1,0,0,0,0,1,0,0.15840199985198136,0.2180376473203527,0.3556085918854415,0.15618661257606492
0,0,0,0,0,0,0,0,0,0,1,0,0,0,0,1,0,0.3565204440730963,0.0796628329863814,0.809069212410501,1.0
0,0,0,0,0,0,0,0,0,0,1,0,0,0,0,1,0,0.3485151641575815,0.11537446355276246,0.7828162291169449,1.0
1,0,1,0,0,0,0,0,0,0,1,0,0,0,0,1,0,0.10752580824161309,0.2912605911612064,0.9140811455847255,0.11764705882352942
0,1,1,0,0,0,0,0,0,0,1,0,0,0,0,1,0,0.18536151263143325,0.05426881463377499,0.928400954653938,1.0
1,0,1,0,0,0,0,0,0,0,1,0,0,0,0,1,0,0.1210963519849801,0.2765477245581798,0.928400954653938,0.16024340770791076
0,0,0,0,0,0,0,0,0,0,1,0,0,0,0,1,0,0.523132421053554,0.07439143819423806,0.7804295942720763,1.0
0,0,0,0,0,0,0,0,0,0,1,0,0,0,0,1,0,0.27615906230111675,0.10756041649998394,0.7828162291169449,0.5943204868154158
0,0,1,0,0,0,0,0,1,0,0,0,0,0,0,1,0,0.28813551636918244,0.1429705998526393,0.36515513126491655,1.0
1,0,1,0,0,0,0,0,0,0,1,0,0,0,0,1,0,0.17342943312892514,0.2212568696425234,0.9140811455847255,0.11764705882352942
0,0,0,0,0,0,0,0,0,0,1,0,0,0,0,1,0,0.21397180778841454,0.1431267719494583,0.8353221957040573,1.0
0,0,0,0,0,0,0,0,1,0,0,0,0,0,0,1,0,0.19391215682308158,0.11961353387052055,0.8353221957040573,1.0
1,0,1,0,0,0,0,0,0,0,1,0,0,0,0,1,0,0.0901257230898037,0.361781408641888,0.9140811455847255,0.11764705882352942
1,0,1,0,0,0,0,0,0,0,1,0,0,0,0,1,0,0.07662433234596103,0.4262532309560012,0.3556085918854415,0.15618661257606492
1,0,1,0,0,0,0,0,0,0,1,0,0,0,0,1,0,0.14991069586290073,0.2305681431245129,0.928400954653938,0.16024340770791076
0,0,1,0,0,0,0,0,1,0,0,0,0,0,0,1,0,0.2095002974619737,0.17732909863974622,0.9140811455847255,1.0
0,1,0,0,0,0,0,0,0,0,1,0,0,0,0,1,0,0.20667043091996234,0.1906663291122493,0.9140811455847255,1.0
0,1,0,0,0,0,0,0,0,0,1,0,0,0,0,1,0,0.21433179678642852,0.09480255863681225,0.8758949880668256,1.0
0,0,0,0,0,0,0,0,0,0,1,0,0,0,0,1,0,0.4469546188214831,0.08509234183060835,0.6491646778042959,1.0
1,0,1,0,0,0,0,0,0,0,1,0,0,0,0,1,0,0.12678779431643875,0.29516307216443777,0.928400954653938,0.16024340770791076
0,1,1,0,0,0,0,0,1,0,0,0,0,0,0,1,0,0.14335548608104523,0.23733851531733924,0.8162291169451072,0.5943204868154158
0,0,0,0,0,0,0,0,0,0,1,0,0,0,0,1,0,0.3263980985538962,0.12798286867415826,0.7040572792362769,1.0
1,0,1,0,0,0,0,0,0,0,1,0,0,0,0,1,0,0.13897729523948682,0.27049959968442244,0.928400954653938,0.16024340770791076
0,0,0,0,0,0,0,0,0,0,1,0,0,0,0,1,0,0.13244523913987696,0.21090661994044266,0.9140811455847255,0.5943204868154158
0,0,1,0,0,0,0,0,0,0,1,0,0,0,0,1,0,0.3197249681312168,0.13066462905053453,0.8758949880668256,1.0
0,0,0,0,0,0,0,0,0,0,1,0,0,0,0,1,0,0.20083257970041882,0.14709107739493488,0.8782816229116945,1.0
0,0,0,0,0,0,0,0,1,0,0,0,0,0,0,1,0,0.38701860531667265,0.10765824445687384,0.8400954653937946,1.0
0,0,1,0,0,0,0,0,0,0,1,0,0,0,0,1,0,0.39425545782578464,0.09076188190331307,0.8210023866348448,1.0
0,0,0,0,0,0,0,0,0,0,1,0,0,0,0,1,0,0.38257832220732924,0.11040174111096507,0.8019093078758948,0.797160243407708
0,1,0,0,0,0,0,0,0,0,1,0,0,0,0,1,0,0.2063249495512324,0.12002599515998572,0.928400954653938,1.0
0,0,0,0,0,0,0,0,0,0,1,0,0,0,0,1,0,0.26551733411499207,0.10829076750761457,0.8758949880668256,1.0
0,0,0,0,0,0,0,0,0,0,1,0,0,0,0,1,0,0.3314778297936985,0.12127766348509719,0.7661097852028638,1.0
0,0,0,0,0,0,0,0,1,0,0,0,0,0,0,1,0,0.284188788190357,0.14177702474073703,0.7661097852028638,0.797160243407708
0,0,0,0,0,0,0,0,0,0,1,0,0,0,0,1,0,0.18200817125442587,0.20325970084833753,0.8114558472553699,0.15010141987829617
0,0,0,0,0,0,0,0,0,0,1,0,0,0,0,1,0,0.366453081663173,0.09342482515557232,0.8210023866348448,1.0
0,0,0,0,0,0,0,0,0,0,1,0,0,0,0,1,0,0.14205719473616366,0.26203518868302683,0.928400954653938,0.16024340770791076
0,1,0,0,0,0,0,0,0,0,1,0,0,0,0,1,0,0.32065134258332717,0.08749856871368596,0.8210023866348448,1.0
0,0,1,0,0,0,0,0,0,0,1,0,0,0,0,1,0,0.27368248036249326,0.1487250973526467,0.8114558472553699,1.0
0,1,0,0,0,0,0,0,0,0,1,0,0,0,0,1,0,0.14916858870805197,0.11504255280958742,0.8210023866348448,0.5943204868154158
0,0,0,0,0,0,0,0,0,0,1,0,0,0,0,1,0,0.31301407241225354,0.1165312918506266,0.8114558472553699,0.5943204868154158
0,0,0,0,0,0,0,0,0,0,1,0,0,0,0,1,0,0.39461699800255085,0.09763234581308355,0.8758949880668256,1.0
0,0,0,0,0,0,0,0,0,0,1,0,0,0,0,1,0,0.40779888348646515,0.10195162127027112,0.7661097852028638,1.0
0,0,0,0,0,0,0,0,0,0,1,0,0,0,0,1,0,0.27721985275110356,0.10832593550025121,0.809069212410501,1.0
0,0,0,0,0,0,0,0,0,0,1,0,0,0,0,1,0,0.3722093916533162,0.0804970365841933,0.8926014319809068,1.0
0,1,0,0,0,0,0,0,1,0,0,0,0,0,0,1,0,0.4797960957101801,0.08886121852595393,0.6825775656324582,1.0
0,0,0,0,0,0,0,0,0,0,1,0,0,0,0,1,0,0.1328751537259728,0.1605785731847838,0.7875894988066825,0.1359026369168357
0,1,0,0,0,0,0,0,0,0,0,0,1,0,0,1,0,0.18709714436882652,0.14089462861530944,0.8114558472553699,1.0
0,0,0,0,0,0,0,0,1,0,0,0,0,0,0,1,0,0.30346246385059117,0.1164778433050464,0.7875894988066825,1.0
0,0,0,0,0,0,0,0,0,0,1,0,0,0,0,1,0,0.19725703901504904,0.16291253442207018,0.8902147971360381,0.13793103448275862
0,0,0,0,0,1,0,0,0,0,1,0,0,0,0,1,0,0.13897729523948676,0.20145228628779385,1.0,0.1237322515212982
0,0,0,0,0,0,0,0,0,0,1,0,0,0,0,1,0,0.32231947170932423,0.12930550375456296,0.935560859188544,1.0
0,0,0,0,0,0,0,0,0,0,1,0,0,0,0,1,0,0.31460862534107775,0.12479231550890219,0.8066825775656323,1.0
0,0,1,0,0,1,0,0,0,0,1,0,0,0,0,1,0,0.27753447914141127,0.08146753475125945,0.5155131264916468,0.5943204868154158
0,1,0,0,0,0,0,0,0,0,1,0,0,0,0,1,0,0.2882931022543762,0.10776979624769974,0.935560859188544,1.0
0,0,0,0,0,0,0,0,0,0,1,0,0,0,0,1,0,0.2505322002957868,0.09051659961768002,0.7708830548926013,1.0
0,0,0,0,0,0,0,0,0,0,1,0,0,0,0,1,0,0.1866705731822173,0.194898269706598,0.5369928400954653,0.15618661257606492
0,1,0,0,0,0,0,0,0,0,1,0,0,0,0,1,0,0.20943105263997513,0.19199096495349222,1.0,1.0
0,0,0,0,0,0,0,0,0,0,1,0,0,0,0,1,0,0.4832283257075286,0.08766454588260864,0.935560859188544,1.0
0,0,0,0,0,0,0,0,0,0,1,0,0,0,0,1,0,0.1626160414796647,0.18533733779980185,0.5990453460620524,0.127789046653144
1,0,1,0,0,0,0,0,0,0,1,0,0,0,0,1,0,0.1543795496649406,0.2512215265288951,0.9140811455847255,0.15618661257606492
0,0,0,0,0,0,0,0,0,0,1,0,0,0,0,1,0,0.4427499831285788,0.09601118725419912,0.7923627684964201,1.0
0,0,0,0,0,0,0,0,0,0,1,0,0,0,0,1,0,0.18502094415659623,0.1502399218866259,0.8257756563245822,1.0
0,0,1,0,0,0,0,0,0,0,1,0,0,0,0,1,0,0.1759960725423156,0.06646253904024178,0.8257756563245822,1.0
0,0,0,0,0,0,0,0,0,0,1,0,0,0,0,1,0,0.45685472903232527,0.09311831293382264,0.8615751789976134,1.0
0,1,1,0,0,0,0,0,1,0,0,0,0,0,0,1,0,0.15261065784264385,0.24035654736016349,0.7875894988066825,1.0
0,1,0,0,0,1,0,0,0,0,1,0,0,0,0,1,0,0.15044699415425308,0.2311427115091877,0.8615751789976134,1.0
0,1,0,0,0,1,0,0,0,0,1,0,0,0,0,1,0,0.23834372559857464,0.09218360737753341,0.7040572792362769,1.0
0,0,0,0,0,0,0,0,0,0,1,0,0,0,0,1,0,0.23947340446368692,0.11825574001698193,0.7040572792362769,1.0
0,1,0,0,0,1,0,0,0,0,1,0,0,0,0,1,0,0.08246897856697825,0.40152333784049116,0.8329355608591884,0.5943204868154158
0,0,0,0,0,0,0,0,0,0,1,0,0,0,0,1,0,0.4574209579340583,0.08259610991568088,0.7040572792362769,1.0
0,0,0,0,0,0,0,0,1,0,0,0,0,0,0,1,0,0.15088776815263694,0.1874794971596855,0.7040572792362769,1.0
0,1,0,0,0,0,0,0,0,0,1,0,0,0,0,1,0,0.38596005065876104,0.09612537992457931,0.6587112171837708,1.0
1,0,1,0,0,0,0,0,0,0,1,0,0,0,0,1,0,0.13435803256971457,0.26623590093680577,0.11933174224343679,0.13387423935091278
0,1,0,0,0,0,0,0,0,0,1,0,0,0,0,1,0,0.381260919911941,0.11070521635998858,0.7804295942720763,1.0
0,1,0,0,0,0,0,0,0,0,0,0,1,0,0,1,0,0.14398181042618033,0.2587056391793764,0.8615751789976134,1.0
0,0,0,0,0,0,0,0,1,0,0,0,0,0,0,1,0,0.38145369067839013,0.10406154528753186,0.7613365155131264,0.3914807302231238
0,1,0,0,0,0,0,0,0,0,1,0,0,0,0,1,0,0.20277950758225116,0.1874396116541288,0.809069212410501,1.0
0,0,0,0,0,0,0,0,0,0,1,0,0,0,0,1,0,0.4371911045173501,0.08939193630046352,0.7613365155131264,1.0
0,0,0,0,0,0,0,0,0,0,1,0,0,0,0,1,0,0.4057611669815469,0.08292718575048032,0.8400954653937946,1.0
0,1,0,0,0,1,0,0,0,0,1,0,0,0,0,1,0,0.13717798721796695,0.26993701820297816,0.7875894988066825,0.5943204868154158
0,0,0,0,0,0,0,0,0,0,1,0,0,0,0,1,0,0.3712678244191222,0.10036539337516488,0.7613365155131264,1.0
0,1,0,0,0,1,0,0,0,1,0,0,0,0,0,1,0,0.18118675924773756,0.1990901210858623,0.8329355608591884,1.0
0,0,0,0,0,0,0,0,0,0,1,0,0,0,0,1,0,0.3026851472076231,0.1252219972369692,0.7255369928400954,1.0
0,0,0,0,0,0,0,0,0,0,1,0,0,0,0,1,0,0.3763771823541156,0.11213882931411617,0.7613365155131264,1.0
0,1,0,0,0,0,0,0,0,0,1,0,0,0,0,1,0,0.23288313553850556,0.16394369273886353,0.8329355608591884,0.5943204868154158
0,0,0,0,0,0,0,0,0,0,1,0,0,0,0,1,0,0.28628562220629655,0.10991073950417267,0.8162291169451072,1.0
0,1,0,0,0,0,0,0,1,0,0,0,0,0,0,1,0,0.27515203298439794,0.13786381081229013,0.7255369928400954,1.0
0,0,0,0,0,0,0,0,0,0,1,0,0,0,1,0,0,0.41484913756460984,0.10187247730139809,0.7183770883054892,1.0
1,0,1,0,0,0,0,0,0,0,1,0,0,0,0,1,0,0.13667349479489177,0.16680402116752988,0.8615751789976134,0.13793103448275862
0,0,0,0,0,0,0,0,0,0,1,0,0,0,0,1,0,0.42013168150497343,0.0984518059330826,0.7828162291169449,1.0
0,1,0,0,0,0,0,0,0,0,1,0,0,0,0,1,0,0.3058277625988354,0.13501783246065174,0.8615751789976134,1.0
0,0,0,0,0,0,0,0,0,0,1,0,0,0,0,1,0,0.22801338685155303,0.09691539654229776,0.6730310262529833,0.797160243407708
0,0,0,0,0,0,0,0,0,0,1,0,0,0,0,1,0,0.34445881751583374,0.12083287984114938,0.8615751789976134,1.0
0,0,0,0,0,0,0,0,0,0,1,0,0,0,1,0,0,0.3630986269490484,0.09091715237803229,0.6801909307875893,1.0
0,1,1,0,0,0,0,0,0,0,1,0,0,0,0,1,0,0.2855273637209374,0.14329266149247943,0.6945107398568018,1.0
0,0,1,0,0,0,0,0,0,0,1,0,0,0,0,1,0,0.3514985831504626,0.09473183491847836,0.48210023866348445,0.797160243407708
0,1,0,0,0,0,0,0,0,0,0,0,1,0,0,1,0,0.07235357177640314,0.44208067974450127,0.35083532219570407,1.0
0,0,0,0,0,0,0,0,0,0,1,0,0,0,0,1,0,0.5228618345496546,0.07146976040645578,0.665871121718377,1.0
0,0,0,0,0,0,0,0,0,0,1,0,0,0,0,1,0,0.45993046690214906,0.0858356920142348,0.8138424821002386,1.0
0,0,0,0,0,0,0,0,0,0,1,0,0,0,0,1,0,0.12043437802207092,0.29050088269153757,0.8830548926014319,0.12981744421906694
0,0,0,0,0,0,0,0,0,0,1,0,0,0,0,1,0,0.1976847910985824,0.13585047893338478,0.6873508353221955,1.0
0,0,0,0,0,0,0,0,0,0,1,0,0,0,0,1,0,0.4558900678513056,0.0589223192429232,0.8138424821002386,1.0
0,1,0,0,0,0,0,0,0,0,1,0,0,0,0,1,0,0.4104585489920831,0.10249999297041053,0.6515513126491648,1.0
0,0,0,0,0,0,0,0,0,0,1,0,0,0,0,1,0,0.3993285949032513,0.09584932762969202,0.9069212410501193,1.0
0,0,0,0,0,0,0,0,0,0,1,0,0,0,0,1,0,0.27912285859949215,0.10006493814773935,0.6945107398568018,1.0
0,0,0,0,0,0,0,0,0,0,1,0,0,0,0,1,0,0.17784117838127678,0.2111041340248696,0.8424821002386635,1.0
0,1,0,0,0,0,0,0,0,0,0,0,1,0,0,1,0,0.36421483472518246,0.10539639254946839,0.8138424821002386,1.0
0,1,0,0,0,1,0,0,0,0,1,0,0,0,0,1,0,0.13908613655112018,0.256826245930151,0.7804295942720763,1.0
1,0,1,0,0,1,0,0,0,0,1,0,0,0,0,1,0,0.15226750614542156,0.24637821614812389,0.5966587112171837,0.15010141987829617
0,1,0,0,0,1,0,0,0,0,1,0,0,0,0,1,0,0.23230867765741503,0.1751037100560487,0.8830548926014319,1.0
0,0,0,0,0,0,0,0,0,0,1,0,0,0,0,1,0,0.16897649273575627,0.22149024309267465,0.9069212410501193,0.15010141987829617
0,0,0,0,0,0,0,0,0,0,1,0,0,0,0,1,0,0.06935679886502771,0.45600680334246635,0.7112171837708829,0.15212981744421905
0,1,0,0,0,0,0,0,1,0,0,0,0,0,0,1,0,0.4153819790204821,0.09672576100547342,0.665871121718377,1.0
0,0,0,0,0,0,0,0,0,0,1,0,0,0,0,1,0,0.4837932793876707,0.08323839114990672,0.6324582338902147,1.0
0,0,0,0,0,0,0,0,0,0,1,0,0,0,0,1,0,0.2873463517801665,0.12671919417509486,0.8830548926014319,1.0
0,0,0,0,0,0,0,0,0,0,1,0,0,0,0,1,0,0.19417531963352813,0.20636164349820427,0.8042959427207637,0.3914807302231238
0,1,0,0,0,0,0,0,1,0,0,0,0,0,0,1,0,0.14063266063068214,0.27136846871903053,0.29594272076372313,0.5943204868154158
0,0,0,0,0,0,0,0,0,0,1,0,0,0,0,1,0,0.11482284633625219,0.3186689726358563,0.7899761336515512,0.13387423935091278
0,0,0,0,0,0,0,0,0,0,1,0,0,0,0,1,0,0.46836174072942194,0.08206040245062325,0.8114558472553699,1.0
0,0,0,0,0,0,0,0,0,0,1,0,0,0,0,1,0,0.4593672383427979,0.08339780112922829,0.8400954653937946,1.0
0,0,0,0,0,0,0,0,0,0,1,0,0,0,0,1,0,0.32346108952020625,0.09766096195971083,0.6801909307875893,1.0
1,0,1,0,0,0,0,0,0,0,1,0,0,0,0,1,0,0.05370876879942076,0.5265978519551213,0.35083532219570407,0.15821501014198783
0,0,1,0,0,0,0,0,0,0,1,0,0,0,0,1,0,0.35601553035658656,0.10810496484251306,0.6945107398568018,1.0
0,0,1,0,0,0,0,0,0,0,1,0,0,0,0,1,0,0.33738654877181223,0.1204538644746544,0.8544152744630071,1.0
0,0,0,0,0,0,0,0,0,0,1,0,0,0,1,0,0,0.40173599579251046,0.10485333155810561,0.8400954653937946,1.0
1,0,1,0,0,0,0,0,0,0,1,0,0,0,0,1,0,0.16302655837541943,0.20970822986164628,0.35083532219570407,0.15821501014198783
0,0,0,0,0,0,0,0,0,0,1,0,0,0,0,1,0,0.35749616176543636,0.09553905919557992,0.8114558472553699,1.0
1,0,1,0,0,0,0,0,0,0,1,0,0,0,0,1,0,0.1527534295940495,0.24857690881506464,0.7899761336515512,0.13387423935091278
0,1,0,0,0,0,0,0,0,0,0,0,1,0,0,1,0,0.23409524787975652,0.120220103938027,0.8114558472553699,1.0
0,0,0,0,0,0,0,0,0,0,1,0,0,0,0,1,0,0.3372814831836219,0.09073809820777029,0.701670644391408,1.0
0,0,0,0,0,0,0,0,0,0,1,0,0,0,0,1,0,0.17420246342108722,0.22681451773751737,0.6324582338902147,0.15415821501014199
0,0,0,0,0,0,0,0,0,0,1,0,0,0,0,1,0,0.2606188648214612,0.10169457117325668,0.7040572792362769,1.0
0,0,0,0,0,0,0,0,1,0,0,0,0,0,0,1,0,0.2772034992423334,0.13675116371739335,0.6801909307875893,0.5943204868154158
0,0,0,0,0,0,0,0,0,0,1,0,0,0,0,1,0,0.15273202161422847,0.2452422726338477,0.8329355608591884,0.14604462474645033
0,1,0,0,0,1,0,0,0,0,1,0,0,0,0,1,0,0.18008001012163571,0.16435441061759687,0.8544152744630071,1.0
0,0,0,0,0,0,0,0,0,0,1,0,0,0,0,1,0,0.11788863186087535,0.3122064475546336,0.7899761336515512,0.13387423935091278
1,0,1,0,0,0,0,0,0,0,1,0,0,0,0,1,0,0.12211387557750879,0.2779441545174865,0.7804295942720763,0.1257606490872211
0,1,0,0,0,0,0,0,0,0,1,0,0,0,0,1,0,0.2669151460671314,0.1378598521885999,0.6420047732696896,1.0
0,0,0,0,0,0,0,0,0,0,1,0,0,0,1,0,0,0.4707458604393649,0.09019362141903789,0.8400954653937946,1.0
0,1,0,0,0,0,0,0,0,0,1,0,0,0,0,1,0,0.24851737801490115,0.15918161998325342,0.8114558472553699,1.0
0,0,0,0,0,1,0,0,0,0,1,0,0,0,0,1,0,0.07484966798430187,0.43320879890316866,0.9188544152744629,0.13387423935091278
0,1,0,0,0,0,0,0,1,0,0,0,0,0,0,1,0,0.4241863600485283,0.1000488033647667,0.532219570405728,1.0
0,0,0,0,0,1,0,0,0,0,1,0,0,0,1,0,0,0.4608969560453993,0.0367869614351528,0.8878281622911692,1.0
0,1,0,0,0,0,0,0,1,0,0,0,0,0,0,1,0,0.08185091420778942,0.39732679938764126,0.7684964200477327,1.0
0,1,0,0,0,0,0,0,0,0,1,0,0,0,0,1,0,0.15748157187217074,0.10811773326355398,0.6420047732696896,0.5943204868154158
0,0,0,0,0,0,0,0,0,0,1,0,0,0,1,0,0,0.49996258096625673,0.08413926324110922,0.8186157517899761,1.0
0,0,0,0,0,0,0,0,0,0,1,0,0,0,0,1,0,0.4541354423866152,0.0752886105092733,0.7971360381861574,1.0
0,0,0,0,0,0,0,0,0,0,1,0,0,0,0,1,0,0.2240459412708434,0.16299502775452565,0.9188544152744629,1.0
0,0,0,0,0,0,0,0,0,0,1,0,0,0,0,1,0,0.3445385340530533,0.07412139797172056,0.7971360381861574,0.5943204868154158
0,0,1,0,0,0,0,0,0,0,1,0,0,0,0,1,0,0.3163000418567568,0.10485899288089924,0.5990453460620524,0.5943204868154158
0,0,0,0,0,1,0,0,0,0,1,0,0,0,0,1,0,0.31519148145253656,0.13238930420913714,0.6992840095465394,1.0
0,0,0,0,0,1,0,0,0,0,1,0,0,0,0,1,0,0.26456589604600883,0.15484229562595037,0.7708830548926013,1.0
0,0,0,0,0,0,0,0,0,0,1,0,0,0,0,1,0,0.17928120173208775,0.20976933466561234,0.5990453460620524,1.0
0,1,0,1,0,1,0,0,0,0,1,0,0,0,0,1,0,0.0660558179980674,0.47016622238383393,0.5990453460620524,0.5943204868154158
0,0,0,0,0,1,0,0,0,0,1,0,0,0,0,1,0,0.14205719473616354,0.2692575123728354,0.568019093078759,0.14198782961460446
0,1,0,0,0,0,0,0,0,0,1,0,0,0,0,1,0,0.346076253825866,0.09806338396876775,0.7875894988066825,1.0
1,0,1,0,0,0,0,0,0,0,1,0,0,0,0,1,0,0.17353099547620496,0.17382267575949173,0.4749403341288783,0.10953346855983774
0,0,0,0,0,0,0,0,1,0,0,0,0,0,0,1,0,0.22907350548853977,0.1454407910866674,0.532219570405728,1.0
0,0,1,0,0,0,0,0,0,0,1,0,0,0,0,1,0,0.38716111821322796,0.0733725231373515,0.8377088305489258,1.0
0,0,0,0,0,0,0,0,1,0,0,0,0,0,0,1,0,0.24530061112209978,0.1637157333433848,0.8377088305489258,0.797160243407708
0,0,0,0,0,0,0,0,0,0,1,0,0,0,0,1,0,0.48422613626639804,0.0870576711840651,0.9069212410501193,1.0
0,1,0,0,0,1,0,0,0,0,0,0,1,0,0,1,0,0.18300747378925297,0.21637003038460553,0.7804295942720763,1.0
0,0,0,0,0,0,0,0,0,0,1,0,0,0,1,0,0,0.43007165612472226,0.07144671153192277,0.8377088305489258,1.0
1,0,1,0,0,1,0,0,0,0,1,0,0,0,0,1,0,0.08938091239398897,0.370643443405124,0.7088305489260143,0.12981744421906694
0,1,0,0,0,0,0,0,0,0,1,0,0,0,0,1,0,0.43135705930408197,0.09596092378838372,0.8138424821002386,1.0
0,0,0,0,0,0,0,0,1,0,0,0,0,0,0,1,0,0.09972080818498161,0.32078233891342184,0.9069212410501193,1.0
0,0,0,0,0,0,0,0,0,0,1,0,0,0,0,1,0,0.1902156223716367,0.2045446217436104,0.8568019093078758,0.1237322515212982
0,1,0,0,0,0,0,0,0,0,1,0,0,0,0,1,0,0.174966037691492,0.21381667080429864,0.8568019093078758,0.5943204868154158
1,0,1,0,0,0,0,0,0,0,1,0,0,0,0,1,0,0.14785069935064163,0.21371478210728825,0.8830548926014319,0.12981744421906694
0,1,1,0,0,0,0,0,1,0,0,0,0,0,0,1,0,0.34517562983204014,0.11988544989153398,0.2673031026252984,1.0
0,1,0,0,0,0,0,0,0,0,1,0,0,0,0,1,0,0.3100991427437553,0.1161467580627579,0.9069212410501193,1.0
0,0,1,0,0,0,0,0,0,0,1,0,0,0,0,1,0,0.3813603290689789,0.10328633693205609,0.8042959427207637,1.0
0,0,0,0,0,0,0,0,0,0,1,0,0,0,0,1,0,0.4062290159362328,0.08797184262828522,0.7804295942720763,1.0
0,0,0,0,0,0,0,0,0,0,1,0,0,0,1,0,0,0.40146664743677,0.05385765746546723,0.7923627684964201,1.0
0,1,0,0,0,0,0,0,0,0,1,0,0,0,0,1,0,0.3949258032717218,0.10711015147251379,0.8042959427207637,1.0
0,0,0,0,0,0,0,0,0,0,1,0,0,0,0,1,0,0.18984228628712368,0.20774421363471457,0.7088305489260143,0.12981744421906694
0,1,0,0,0,0,0,0,1,0,0,0,0,0,0,1,0,0.07138486354977554,0.4364782758162897,0.5346062052505967,1.0
0,0,0,0,0,0,0,0,0,0,1,0,0,0,0,1,0,0.3632343876274449,0.11488568260265945,0.8377088305489258,1.0
0,1,0,0,0,0,0,0,0,0,0,0,1,0,0,1,0,0.12043437802207084,0.1638548917927322,0.3842482100238663,1.0
0,0,0,0,0,0,0,0,0,0,1,0,0,0,0,1,0,0.8320857967651043,0.05149629563220812,0.8377088305489258,1.0
0,1,0,0,0,0,0,0,1,0,0,0,0,0,0,1,0,0.3048434187283429,0.11361399576613893,0.9188544152744629,1.0
0,0,1,0,0,0,0,0,0,0,1,0,0,0,0,1,0,0.36975961762424914,0.11244808780384685,0.9188544152744629,1.0
1,0,1,1,0,0,0,0,0,0,1,0,0,0,0,1,0,0.04271806708426561,0.6165551734995507,0.09546539379474944,0.1257606490872211
0,0,0,0,0,0,0,0,1,0,0,0,0,0,0,1,0,0.4516023890421784,0.09188313732647316,0.8830548926014319,1.0
0,0,0,0,0,0,0,0,0,0,1,0,0,0,0,1,0,0.4554361702316213,0.07154729802452425,0.7350835322195703,1.0
0,0,0,0,0,0,0,0,0,0,1,0,0,0,0,1,0,0.1370835230094135,0.27767571062532703,0.23150357995226734,0.1359026369168357
0,0,0,0,0,0,0,0,0,0,1,0,0,0,0,1,0,0.23432545624457024,0.10829593065635715,0.5775656324582339,1.0
0,1,0,0,0,0,0,0,0,0,1,0,0,0,0,1,0,0.29315757617887866,0.11267695727698213,0.5131264916467779,1.0
0,1,0,0,0,0,0,0,0,0,1,0,0,0,0,1,0,0.22352029907872717,0.14874506819664204,0.5131264916467779,1.0
0,0,0,0,0,0,0,0,0,0,1,0,0,0,0,1,0,0.39889619561948236,0.08644953300817435,0.9188544152744629,1.0
0,0,0,0,0,0,0,0,0,0,1,0,0,0,0,1,0,0.3968868105046029,0.1038474742483183,0.6372315035799523,1.0
0,0,1,0,0,0,0,0,0,0,1,0,0,0,0,1,0,0.5101321958931355,0.08000177948163209,0.7350835322195703,1.0
0,0,0,0,0,0,0,0,0,0,1,0,0,0,0,1,0,0.16499857670122348,0.18800330868312448,0.9188544152744629,1.0
0,1,0,1,0,1,0,0,1,0,0,0,0,0,0,1,0,0.07377310821822197,0.4301552736159126,0.8830548926014319,0.797160243407708
0,1,0,0,0,0,0,0,1,0,0,0,0,0,0,1,0,0.37231729365757343,0.10459112108395976,0.7350835322195703,1.0
0,0,0,0,0,0,0,0,0,0,1,0,0,0,0,1,0,0.46466131084590256,0.08703855381692836,0.9188544152744629,1.0
0,0,0,0,0,1,0,0,0,0,1,0,0,0,0,1,0,0.1393734173400585,0.2730521374140339,0.9188544152744629,0.13387423935091278
0,1,0,0,0,0,0,0,1,0,0,0,0,0,0,1,0,0.1495837100613751,0.25814952680222725,0.8830548926014319,0.797160243407708
0,1,1,0,0,0,0,0,0,1,0,0,0,0,0,1,0,0.2653000262748707,0.14485960752097976,0.9188544152744629,1.0
0,0,0,0,0,0,0,0,0,0,1,0,0,0,0,1,0,0.37397826655039107,0.09986131355429886,0.675417661097852,1.0
0,0,0,0,0,0,0,0,0,0,1,0,0,0,0,1,0,0.3416474454281104,0.08958704062289766,0.8830548926014319,1.0
1,0,1,0,0,0,0,0,0,0,1,0,0,0,0,1,0,0.15462670371025983,0.24570169177391585,0.6801909307875893,0.09330628803245437
0,0,0,0,0,0,0,0,0,0,1,0,0,0,0,1,0,0.19545208807999306,0.11323126151693715,0.6801909307875893,0.3914807302231238
0,0,0,0,0,0,0,0,0,0,1,0,0,0,0,1,0,0.19108796882840215,0.13393755106683797,0.6801909307875893,1.0
1,0,1,0,0,0,0,0,0,0,1,0,0,0,0,1,0,0.1682792715122973,0.2319716098814311,0.7350835322195703,0.06288032454361056
0,0,0,0,0,0,0,0,0,1,0,0,0,0,0,1,0,0.8985804560942889,0.04661465035552987,0.9188544152744629,1.0
0,1,0,0,0,0,0,0,0,0,0,0,1,0,0,1,0,0.21603535267143903,0.18329699317001782,0.6801909307875893,1.0
0,1,0,0,0,0,0,0,0,0,1,0,0,0,0,1,0,0.38139948339393837,0.10037787145257505,0.7637231503579953,0.5943204868154158
0,0,0,0,0,0,0,0,0,0,1,0,0,0,0,1,0,0.464929949811214,0.08608598016877818,0.7637231503579953,0.5943204868154158
0,0,0,0,0,0,0,0,0,0,1,0,0,0,0,1,0,0.1123901736733763,0.3252310781990343,0.7637231503579953,0.11764705882352942
0,0,0,0,0,0,0,0,0,0,1,0,0,0,0,1,0,0.2457363965765837,0.10583752387372258,0.9188544152744629,1.0
0,0,0,0,0,0,0,0,0,0,1,0,0,0,0,1,0,0.3469119504617887,0.11974787559125405,0.6801909307875893,1.0
0,0,0,0,0,0,0,0,0,0,1,0,0,0,0,1,0,0.2724590258897131,0.13958433040232446,0.9188544152744629,0.3914807302231238
0,0,0,0,0,0,0,0,0,0,1,0,0,0,0,1,0,0.5081218683447953,0.07211006550899268,0.7708830548926013,1.0
0,0,0,0,0,0,0,0,0,0,1,0,0,0,0,1,0,0.10819918451490565,0.32051881035686797,0.42482100238663484,0.1237322515212982
1,0,1,0,0,0,0,0,0,0,1,0,0,0,0,1,0,0.07721257704459093,0.41643349478683606,0.7828162291169449,0.11156186612576068
0,0,0,0,0,1,0,0,1,0,0,0,0,0,0,1,0,0.26067955082582767,0.14787439679861825,0.6801909307875893,1.0
1,0,1,0,0,0,0,0,0,0,1,0,0,0,0,1,0,0.10621723006499051,0.3395756316670867,0.09546539379474944,0.1257606490872211
0,1,0,0,0,0,0,0,0,0,1,0,0,0,0,1,0,0.16442593109794734,0.23736099193649454,0.7159904534606205,1.0
0,0,0,0,0,0,0,0,0,0,1,0,0,0,0,1,0,0.32484141935668787,0.11489116808911481,0.7684964200477327,1.0
0,0,0,0,0,0,0,0,0,0,1,0,0,0,0,1,0,0.38525974875553337,0.07027973534476732,0.8711217183770883,1.0
1,0,1,0,0,0,0,0,0,0,1,0,0,0,0,1,0,0.09494682310437236,0.3139118828475682,0.8711217183770883,0.14807302231237324
0,1,0,0,0,0,0,0,0,0,1,0,0,0,0,1,0,0.3061031344198909,0.12328092557169151,0.8591885441527445,1.0
0,0,0,0,0,0,0,0,0,0,1,0,0,0,0,1,0,0.14946729104311285,0.1793696074362906,0.39618138424821,0.13995943204868155
0,1,0,0,0,0,0,0,0,0,1,0,0,0,0,1,0,0.4004622162387275,0.0827285020359938,0.7708830548926013,1.0
0,0,0,0,0,0,0,0,0,0,1,0,0,0,1,0,0,0.35149858315046256,0.11309153343155216,0.8878281622911692,1.0
0,1,1,0,0,0,0,0,0,0,0,0,1,0,0,1,0,0.21702158083942213,0.12632499035798053,0.34367541766109794,0.797160243407708
1,0,1,0,0,0,0,0,0,0,1,0,0,0,0,1,0,0.2139718077884144,0.16192671242356146,0.2673031026252984,0.15415821501014199
0,0,0,0,0,0,0,0,0,0,1,0,0,0,0,1,0,0.28304866494260145,0.09594425437214374,0.8830548926014319,1.0
0,0,0,0,0,0,0,0,1,0,0,0,0,0,0,1,0,0.4529662817492316,0.0667753782218319,0.5131264916467779,1.0
0,0,0,0,0,0,0,0,0,0,0,0,1,0,0,1,0,0.22284276090833283,0.17690707607555578,0.6992840095465394,0.3914807302231238
0,1,0,0,0,0,0,0,0,0,1,0,0,0,0,1,0,0.3275191192718511,0.114792098359529,0.5226730310262531,1.0
0,1,0,0,0,0,0,0,0,0,1,0,0,0,0,1,0,0.1778101582485303,0.14433764534060572,0.7446300715990453,1.0
0,1,0,0,0,1,0,0,0,0,1,0,0,0,0,1,0,0.2637141049573403,0.15418781078640917,0.6992840095465394,1.0
0,1,1,0,0,0,0,0,0,0,0,0,1,0,0,1,0,0.12027501949868284,0.197273861991705,0.7708830548926013,1.0
1,0,1,0,0,0,0,0,0,0,1,0,0,0,0,1,0,0.18871815747045823,0.20719568489278423,0.7446300715990453,0.14604462474645033
0,0,1,0,0,0,0,0,0,0,1,0,0,0,0,1,0,0.43049249894374597,0.09106046234104338,0.7708830548926013,0.5943204868154158
0,0,0,0,0,0,0,0,0,0,0,0,1,0,0,1,0,0.2825231388627896,0.13633450308587086,0.7708830548926013,1.0
0,0,0,0,0,0,0,0,0,0,1,0,0,0,0,1,0,0.506666792034547,0.08347763003145971,0.8830548926014319,1.0
0,0,1,0,0,0,0,0,0,0,1,0,0,0,0,1,0,0.37543345461376804,0.09009226062532247,0.8830548926014319,0.797160243407708
0,0,0,0,0,0,0,0,0,0,1,0,0,0,0,1,0,0.4227380998576564,0.10035643795761853,0.8830548926014319,0.797160243407708
0,0,0,0,0,0,0,0,0,0,1,0,0,0,0,1,0,0.4919966375152322,0.08240283102574421,0.8591885441527445,1.0
0,0,0,0,0,1,0,0,0,0,1,0,0,0,0,1,0,0.26152343167151004,0.1349101076182858,0.8830548926014319,1.0
0,0,1,0,0,0,0,0,0,0,1,0,0,0,0,1,0,0.539196583031134,0.061210953555555,0.8186157517899761,1.0
0,0,0,0,0,0,0,0,0,0,1,0,0,0,0,1,0,0.14504016133455436,0.2647782998383684,0.2673031026252984,0.15415821501014199
0,1,0,0,0,0,0,0,0,0,0,0,1,0,0,1,0,0.18874751060952932,0.18027141050819395,0.8782816229116945,0.797160243407708
0,0,1,0,0,0,0,0,1,0,0,0,0,0,0,1,0,0.3726962534452233,0.11293069112808493,0.7446300715990453,1.0
0,0,0,0,0,0,0,0,0,0,1,0,0,0,0,1,0,0.48821653464913045,0.0765649035162129,0.6420047732696896,1.0
0,1,0,0,0,0,0,0,0,0,1,0,0,0,0,1,0,0.4022770307233217,0.09939133025168469,0.6992840095465394,0.797160243407708
0,0,1,0,0,0,0,0,0,0,1,0,0,0,0,1,0,0.28058550108401326,0.13449188964906791,0.8782816229116945,1.0
0,0,0,0,0,1,0,0,0,0,1,0,0,0,0,0,1,0.17565125673909135,0.22527908702358987,0.8782816229116945,1.0
0,1,0,0,0,0,0,0,0,0,1,0,0,0,0,1,0,0.3013287315531978,0.11608845247378236,0.44630071599045346,1.0
0,0,0,0,0,0,0,0,0,0,1,0,0,0,0,1,0,0.2830486649426015,0.14280180829547778,0.8305489260143197,1.0
1,0,1,0,0,0,0,0,0,0,1,0,0,0,0,1,0,0.1382757463590389,0.16881467403256195,0.5417661097852029,0.1257606490872211
0,0,0,0,0,0,0,0,0,0,1,0,0,0,0,1,0,0.33531673470991313,0.11873358762677316,0.5823389021479712,1.0
1,0,1,0,0,0,0,0,0,0,1,0,0,0,0,1,0,0.09756736749498017,0.3273484064150962,0.8305489260143197,0.14198782961460446
1,0,1,0,0,0,0,0,0,0,1,0,0,0,0,1,0,0.061283697782146825,0.45553760093425205,0.5584725536992841,0.14604462474645033
0,0,0,0,0,0,0,0,0,0,1,0,0,0,0,1,0,0.394806387372003,0.09287049036146393,0.6252983293556085,1.0
0,0,0,0,0,0,0,0,0,0,1,0,0,0,1,0,0,0.44166924392183177,0.0955198673893955,0.9045346062052504,1.0
0,0,0,0,0,0,0,0,0,0,1,0,0,0,0,1,0,0.3406617290050975,0.11025134236999364,0.5823389021479712,1.0
1,0,1,0,0,0,0,0,0,0,1,0,0,0,0,1,0,0.16767110472980296,0.23327502562397195,0.7780429594272076,0.15618661257606492
0,1,0,0,0,0,0,0,0,0,1,0,0,0,0,1,0,0.2472217486632443,0.16064506629482517,0.9045346062052504,1.0
0,1,0,0,0,0,0,0,0,0,0,0,1,0,0,1,0,0.43843523508274085,0.08891031881410373,0.21479713603818618,1.0
0,0,0,0,0,0,0,0,0,0,1,0,0,0,0,1,0,0.36564155502011053,0.1104031946071224,0.9045346062052504,0.5943204868154158
0,0,1,0,0,0,0,0,0,0,0,1,0,0,0,1,0,0.1749156486053033,0.21970644402794123,0.7780429594272076,1.0
1,0,1,0,0,0,0,0,0,0,1,0,0,0,0,1,0,0.12996281693488504,0.2833588400328542,0.5584725536992841,0.14604462474645033
0,1,1,0,0,0,0,0,1,0,0,0,0,0,0,1,0,0.3587761123274946,0.11344488365939806,0.5107398568019093,0.5943204868154158
0,0,0,0,0,0,0,0,0,0,1,0,0,0,0,1,0,0.3119454888732628,0.13083814573380181,0.9045346062052504,1.0
1,0,1,0,0,0,0,0,0,0,1,0,0,0,0,1,0,0.12709164469786124,0.2942104908949985,0.44630071599045346,0.15212981744421905
0,0,0,0,0,0,0,0,1,0,0,0,0,0,0,1,0,0.2976942468203967,0.13985224563697868,0.568019093078759,1.0
0,1,0,0,0,0,0,0,1,0,0,0,0,0,0,1,0,0.14845239513759814,0.2593412792153243,0.7780429594272076,1.0
0,0,0,0,0,0,0,0,0,0,1,0,0,0,0,1,0,0.3734161785324028,0.10700875663615893,0.9045346062052504,1.0
0,0,0,0,0,0,0,0,0,0,1,0,0,0,0,1,0,0.4405361577373151,0.08461053343636842,0.3842482100238663,1.0
0,1,0,0,0,0,0,0,0,0,1,0,0,0,0,1,0,0.19560545964876164,0.19283944724295699,0.8568019093078758,0.5943204868154158
0,1,0,0,0,0,0,0,1,0,0,0,0,0,0,1,0,0.25397064214732457,0.08911439104556967,0.8042959427207637,1.0
0,0,0,0,0,0,0,0,0,0,1,0,0,0,0,1,0,0.5289656871990522,0.06034408233460206,0.8377088305489258,1.0
1,0,1,0,0,1,0,0,0,0,1,0,0,0,0,1,0,0.10634576241717825,0.33004855951856316,0.8377088305489258,0.16024340770791076
0,0,1,0,0,0,0,0,0,0,1,0,0,0,0,1,0,0.20879619707323227,0.09696554244498769,0.8042959427207637,0.5943204868154158
0,0,0,0,0,0,0,0,0,0,1,0,0,0,0,1,0,0.560810490038458,0.07108294558882627,0.7613365155131264,1.0
0,0,0,0,0,0,0,0,0,0,1,0,0,0,0,1,0,0.3794188358402062,0.10965239851204996,0.8568019093078758,0.5943204868154158
0,0,0,0,0,0,0,0,0,0,1,0,0,0,0,0,1,0.1679329306804293,0.2341856459872897,0.8568019093078758,1.0
0,0,1,0,0,0,0,0,0,0,1,0,0,0,0,1,0,0.445920009210832,0.08173321483576132,0.477326968973747,1.0
0,1,0,0,0,0,0,0,0,0,0,1,0,0,0,1,0,0.15012832499836382,0.2567743091055083,0.7923627684964201,1.0
0,1,0,0,0,0,0,0,0,0,1,0,0,0,0,1,0,0.3583670065280927,0.10026806965318577,0.6372315035799523,1.0
0,0,0,0,0,0,0,0,0,0,1,0,0,0,0,1,0,0.43656775164187517,0.09156379594727791,0.8568019093078758,0.5943204868154158
0,0,0,0,0,0,0,0,0,0,1,0,0,0,1,0,0,0.41943160971882243,0.09772950849983504,0.6372315035799523,1.0
1,0,1,0,0,0,0,0,0,0,1,0,0,0,0,1,0,0.17412656833427065,0.22696905281620985,0.8568019093078758,0.1237322515212982
0,0,0,0,0,0,0,0,0,0,1,0,0,0,0,1,0,0.3298229357846816,0.09467799247115084,0.7828162291169449,0.5943204868154158
1,0,1,0,0,0,0,0,0,0,1,0,0,0,0,1,0,0.15582906335591326,0.24934582714141854,0.8377088305489258,0.16024340770791076
0,1,0,0,0,0,0,0,0,0,1,0,0,0,0,1,0,0.22374571647090338,0.14520813185419365,0.8544152744630071,1.0
0,1,0,0,0,0,0,0,0,0,1,0,0,0,0,1,0,0.32750168608390945,0.11534851273175906,0.6706443914081146,1.0
0,0,1,0,0,1,0,0,0,0,1,0,0,0,0,1,0,0.06104664766885778,0.4901176594609311,0.7350835322195703,0.06288032454361056
0,0,1,0,0,0,0,0,0,0,1,0,0,0,0,1,0,0.4342251184704203,0.057372135825982225,0.6801909307875893,1.0
0,0,0,0,0,0,0,0,0,0,1,0,0,0,0,1,0,0.28717641151781,0.14048287006066265,0.7828162291169449,0.5943204868154158
0,0,0,0,0,0,0,0,0,0,1,0,0,0,0,1,0,0.2916654585635691,0.13000124685596984,0.3842482100238663,1.0
0,0,1,0,0,0,0,0,1,0,0,0,0,0,0,1,0,0.3454937545967379,0.0922928098364361,0.8544152744630071,0.797160243407708
0,0,0,0,0,0,0,0,0,0,1,0,0,0,0,1,0,0.5830928889803044,0.060848440383633164,0.7613365155131264,1.0
0,0,0,0,0,0,0,0,0,0,1,0,0,0,0,1,0,0.20047770508539853,0.19818100698449,0.6443914081145585,0.14807302231237324
0,1,1,0,0,0,0,0,0,0,1,0,0,0,0,1,0,0.2851136823484078,0.08640431484035002,0.8782816229116945,0.797160243407708
0,0,0,0,0,0,0,0,0,0,1,0,0,0,0,1,0,0.14859149516677642,0.24676522252314728,0.7947494033412885,0.13793103448275862
1,0,1,0,0,0,0,0,0,0,1,0,0,0,0,1,0,0.10113410619041462,0.3484490598277845,0.5202863961813842,0.15415821501014199
0,1,0,0,0,0,0,0,0,0,1,0,0,0,0,1,0,0.4058888138203139,0.10430879258264661,0.6730310262529833,1.0
1,0,1,0,0,0,0,0,0,0,1,0,0,0,0,1,0,0.14691437042106611,0.24740093067479155,0.7947494033412885,0.13793103448275862
0,0,1,0,0,1,0,0,0,0,1,0,0,0,0,1,0,0.20636816431135718,0.1578277216015907,0.8758949880668256,0.5943204868154158
0,0,0,0,0,0,0,0,0,0,1,0,0,0,0,1,0,0.367078561377767,0.10872091513455355,0.7947494033412885,0.797160243407708
0,0,0,0,0,0,0,0,0,0,1,0,0,0,0,1,0,0.20742429410891453,0.18950873766240534,0.6443914081145585,0.14807302231237324
0,0,0,0,0,0,0,0,0,0,1,0,0,0,0,1,0,0.3581910808421201,0.11743703304767526,0.7947494033412885,0.797160243407708
0,0,0,0,0,0,0,0,0,0,1,0,0,0,0,1,0,0.415670325723987,0.10010014329006987,0.7684964200477327,1.0
0,0,0,0,0,0,0,1,0,0,0,0,0,0,0,1,0,0.14909565161160554,0.2577013237025448,0.8591885441527445,0.17038539553752538
0,1,0,0,0,0,0,0,0,0,1,0,0,0,0,1,0,0.3516419048730346,0.1196193097106078,0.6443914081145585,1.0
0,0,0,0,0,0,0,0,0,0,1,0,0,0,0,1,0,0.07292962913360902,0.4324737549250956,0.5202863961813842,0.15415821501014199
0,0,0,0,0,0,0,0,0,0,1,0,0,0,0,1,0,0.4467814835972787,0.0758128647442409,0.5823389021479712,1.0
0,1,0,0,0,0,1,0,0,0,0,0,0,0,0,1,0,0.10051273818980266,0.3019342151451851,0.477326968973747,1.0
0,0,0,0,0,0,0,0,0,0,1,0,0,0,0,1,0,0.4785693418403822,0.07244678808144919,0.7494033412887828,1.0
0,0,0,0,0,0,0,0,0,0,1,0,0,0,0,1,0,0.37674306446946687,0.08647511520452725,0.8138424821002386,1.0
0,0,0,0,0,0,0,0,0,0,1,0,0,0,1,0,0,0.40242290391073443,0.10451872614210492,0.8782816229116945,1.0
1,0,1,0,0,0,0,0,0,0,1,0,0,0,0,1,0,0.13646015549257198,0.2540251333407591,0.6443914081145585,0.14807302231237324
0,1,0,0,0,0,0,0,0,0,0,0,1,0,0,1,0,0.1356594161086557,0.17491952589986529,0.7995226730310263,1.0
0,0,0,0,0,1,0,0,0,0,1,0,0,0,0,0,1,0.1710138263968638,0.23055631149023684,0.8591885441527445,1.0
0,0,0,0,0,1,0,0,1,0,0,0,0,0,0,1,0,0.3472120645179097,0.08940389706668311,0.5823389021479712,1.0
1,0,1,0,0,0,0,0,0,0,1,0,0,0,0,1,0,0.15409664354287167,0.21684391709460318,0.5202863961813842,0.15415821501014199
0,1,0,0,0,0,0,0,1,0,0,0,0,0,0,1,0,0.33647719965027134,0.1122967920237019,0.8138424821002386,1.0
0,0,0,0,0,1,0,0,0,0,1,0,0,0,0,0,1,0.1694765941047743,0.23235050004409918,0.7804295942720763,1.0
0,0,0,0,0,1,0,0,0,0,1,0,0,0,0,1,0,0.2240409406240032,0.15880937519013227,0.8305489260143197,1.0
0,0,0,0,0,0,0,0,0,0,1,0,0,0,0,1,0,0.2951166136243494,0.09693911197473859,0.9045346062052504,1.0
0,0,1,0,0,0,0,0,0,0,1,0,0,0,0,1,0,0.22658768841184437,0.07428775564219549,0.8305489260143197,0.797160243407708
0,1,0,0,0,0,0,0,0,0,0,0,1,0,0,1,0,0.11946646618820313,0.2820567452974247,0.7875894988066825,0.3914807302231238
0,1,1,0,0,0,0,0,0,0,1,0,0,0,0,1,0,0.3039571524839872,0.09361239904112892,0.8329355608591884,1.0
1,0,1,0,0,1,0,0,0,0,1,0,0,0,0,1,0,0.09973126404484717,0.33462221380173335,0.7804295942720763,0.15415821501014199
0,0,0,0,0,0,0,0,0,0,1,0,0,0,0,1,0,0.10327288382184094,0.3444067472917944,0.19093078758949883,0.14807302231237324
0,0,0,0,0,0,0,0,0,0,1,0,0,0,0,1,0,0.3095880801425121,0.060639163041286616,0.7875894988066825,0.3914807302231238
0,0,0,0,0,0,0,0,0,0,1,0,0,0,1,0,0,0.5574772174125072,0.06946283471507306,0.9045346062052504,1.0
0,1,0,0,0,0,0,0,0,0,1,0,0,0,0,1,0,0.481176170487737,0.08757819357246843,0.4033412887828162,1.0
0,0,0,0,0,0,0,0,0,0,1,0,0,0,0,1,0,0.1747833133420667,0.1864817565333998,0.7947494033412885,0.14807302231237324
0,0,0,0,0,0,0,0,0,0,1,0,0,0,0,1,0,0.35253639676376575,0.08585873582219226,0.7589498806682577,1.0
0,1,1,1,0,1,0,0,0,0,1,0,0,0,0,1,0,0.047245610979985156,0.5658534577917708,0.7804295942720763,1.0
0,0,0,0,0,0,0,0,0,0,1,0,0,0,1,0,0,0.40752775678330205,0.08447270597868377,0.7875894988066825,1.0
0,0,0,0,0,0,0,0,0,0,1,0,0,0,0,1,0,0.4239063375084778,0.08006073136727145,0.7875894988066825,1.0
0,0,0,0,0,0,0,0,0,0,1,0,0,0,0,1,0,0.35946227428083105,0.11349844971336692,0.6610978520286397,1.0
0,0,0,0,0,0,0,0,0,0,1,0,0,0,0,1,0,0.24676105225900835,0.14978859466683692,0.8329355608591884,0.797160243407708
0,0,0,0,0,0,0,0,0,0,1,0,0,0,0,1,0,0.2996895009611489,0.13880244701214373,0.6610978520286397,0.3914807302231238
0,1,0,0,0,0,0,0,0,0,1,0,0,0,0,1,0,0.2957822492588461,0.12801752355978954,0.6730310262529833,1.0
0,0,0,1,0,0,0,0,0,0,1,0,0,0,0,1,0,0.06393527550725209,0.2099510047544543,0.7947494033412885,0.14807302231237324
0,0,1,0,0,0,0,0,0,0,1,0,0,0,0,1,0,0.3599497999698326,0.09196453093363499,0.6610978520286397,1.0
0,0,0,0,0,0,0,0,0,0,1,0,0,0,0,1,0,0.29525139531399486,0.12516655666979531,0.7661097852028638,1.0
0,0,0,0,0,0,0,0,0,0,1,0,0,0,0,1,0,0.2612683763498024,0.12099794519099029,0.7661097852028638,1.0
0,0,0,0,0,0,0,0,0,0,1,0,0,0,0,1,0,0.09966851448826945,0.2487604211084411,0.7661097852028638,0.12981744421906694
0,1,0,0,0,0,0,0,1,0,0,0,0,0,0,1,0,0.1932298172802264,0.05157636556534241,0.6181384248210025,1.0
0,1,0,0,0,1,0,0,0,0,1,0,0,0,0,1,0,0.10084455198497656,0.35188734654624254,0.7303102625298328,0.5943204868154158
0,0,0,0,0,0,0,0,1,0,0,0,0,0,0,1,0,0.35988610721722825,0.11686898314119448,0.35083532219570407,1.0
0,0,0,0,0,0,0,0,0,0,1,0,0,0,0,1,0,0.30219976671973237,0.0806150698503278,0.7947494033412885,1.0
0,0,0,0,0,0,0,0,0,0,1,0,0,0,0,1,0,0.36741589419032683,0.07747938099886723,0.8186157517899761,1.0
0,0,0,0,0,0,0,0,0,0,1,0,0,0,0,1,0,0.2324004875858556,0.10121508300209194,0.8186157517899761,1.0
0,0,0,0,0,0,0,0,0,0,1,0,0,0,1,0,0,0.39208239362892394,0.09052766262037015,0.8854415274463008,1.0
0,0,0,0,0,0,0,0,0,0,1,0,0,0,0,1,0,0.38286648397064316,0.09800929850167785,0.8758949880668256,0.5943204868154158
0,0,0,0,0,0,0,0,0,0,1,0,0,0,0,1,0,0.46924976991828626,0.074960923630639,0.6181384248210025,1.0
0,1,0,0,0,0,0,0,0,1,0,0,0,0,0,1,0,0.23047498398412392,0.1570681069111643,0.8758949880668256,1.0
0,0,0,0,0,0,0,0,1,0,0,0,0,0,0,1,0,0.379340129208177,0.08406454603344475,0.6181384248210025,1.0
0,0,0,0,0,0,0,0,0,0,1,0,0,0,0,1,0,0.35014402541706,0.10034466690748602,0.6181384248210025,1.0
0,0,0,0,0,0,0,0,0,0,1,0,0,0,0,1,0,0.2230386928865494,0.15794474512407253,0.809069212410501,1.0
0,1,0,0,0,0,0,0,1,0,0,0,0,0,0,1,0,0.12591480591128681,0.24846531605992986,0.809069212410501,1.0
0,0,0,0,0,0,0,0,0,0,1,0,0,0,0,1,0,0.392003207405395,0.10004013063520396,0.809069212410501,1.0
0,1,0,0,0,0,0,0,0,0,1,0,0,0,0,1,0,0.17125166363583427,0.09981132585297128,0.8854415274463008,1.0
0,0,0,0,0,0,0,0,0,0,1,0,0,0,0,1,0,0.18191099840787653,0.11402037063917911,0.8758949880668256,0.5943204868154158
0,1,0,0,0,0,0,0,0,0,1,0,0,0,0,1,0,0.2834211851780713,0.14246587152654894,0.6730310262529833,1.0
0,0,0,0,0,0,0,0,0,0,1,0,0,0,0,1,0,0.32839312537990345,0.11313895113745467,0.9307875894988065,0.797160243407708
0,0,0,0,0,0,0,0,0,0,1,0,0,0,0,1,0,0.3496957512555733,0.06844063739606177,0.7684964200477327,1.0
0,1,0,0,0,0,0,0,0,0,1,0,0,0,0,1,0,0.2697111081776523,0.10839300433108343,0.7684964200477327,1.0
0,0,0,0,0,0,0,0,0,0,1,0,0,0,0,1,0,0.3582166751972573,0.10361630801695917,0.7804295942720763,1.0
0,1,0,0,0,0,0,0,0,0,1,0,0,0,0,1,0,0.3865669801730632,0.10430220432056478,0.8854415274463008,1.0
0,0,1,0,0,0,0,0,0,0,1,0,0,0,0,1,0,0.17929351606485341,0.13515542829911734,0.45823389021479716,1.0
0,0,0,0,0,0,0,0,0,0,1,0,0,0,0,1,0,0.35586102433622263,0.11192593894695414,0.8758949880668256,1.0
0,0,0,0,0,0,0,0,0,0,1,0,0,0,0,1,0,0.2642922373547518,0.11761013687897083,0.6610978520286397,1.0
0,0,0,0,0,0,0,0,0,0,1,0,0,0,0,1,0,0.2891073011679545,0.14342900306144662,0.7875894988066825,1.0
0,1,0,0,0,0,1,0,0,0,0,0,0,0,0,1,0,0.10244863234846979,0.33101429159583884,0.8329355608591884,0.797160243407708
0,0,0,0,0,0,0,0,0,0,1,0,0,0,0,1,0,0.11821289989963037,0.30031979962321814,0.48210023866348445,0.08722109533468561
0,1,1,0,0,0,0,0,0,0,1,0,0,0,0,1,0,0.15935873539755677,0.24263762468246444,0.48210023866348445,1.0
0,0,1,0,0,0,0,0,0,0,1,0,0,0,0,1,0,0.3973155305010455,0.08359550809967492,0.4272076372315035,1.0
0,0,1,0,0,0,0,0,0,0,1,0,0,0,0,1,0,0.14943089311684568,0.2585367533524695,0.6587112171837708,1.0
0,0,0,0,0,1,0,0,0,0,1,0,0,0,0,0,1,0.16947010800755888,0.23236425291082893,0.8854415274463008,1.0
0,0,0,0,0,0,0,0,0,0,1,0,0,0,0,1,0,0.06109411737067786,0.46299564872009813,0.8329355608591884,0.14604462474645033
0,1,0,0,0,0,0,0,0,0,1,0,0,0,0,1,0,0.3027866444226639,0.135645543431713,0.8305489260143197,1.0
0,0,1,0,0,0,0,0,0,0,1,0,0,0,0,1,0,0.43371203184910173,0.07695207829510044,,1.0
0,0,0,0,0,1,0,0,0,0,1,0,0,0,0,1,0,0.49948268024745196,0.07980419823870397,0.6730310262529833,1.0
0,0,0,0,0,0,0,0,0,0,1,0,0,0,0,1,0,0.2845838130082222,0.14142429139075083,0.6610978520286397,1.0
0,0,0,0,0,0,0,0,0,0,1,0,0,0,0,1,0,0.16319452860044398,0.05119105099417586,0.8758949880668256,1.0
0,0,1,0,0,0,0,0,0,0,1,0,0,0,0,1,0,0.3470109167109491,0.11533037266659212,0.6610978520286397,1.0
0,0,0,0,0,0,0,0,0,0,1,0,0,0,0,1,0,0.33126062422500124,0.1032187230018885,0.6587112171837708,1.0
0,1,0,0,0,0,0,0,0,0,0,0,1,0,0,1,0,0.3278606304050017,0.07811295962018946,0.6730310262529833,0.797160243407708
0,0,0,0,0,0,0,0,1,0,0,0,0,0,0,1,0,0.23145659698809656,0.09528541135317335,0.7661097852028638,1.0
0,0,0,0,0,1,0,0,0,0,1,0,0,0,0,1,0,0.2551807567124848,0.12638739968043253,0.8377088305489258,1.0
0,0,0,0,0,0,0,0,0,0,1,0,0,0,0,1,0,0.22830832904744447,0.1431669390687997,0.5202863961813842,0.15415821501014199
0,0,0,0,0,0,1,0,0,0,0,0,0,0,0,1,0,0.05279060295784297,0.5162614681821639,0.8329355608591884,1.0
0,0,1,0,0,0,0,0,0,0,1,0,0,0,0,1,0,0.3613514802993423,0.11375103173331852,0.8329355608591884,0.797160243407708
0,0,1,0,0,0,0,0,0,0,1,0,0,0,0,1,0,0.3439402275610192,0.11969883988703724,0.8305489260143197,1.0
0,0,0,0,0,0,0,0,0,0,1,0,0,0,0,1,0,0.16774314441996102,0.0687963191545125,0.8305489260143197,0.797160243407708
0,0,0,0,0,0,0,0,0,0,1,0,0,0,0,1,0,0.0924630202633736,0.37592042496070566,0.8758949880668256,0.11561866125760652
0,0,0,0,0,0,0,0,0,0,1,0,0,0,0,1,0,0.43565494006839833,0.0957836212432534,0.6730310262529833,1.0
1,0,1,0,0,0,0,0,0,0,1,0,0,0,0,1,0,0.08134111894746972,0.38937913454461004,0.8758949880668256,0.11561866125760652
0,0,0,0,0,0,0,0,0,0,1,0,0,0,0,1,0,0.2976484044705962,0.13611986936600676,0.8377088305489258,1.0
0,0,1,0,0,0,0,0,0,0,1,0,0,0,0,1,0,0.2935256036066614,0.1415103654481259,0.8305489260143197,1.0
0,1,0,0,0,1,0,0,0,0,1,0,0,0,0,1,0,0.21089659957355814,0.17645157137941586,0.7661097852028638,1.0
0,0,0,0,0,0,0,0,0,0,1,0,0,0,0,1,0,0.403054431796397,0.09268125501163842,0.8019093078758948,1.0
0,0,0,0,0,1,0,0,0,0,1,0,0,0,1,0,0,0.38155004085233846,0.11054932773196244,0.8568019093078758,1.0
0,0,0,0,0,0,0,0,0,0,1,0,0,0,0,1,0,0.267562830361128,0.06144820020715432,0.7303102625298328,1.0
0,0,0,0,0,0,0,0,0,0,1,0,0,0,0,1,0,0.5117249577274388,0.06436128490418548,0.8568019093078758,1.0
1,0,1,0,0,0,0,0,0,0,1,0,0,0,0,1,0,0.07123163969272982,0.4418252473750125,0.8329355608591884,0.14604462474645033
1,0,1,0,0,0,0,0,0,0,1,0,0,0,0,1,0,0.11766297667963789,0.14263907171406565,0.5346062052505967,0.14807302231237324
0,0,1,0,0,0,0,0,0,0,1,0,0,0,0,1,0,0.2747688540757045,0.10150854294157981,0.6610978520286397,1.0
1,0,1,0,0,0,0,0,0,0,1,0,0,0,0,1,0,0.07397596401223079,0.3511544082655433,0.3341288782816229,0.15010141987829617
0,1,0,0,0,0,0,0,0,0,1,0,0,0,0,1,0,0.2609221609988654,0.11276286277089685,0.3842482100238663,1.0
0,0,0,0,0,0,0,0,1,0,0,0,0,0,0,1,0,0.06202168301965023,0.4828035854343093,0.8377088305489258,1.0
0,1,0,0,0,0,0,0,1,0,0,0,0,0,0,1,0,0.2331337403073411,0.14190811724688002,0.8305489260143197,1.0
0,1,0,0,0,0,0,0,1,0,0,0,0,0,0,1,0,0.37574522890149054,0.10997965189658417,0.6730310262529833,1.0
0,0,0,0,0,0,0,0,0,0,1,0,0,0,0,1,0,0.29532068876032996,0.0807466058860084,0.8758949880668256,1.0
0,0,0,0,0,0,0,0,0,0,1,0,0,0,0,1,0,0.13351364779534453,0.2645923641567723,0.5202863961813842,0.15415821501014199
0,1,0,0,0,0,0,0,0,0,1,0,0,0,0,1,0,0.5201640418460021,0.08214753374377216,0.8568019093078758,1.0
0,0,1,0,0,0,0,0,0,0,1,0,0,0,0,1,0,0.4532671295002849,0.09184060360811871,0.8568019093078758,1.0
0,1,0,0,0,0,0,0,0,0,1,0,0,0,0,1,0,0.22809207320457103,0.16199524566265908,0.8758949880668256,0.5943204868154158
0,1,0,0,0,0,0,0,0,0,1,0,0,0,0,1,0,0.1634830660179008,0.21045432187966095,0.20047732696897375,1.0
0,0,0,0,0,0,0,0,0,0,1,0,0,0,0,1,0,0.3174947065700719,0.11407930966681701,0.6610978520286397,1.0
0,1,0,0,0,0,0,0,0,0,0,1,0,0,0,1,0,0.1613990870463161,0.049904147521056146,0.8305489260143197,1.0
0,0,0,0,0,0,0,0,0,0,1,0,0,0,0,1,0,0.12565951299259503,0.13967828324970533,0.8424821002386635,0.13184584178498987
0,0,0,0,0,0,0,0,0,0,1,0,0,0,0,1,0,0.27655270239274776,0.12850537738627457,0.7875894988066825,1.0
0,0,0,0,0,0,0,0,0,0,1,0,0,0,0,1,0,0.3087849290067274,0.11154360171539031,0.8400954653937946,1.0
0,0,0,0,0,0,0,0,0,0,1,0,0,0,0,1,0,0.3929377940998428,0.10735257034308021,0.7875894988066825,0.5943204868154158
0,1,0,0,0,0,0,0,0,0,0,0,1,0,0,1,0,0.36898618777830033,0.11418084752339623,0.6420047732696896,1.0
0,0,0,0,0,0,0,0,0,0,1,0,0,0,0,1,0,0.4214464120356983,0.07710780253506096,0.8400954653937946,1.0
0,0,0,0,0,0,0,0,0,0,1,0,0,0,0,1,0,0.29148622686023995,0.1426390717140656,0.7350835322195703,1.0
0,0,0,0,0,0,0,0,0,0,0,0,1,0,0,1,0,0.2439426940763641,0.16791124285091075,0.25298329355608595,1.0
0,0,0,0,0,0,0,0,1,0,0,0,0,0,0,1,0,0.14909565161160554,0.2577013237025448,0.7875894988066825,1.0
0,0,0,0,0,0,0,0,0,0,1,0,0,0,0,1,0,0.233960861059138,0.13490098966494551,0.8424821002386635,1.0
0,0,0,0,0,0,0,0,0,0,1,0,0,0,0,1,0,0.4599480570148541,0.0916460395785015,0.7255369928400954,1.0
0,0,0,0,0,0,0,0,0,0,1,0,0,0,0,1,0,0.17514229390832642,0.12264585325730978,0.7875894988066825,1.0
0,1,0,0,0,0,0,0,0,0,1,0,0,0,0,1,0,0.20561609944037856,0.19230008952071787,0.7875894988066825,1.0
0,0,0,0,0,0,0,0,0,0,1,0,0,0,0,1,0,0.5294721616050778,0.08074079207683994,0.6443914081145585,1.0
1,0,1,0,0,0,0,0,0,0,1,0,0,0,0,1,0,0.12043437802207084,0.17890626271620932,0.25298329355608595,0.15821501014198783
0,1,0,0,0,0,0,0,0,0,0,0,1,0,0,1,0,0.10146413793639862,0.2366104126511177,0.2243436754176611,1.0
0,0,0,0,0,0,0,0,0,0,1,0,0,0,0,1,0,0.31335615591653904,0.09881250126107782,0.7875894988066825,0.5943204868154158
0,0,0,0,0,0,0,0,0,0,1,0,0,0,0,1,0,0.36950819103193866,0.11388230329633088,0.8544152744630071,1.0
0,0,0,0,0,0,0,0,0,0,1,0,0,0,1,0,0,0.3423398355533904,0.12122394206564595,0.8400954653937946,1.0
0,0,0,0,0,0,0,0,0,0,1,0,0,0,0,1,0,0.3864123599617656,0.07948290716538012,0.8400954653937946,1.0
0,0,0,0,0,0,0,0,0,0,1,0,0,0,0,1,0,0.35188932842845766,0.11852589053350762,0.8114558472553699,1.0
0,1,0,0,0,0,0,0,0,0,1,0,0,0,0,1,0,0.3420055155955129,0.11846789125156597,0.8544152744630071,1.0
0,1,0,0,0,0,0,0,0,0,1,0,0,0,0,1,0,0.26255852234627697,0.10717532469291749,0.8544152744630071,1.0
0,0,0,0,0,0,0,0,1,0,0,0,0,0,0,1,0,0.3005991357307458,0.11918234176127258,0.8400954653937946,1.0
0,1,0,0,0,0,0,0,1,0,0,0,0,0,0,1,0,0.12071721741655182,0.2127689767544625,0.8472553699284009,1.0
1,0,1,0,0,0,0,0,0,0,1,0,0,0,0,1,0,0.06701473722528833,0.44037655419404403,0.25298329355608595,0.15821501014198783
0,0,0,0,0,1,0,0,0,0,1,0,0,0,1,0,0,0.3645861731041706,0.1101094096816479,0.8544152744630071,1.0
0,1,0,0,0,0,0,0,0,0,1,0,0,0,0,1,0,0.231121735163275,0.10562914373595358,0.8377088305489258,1.0
0,1,0,0,0,1,0,0,0,0,0,0,1,0,0,1,0,0.08104143647694266,0.39636206232088433,0.8568019093078758,0.5943204868154158
0,1,0,0,0,0,0,0,1,0,0,0,0,0,0,1,0,0.4910542629946952,0.08527828244940955,0.8568019093078758,1.0
0,1,0,0,0,0,0,0,1,0,0,0,0,0,0,1,0,0.3866234611423548,0.07189649272806546,0.8568019093078758,1.0
1,0,1,0,0,0,0,0,0,0,1,0,0,0,0,1,0,0.1616770226530364,0.1776056581169903,0.7804295942720763,0.12981744421906694
0,0,0,0,0,1,0,0,0,0,1,0,0,0,0,1,0,0.12027501949868281,0.30619859341147976,0.3842482100238663,0.14198782961460446
0,0,0,0,0,0,0,0,0,0,1,0,0,0,0,1,0,0.46180641999148075,0.07024291864726873,0.8568019093078758,1.0
0,1,0,0,0,1,0,0,0,0,0,0,1,0,0,1,0,0.18182593265925237,0.21861165489254186,0.8544152744630071,0.797160243407708
0,0,0,0,0,0,0,0,0,0,1,0,0,0,0,1,0,0.21586452896749087,0.18774495724055743,0.7279236276849643,0.12170385395537527
0,0,0,0,0,0,0,0,0,0,1,0,0,0,1,0,0,0.5301773700627821,0.07540898613710478,0.8568019093078758,1.0
0,0,0,0,0,0,0,0,1,0,0,0,0,0,0,1,0,0.31630004185675686,0.07567688755301966,0.7279236276849643,1.0
0,0,0,0,0,0,0,0,0,0,1,0,0,0,0,1,0,0.22595353308132482,0.13503353211104024,0.7279236276849643,0.797160243407708
0,0,1,0,0,0,0,0,1,0,0,0,0,0,0,1,0,0.18654598587053114,0.21369300083093895,0.6992840095465394,0.3914807302231238
1,0,1,0,0,0,0,0,0,0,1,0,0,0,0,1,0,0.16952847464080556,0.19810413076391567,0.8568019093078758,0.1237322515212982
0,0,0,1,0,1,0,0,1,0,0,0,0,0,0,1,0,0.09183579013456858,0.2041407182070153,0.7804295942720763,0.5943204868154158
1,0,1,0,0,0,0,0,0,0,1,0,0,0,0,1,0,0.09900754484245744,0.33771768668693697,0.2673031026252984,0.15415821501014199
0,0,1,0,0,0,0,0,0,0,1,0,0,0,0,1,0,0.3269433537328116,0.10467890926360043,0.8544152744630071,1.0
0,0,0,0,0,0,0,0,0,0,1,0,0,0,0,1,0,0.40566185927926485,0.06396743568347146,0.7279236276849643,1.0
0,0,0,0,0,0,0,0,0,0,1,0,0,0,0,1,0,0.2879936188188609,0.1337105985890002,0.8019093078758948,1.0
0,0,0,0,0,0,0,0,1,0,0,0,0,0,0,1,0,0.40924477458551956,0.0994771306190257,0.6992840095465394,1.0
0,0,0,0,0,0,0,0,0,0,1,0,0,0,0,1,0,0.32734474735397784,0.12517365443354955,0.8591885441527445,1.0
0,1,0,0,0,0,0,0,0,0,1,0,0,0,0,1,0,0.29104159040000926,0.12106441744444885,0.8591885441527445,1.0
0,1,0,0,0,1,0,0,1,0,0,0,0,0,0,1,0,0.24774531759705026,0.12138283981968251,0.7804295942720763,0.5943204868154158
0,0,0,0,0,0,0,0,0,0,1,0,0,0,0,1,0,0.19042532463477774,0.1269727527704235,0.7804295942720763,0.5943204868154158
1,0,1,0,0,0,0,0,0,0,1,0,0,0,0,1,0,0.12471085066630562,0.29977331452594874,0.2673031026252984,0.15415821501014199
0,1,0,0,0,0,0,0,0,0,0,0,1,0,0,1,0,0.41006557646837954,0.10089608227693352,0.5131264916467779,1.0
0,0,0,0,0,0,0,0,0,0,1,0,0,0,1,0,0,0.5015128210576246,0.0848767469757829,0.7780429594272076,1.0
0,1,1,0,0,0,0,0,1,0,0,0,0,0,0,1,0,0.276421548264088,0.1359906866723601,0.8424821002386635,1.0
0,0,0,0,0,0,0,0,1,0,0,0,0,0,0,1,0,0.17372761635699713,0.19644189538587675,0.5918854415274462,1.0
1,0,1,0,0,0,0,0,0,0,1,0,0,0,0,1,0,0.20125323423457045,0.18012747306818458,0.5202863961813842,0.14198782961460446
0,0,0,0,0,0,0,0,0,0,1,0,0,0,1,0,0,0.42241076066681776,0.0626763605473489,0.8400954653937946,1.0
0,1,0,0,0,0,0,0,0,0,0,0,1,0,0,1,0,0.28382922041581027,0.11460438498285919,0.9140811455847255,1.0
0,1,0,0,0,1,0,0,0,0,1,0,0,0,0,1,0,0.1722958223628206,0.213175359072474,0.6968973747016707,1.0
0,0,0,0,0,1,0,0,0,0,1,0,0,0,0,1,0,0.0815279442367355,0.41062720031607886,0.6968973747016707,0.11359026369168358
0,0,0,0,0,0,0,0,1,0,0,0,0,0,0,1,0,0.39284121222037155,0.10002946676026062,0.8400954653937946,1.0
0,0,0,0,0,1,0,0,0,0,1,0,0,0,0,1,0,0.16157538986478986,0.23121193227616532,0.8424821002386635,0.14198782961460446
0,0,0,0,0,0,0,0,0,0,1,0,0,0,1,0,0,0.38765951538199733,0.10454840746753015,0.8520286396181382,1.0
0,1,0,0,0,0,0,0,1,0,0,0,0,0,0,1,0,0.33173967408358035,0.12319856575170023,0.9140811455847255,1.0
0,0,0,0,0,0,0,0,0,0,1,0,0,0,0,1,0,0.14335548608104526,0.15240334669120081,0.8758949880668256,0.10344827586206898
0,0,0,0,0,0,0,0,0,0,1,0,0,0,0,1,0,0.29823239063957024,0.13248087853266885,0.9140811455847255,1.0
0,1,0,0,0,0,0,0,1,0,0,0,0,0,0,1,0,0.21499810535745167,0.13948938072995318,0.6420047732696896,1.0
0,0,0,0,0,0,0,0,0,0,1,0,0,0,0,1,0,0.4134221951183666,0.08363160588578607,0.8400954653937946,1.0
0,1,0,0,0,1,0,0,0,0,1,0,0,0,0,1,0,0.3254417959030148,0.12866868397062559,0.8114558472553699,1.0
0,0,0,0,0,0,0,0,1,0,0,0,0,0,0,1,0,0.09563222566257297,0.35738922052844774,0.8424821002386635,1.0
0,1,0,0,0,1,0,0,0,0,0,0,1,0,0,1,0,0.18231152674788395,0.21768713362932818,0.8520286396181382,1.0
1,0,1,0,0,0,0,0,0,0,1,0,0,0,0,1,0,0.14632917492791797,0.1644816181183737,0.928400954653938,0.16024340770791076
1,0,1,0,0,0,0,0,0,0,1,0,0,0,0,1,0,0.12749576521782988,0.1897753423797822,0.3556085918854415,0.15618661257606492
0,1,0,0,0,0,0,0,0,0,0,0,1,0,0,1,0,0.2870498821353807,0.10577457309785784,0.5823389021479712,1.0
0,1,0,0,0,0,0,0,0,0,0,0,1,0,0,1,0,0.2820730950281838,0.11666753565254763,0.6563245823389021,1.0
0,1,0,0,0,0,0,0,0,0,0,1,0,0,0,1,0,0.2225812661031505,0.16697182402002617,0.8591885441527445,1.0
0,0,0,0,0,1,0,0,0,0,1,0,0,0,0,1,0,0.2310683091479669,0.13904217769069382,0.8520286396181382,1.0
0,1,0,0,0,0,0,0,1,0,0,0,0,0,0,1,0,0.1336103929949171,0.1619694217116993,0.8424821002386635,1.0
1,0,1,0,0,0,0,0,0,0,1,0,0,0,0,1,0,0.11693827143115675,0.2955823551435969,0.3556085918854415,0.15618661257606492
0,0,0,0,0,0,0,0,0,0,1,0,0,0,0,1,0,0.3511367717212808,0.11521004538195848,0.9140811455847255,1.0
0,1,0,0,0,0,0,0,0,0,0,0,1,0,0,1,0,0.3226308841558559,0.12907848316920303,0.7494033412887828,1.0
0,0,0,0,0,1,0,0,1,0,0,0,0,0,0,1,0,0.1998942149359793,0.15510925186253618,0.9140811455847255,1.0
0,0,0,0,0,0,0,0,0,0,1,0,0,0,0,1,0,0.3353440038221774,0.11974787559125408,0.8591885441527445,1.0
0,0,0,0,0,0,0,0,0,0,1,0,0,0,0,1,0,0.1781944544528697,0.17558122994132191,0.8591885441527445,0.17038539553752538
1,0,1,0,0,1,0,0,0,0,1,0,0,0,0,1,0,0.1411396354852226,0.24923364280756885,0.8591885441527445,0.17038539553752538
0,0,0,0,0,0,0,0,0,0,1,0,0,0,0,1,0,0.19142428412202495,0.13195434472082807,0.5918854415274462,1.0
0,0,0,0,0,0,0,0,1,0,0,0,0,0,0,1,0,0.1680898457717596,0.221812909357949,0.8591885441527445,0.5943204868154158
0,1,0,0,0,1,0,0,0,0,0,0,1,0,0,1,0,0.14691437042106611,0.24740093067479155,0.8591885441527445,1.0
1,0,1,0,0,1,0,0,0,0,1,0,0,0,0,1,0,0.11850047310880217,0.2062289147796345,0.8591885441527445,0.17038539553752538
0,1,0,0,0,0,0,0,1,0,0,0,0,0,0,1,0,0.11928810585464807,0.30744258103597205,0.8591885441527445,0.5943204868154158
0,0,0,0,0,0,0,0,0,0,1,0,0,0,0,1,0,0.46278659357565327,0.07377198531064644,0.7947494033412885,1.0
0,1,0,0,0,0,0,0,0,0,1,0,0,0,0,1,0,0.2624035056493643,0.15554636277742065,0.5918854415274462,1.0
0,1,0,0,0,0,0,0,0,0,0,0,1,0,0,1,0,0.2949124037726814,0.13968214119403452,0.5918854415274462,0.5943204868154158
0,1,0,0,0,1,0,0,1,0,0,0,0,0,0,1,0,0.10394024547703368,0.3348080281044544,0.3556085918854415,1.0
0,0,0,0,0,0,0,0,0,0,1,0,0,0,0,1,0,0.435835003041543,0.08408508425207975,0.8782816229116945,1.0
1,0,1,0,0,0,0,0,0,0,1,0,0,0,0,1,0,0.14886203370989898,0.25140338993146544,0.928400954653938,0.16024340770791076
0,0,0,0,0,0,0,0,0,0,1,0,0,0,0,1,0,0.41416546589266784,0.08765664106190911,0.5823389021479712,1.0
0,1,0,0,0,0,0,0,0,0,0,0,1,0,0,1,0,0.07268321491820953,0.2756733527718795,0.477326968973747,1.0
1,0,1,0,0,0,0,0,0,0,1,0,0,0,0,1,0,0.12027501949868281,0.30619859341147976,0.8138424821002386,0.127789046653144
0,1,0,0,0,0,0,0,0,0,1,0,0,0,0,1,0,0.3390397397196272,0.10866698954664812,0.8782816229116945,1.0
0,0,0,0,0,0,0,0,0,0,1,0,0,0,0,1,0,0.3428474024115526,0.08586627049538186,0.7494033412887828,1.0
0,0,0,0,0,1,0,0,0,0,1,0,0,0,0,1,0,0.2613332433027878,0.1259825872820526,0.8186157517899761,1.0
0,0,0,0,0,0,0,0,0,0,1,0,0,0,0,1,0,0.2295089723153417,0.17301705220708585,0.9307875894988065,1.0
0,0,0,0,0,0,0,0,0,0,1,0,0,0,0,1,0,0.38339423815371737,0.08195080927312187,0.7684964200477327,1.0
0,1,0,0,0,0,0,0,0,0,1,0,0,0,0,1,0,0.24153152346143292,0.16905226230039191,0.6801909307875893,1.0
0,0,0,0,0,0,0,0,0,0,1,0,0,0,1,0,0,0.4615184859519005,0.09191878054251826,0.6157517899761338,1.0
0,1,1,0,0,0,0,0,0,0,1,0,0,0,0,1,0,0.2739513567681219,0.1426390717140656,0.6801909307875893,1.0
0,0,0,0,0,0,0,0,0,0,1,0,0,0,0,1,0,0.28247093665066636,0.023143621338156322,0.7637231503579953,1.0
0,0,0,0,0,0,0,0,0,0,1,0,0,0,0,1,0,0.15504955683652977,0.23451636262677167,0.6801909307875893,0.09330628803245437
0,0,0,0,0,0,0,0,0,0,1,0,0,0,0,1,0,0.17679614316791242,0.16983224556782148,0.7637231503579953,0.11764705882352942
0,0,0,0,0,1,0,0,0,0,1,0,0,0,0,1,0,0.387778090301804,0.10249729533600395,0.9307875894988065,1.0
1,0,1,0,0,1,0,0,0,0,1,0,0,0,0,1,0,0.11597182404945207,0.31463323935623894,0.23150357995226734,0.1359026369168357
0,0,0,0,0,0,0,0,1,0,0,0,0,0,0,1,0,0.31309416655342986,0.08033409125878732,0.7684964200477327,1.0
0,0,0,0,0,0,0,0,0,0,1,0,0,0,0,1,0,0.2664740369226288,0.10922216984112106,0.7637231503579953,1.0
0,0,0,0,0,0,0,0,0,0,1,0,0,0,0,1,0,0.4276514471529471,0.0968723876397942,0.8854415274463008,1.0
0,0,0,0,0,0,0,0,0,0,1,0,0,0,0,1,0,0.3514171253263167,0.10111971093985145,0.6372315035799523,1.0
0,0,0,0,0,0,0,0,0,0,1,0,0,0,0,1,0,0.20951627399302375,0.15483726347940932,0.8186157517899761,1.0
0,0,1,0,0,0,0,0,0,0,1,0,0,0,0,1,0,0.46562572081731424,0.082698972836315,0.477326968973747,1.0
0,0,0,0,0,0,0,0,0,0,1,0,0,0,0,1,0,0.37082557551177014,0.09971589101632768,0.9164677804295942,1.0
0,1,0,0,0,0,0,0,0,0,1,0,0,0,0,1,0,0.40412669578243815,0.10479508998631955,0.8854415274463008,1.0
0,0,0,0,0,0,0,0,1,0,0,0,0,0,0,1,0,0.2725919919383528,0.12428702517159915,0.8186157517899761,1.0
0,0,0,0,0,0,0,0,0,0,1,0,0,0,0,1,0,0.26560676476559153,0.08433860209352036,0.9164677804295942,1.0
0,0,0,0,0,0,0,0,0,0,1,0,0,0,0,1,0,0.41453800758712567,0.10131573036447378,0.6372315035799523,1.0
0,0,0,0,0,0,0,0,0,0,1,0,0,0,0,1,0,0.37601095719725514,0.0763048421073399,0.7684964200477327,1.0
0,0,0,0,0,1,0,0,0,1,0,0,0,0,0,1,0,0.2546628030307309,0.1381454790730318,0.7684964200477327,1.0
0,0,0,0,0,0,0,0,0,0,0,1,0,0,0,1,0,0.20116474365456286,0.09678777498040746,0.8186157517899761,1.0
0,1,0,0,0,0,0,0,0,0,0,0,1,0,0,1,0,0.3826233612753746,0.09523287524581422,0.477326968973747,1.0
1,0,1,0,0,0,0,0,0,0,1,0,0,0,0,1,0,0.11171082272919468,0.32339123990788327,0.23150357995226734,0.1359026369168357
0,0,1,0,0,0,0,0,0,0,1,0,0,0,0,1,0,0.40628568953080957,0.10011374665733855,0.737470167064439,1.0
0,1,0,0,0,1,0,0,0,0,1,0,0,0,0,1,0,0.10743770180217174,0.30019593571566616,0.9307875894988065,1.0
1,0,1,0,0,0,0,0,0,0,1,0,0,0,0,1,0,0.2270819627070118,0.17911315524824392,0.8902147971360381,0.13793103448275862
0,0,0,0,0,0,0,0,0,0,1,0,0,0,0,1,0,0.38623387784354946,0.10206134667228399,0.809069212410501,1.0
0,0,0,0,0,0,0,0,0,0,1,0,0,0,0,1,0,0.24171780455224673,0.10615819194407398,0.7422434367541766,0.797160243407708
0,1,0,0,0,0,0,0,0,0,1,0,0,0,0,1,0,0.09962666223816721,0.3523206715308202,0.8329355608591884,1.0
0,1,1,0,0,0,0,0,0,0,0,1,0,0,0,1,0,0.10310037286993654,0.3473144754231845,0.8329355608591884,1.0
0,0,0,0,0,0,0,0,0,0,1,0,0,0,0,1,0,0.4097621773768198,0.10318427902411814,0.7947494033412885,1.0
0,0,0,0,0,1,0,0,0,0,1,0,0,0,0,1,0,0.07779706180782496,0.4133561730907294,0.3699284009546539,0.15415821501014199
0,1,0,0,0,0,0,0,1,0,0,0,0,0,0,1,0,0.5084707574813537,0.06761605859866195,0.8902147971360381,1.0
0,0,0,0,0,0,0,0,0,0,1,0,0,0,0,1,0,0.3534967639115976,0.11893141581403663,0.8042959427207637,1.0
0,1,0,0,0,0,0,0,1,0,0,0,0,0,0,1,0,0.14732790872551488,0.24077336541577346,0.3699284009546539,0.5943204868154158
0,0,1,0,0,0,0,0,0,0,1,0,0,0,0,1,0,0.44987263202366673,0.08128441997559796,0.7422434367541766,1.0
0,0,0,0,0,0,0,0,0,0,1,0,0,0,0,1,0,0.27102154947573814,0.1161944766008212,0.8042959427207637,1.0
0,0,0,0,0,0,0,0,0,0,1,0,0,0,0,1,0,0.3057495733734078,0.13567961852567262,0.28400954653937943,0.5943204868154158
0,0,0,0,0,0,0,0,1,0,0,0,0,0,0,1,0,0.2426239902393187,0.16421801198591995,0.8520286396181382,0.797160243407708
1,0,1,0,0,1,0,0,0,0,1,0,0,0,0,1,0,0.16962571118784853,0.22764147435759785,0.8520286396181382,0.15618661257606492
0,1,0,0,0,0,0,0,1,0,0,0,0,0,0,1,0,0.15736356732312443,0.24570385147794177,0.11933174224343679,1.0
0,0,1,0,0,1,0,0,0,0,1,0,0,0,0,1,0,0.3083161163181995,0.10314140398274423,0.8329355608591884,1.0
1,0,1,0,0,0,0,0,0,0,1,0,0,0,0,1,0,0.12232345109133362,0.23535018648379233,0.8520286396181382,0.15618661257606492
1,0,1,0,0,0,0,0,0,0,1,0,0,0,0,1,0,0.09112569291719379,0.33910405865227483,0.8520286396181382,0.15618661257606492
0,0,0,0,0,0,0,0,0,0,1,0,0,0,0,1,0,0.34554674804292024,0.11574664902525453,0.809069212410501,0.5943204868154158
0,0,0,0,1,1,0,0,0,0,1,0,0,0,0,0,1,0.17102025844515364,0.23054285427069207,0.8520286396181382,1.0
0,0,0,0,0,0,0,0,0,0,1,0,0,0,0,1,0,0.3964228259416512,0.10673562766289013,0.7040572792362769,1.0
1,0,1,0,0,0,0,0,0,0,1,0,0,0,0,1,0,0.13797856599287672,0.23693127642090045,0.8520286396181382,0.15618661257606492
0,0,0,1,0,0,0,0,0,0,1,0,0,0,0,1,0,0.05149812631083998,0.5406215140634478,0.8902147971360381,0.13793103448275862
1,0,1,0,0,0,0,0,0,0,1,0,0,0,0,1,0,0.08744230840486832,0.3692814445641056,0.4797136038186158,0.13793103448275862
0,1,0,0,0,1,0,0,0,0,1,0,0,0,0,1,0,0.2895939888564315,0.11596801707379002,0.6587112171837708,1.0
0,1,0,0,0,0,0,0,0,0,1,0,0,0,0,1,0,0.387778090301804,0.09648462907070632,0.5704057279236276,1.0
0,0,1,0,0,0,0,0,0,0,1,0,0,0,0,1,0,0.4424813425492659,0.07851021893019876,0.5823389021479712,1.0
0,0,0,0,0,0,0,0,0,0,1,0,0,0,0,1,0,0.2994426875876033,0.0696102320006633,0.7995226730310263,0.5943204868154158
0,0,1,0,0,0,0,0,0,0,1,0,0,0,0,1,0,0.3891155644274119,0.09905433731862007,0.6348448687350834,1.0
0,0,0,0,0,0,0,0,0,0,1,0,0,0,1,0,0,0.3428207063546414,0.10896034723433495,0.7422434367541766,1.0
0,1,0,0,0,0,0,0,1,0,0,0,0,0,0,1,0,0.3146194954593324,0.12187998234238062,0.7661097852028638,0.797160243407708
0,0,0,0,0,0,0,0,0,0,1,0,0,0,0,1,0,0.1832187968740883,0.1982452708026294,0.4272076372315035,0.15010141987829617
0,0,0,0,0,0,0,0,0,0,1,0,0,0,0,1,0,0.3119418358360166,0.10334916169339799,0.809069212410501,0.5943204868154158
0,1,0,0,0,0,0,0,1,0,0,0,0,0,0,1,0,0.33414556390227096,0.09993762886615444,0.5704057279236276,1.0
0,0,0,0,0,0,0,0,0,0,1,0,0,0,0,1,0,0.47278569461082603,0.079481672971265,0.7899761336515512,1.0
0,0,0,0,0,1,0,0,0,0,1,0,0,0,0,1,0,0.3320047617460643,0.12562380417759939,0.7422434367541766,0.797160243407708
0,0,0,0,0,0,0,0,0,0,1,0,0,0,0,1,0,0.31257684973629046,0.12275874866786929,0.809069212410501,1.0
0,1,1,0,0,1,0,0,0,0,0,0,1,0,0,1,0,0.1381037652296007,0.2654105392529134,0.7613365155131264,0.3914807302231238
0,1,1,0,0,0,0,0,1,0,0,0,0,0,0,1,0,0.2073597777571756,0.1827808109821754,0.7947494033412885,0.797160243407708
0,0,0,0,0,0,0,0,0,0,1,0,0,0,0,1,0,0.2642237806594599,0.11683501904788231,0.7684964200477327,1.0
0,1,0,0,0,1,0,0,0,0,1,0,0,0,0,1,0,0.17154051477817225,0.16687914520646982,0.8782816229116945,1.0
0,1,0,0,0,1,0,0,0,0,1,0,0,0,0,1,0,0.27746504536295263,0.14867338778776323,0.7684964200477327,1.0
0,0,0,0,0,0,0,0,0,0,1,0,0,0,1,0,0,0.3933940532017971,0.10248539082053207,0.7422434367541766,1.0
0,0,0,0,0,0,0,0,0,0,1,0,0,0,0,1,0,0.33856384758735736,0.1042891384194964,0.7684964200477327,1.0
0,1,0,0,0,0,0,0,1,0,0,0,0,0,0,1,0,0.21434743562124897,0.18573793868198518,0.8138424821002386,1.0
0,1,0,0,0,0,0,0,0,0,0,0,1,0,0,1,0,0.0854301554101653,0.39189132449770414,0.8138424821002386,1.0
0,0,0,0,0,0,0,0,0,0,1,0,0,0,1,0,0,0.4575725110006877,0.09225751458574948,0.8782816229116945,1.0
0,1,0,0,0,0,0,0,0,0,1,0,0,0,0,1,0,0.19739221202656027,0.06080406455903781,0.5704057279236276,1.0
0,0,0,0,0,0,0,0,0,0,1,0,0,0,0,1,0,0.23701460494388504,0.15137048406909304,0.7040572792362769,1.0
0,1,1,0,0,0,0,0,1,0,0,0,0,0,0,1,0,0.08145325789398913,0.40419789218968505,0.29594272076372313,1.0
0,1,1,0,0,0,0,0,0,0,0,1,0,0,0,1,0,0.2952898935882402,0.1348829322518434,0.7708830548926013,1.0
0,0,0,0,0,0,0,0,0,0,1,0,0,0,0,1,0,0.16730391398831973,0.14390715110424215,1.0,0.797160243407708
1,0,1,0,0,0,0,0,0,0,1,0,0,0,0,1,0,0.15036014557241553,0.24234034427877377,0.9140811455847255,0.15618661257606492
0,1,1,0,0,0,0,0,1,0,0,0,0,0,0,1,0,0.1577381253973408,0.24322034581810115,0.9140811455847255,1.0
0,0,0,0,0,0,0,0,1,0,0,0,0,0,0,1,0,0.23571655538310426,0.1586120376103362,1.0,1.0
0,1,0,0,0,0,0,0,0,0,1,0,0,0,0,1,0,0.4438567854009084,0.09555965295371507,,1.0
0,0,1,0,0,0,0,0,0,0,1,0,0,0,0,1,0,0.4241945133643672,0.10004518831049551,0.9188544152744629,1.0
0,0,1,0,0,0,0,0,0,0,1,0,0,0,0,1,0,0.23848992645449296,0.15443292574138567,1.0,0.797160243407708
0,1,0,0,0,0,0,0,0,0,0,0,1,0,0,1,0,0.40452808692699127,0.10386886828290527,0.8305489260143197,1.0
0,1,0,0,1,0,0,0,0,0,1,0,0,0,0,1,0,0.2536327876455861,0.14685443298802206,0.8305489260143197,1.0
0,1,0,0,0,0,0,0,0,0,0,0,1,0,0,1,0,0.1797915897333546,0.21438125726248675,0.5393794749403342,0.5943204868154158
0,0,0,0,0,0,0,0,0,0,1,0,0,0,0,1,0,0.1776674010533496,0.21286578545735707,0.9140811455847255,0.15618661257606492
0,1,1,0,0,0,0,0,0,0,0,0,1,0,0,1,0,0.1752995270220667,0.2146169018006804,0.5393794749403342,1.0
1,0,1,0,0,0,0,0,0,0,1,0,0,0,0,1,0,0.25148904581233295,0.16174020764128577,0.9140811455847255,0.15618661257606492
0,1,1,0,0,0,0,0,1,0,0,0,0,0,0,1,0,0.17089157501842417,0.10846879843180005,1.0,0.797160243407708
0,1,0,0,0,1,0,0,0,0,1,0,0,0,0,1,0,0.1918641424085416,0.20669019717867101,0.9188544152744629,1.0
0,0,0,0,0,0,0,0,1,0,0,0,0,0,0,1,0,0.2900211600894268,0.14327612976724358,1.0,1.0
0,0,1,0,0,1,0,0,1,0,0,0,0,0,0,1,0,0.1944895352890737,0.13109313627675895,1.0,1.0
0,0,0,0,0,0,0,0,0,0,1,0,0,0,0,1,0,0.2911976769071503,0.11821524693859418,0.7470167064439142,0.3914807302231238
0,1,0,0,0,1,0,0,0,0,1,0,0,0,0,1,0,0.12686381825629423,0.25548026666158363,0.7470167064439142,1.0
0,0,0,0,0,0,0,0,0,0,1,0,0,0,0,0,1,0.16795255245787702,0.23414348403375848,1.0,1.0
0,0,1,0,0,0,0,0,0,0,1,0,0,0,0,1,0,0.46072137703164073,0.07970910372868052,0.7804295942720763,1.0
0,0,1,0,0,0,0,0,0,0,1,0,0,0,0,1,0,0.4143823579053206,0.09716642475609304,0.5990453460620524,1.0
0,0,0,0,0,0,0,0,0,0,1,0,0,0,0,1,0,0.2683735104965108,0.14189842068089895,0.7780429594272076,1.0
0,0,0,0,0,0,0,0,0,0,1,0,0,0,0,1,0,0.6067186275016659,0.06726569130885203,0.8019093078758948,1.0
1,0,1,0,0,0,0,0,0,0,1,0,0,0,0,1,0,0.20695612421038667,0.1947035582822341,0.8758949880668256,0.11561866125760652
0,0,0,0,0,0,0,0,0,0,1,0,0,0,1,0,0,0.46725187573461247,0.06374055072334854,0.7303102625298328,1.0
0,0,0,0,0,0,0,0,0,0,1,0,0,0,0,1,0,0.4033027802937643,0.10482822638512185,0.7303102625298328,1.0
0,0,0,0,0,0,0,0,0,0,1,0,0,0,0,1,0,0.24614399701967632,0.10843488791790025,0.8138424821002386,1.0
0,1,0,0,0,0,0,0,0,0,0,0,1,0,0,1,0,0.22009776604976986,0.1713136312409484,0.532219570405728,1.0
0,1,1,0,0,0,0,0,0,1,0,0,0,0,0,1,0,0.28384920778218553,0.12178773556627218,0.8758949880668256,1.0
0,1,0,1,0,1,0,0,1,0,0,0,0,0,0,1,0,0.052861677191257804,0.4881977298113867,0.8329355608591884,1.0
0,1,0,0,0,0,0,0,0,0,1,0,0,0,0,1,0,0.1532094811317946,0.21890066589986018,0.8305489260143197,1.0
0,0,0,0,0,0,0,0,0,0,1,0,0,0,0,0,1,0.1679329306804293,0.2341856459872897,0.8305489260143197,1.0
0,0,1,0,0,0,0,0,0,0,1,0,0,0,0,1,0,0.4747561061978011,0.07718732453130046,0.5823389021479712,1.0
0,0,0,0,0,0,0,0,0,0,1,0,0,0,0,1,0,0.3381448013815689,0.10401027239577634,0.5823389021479712,1.0
0,0,0,0,0,0,0,0,0,0,1,0,0,0,0,1,0,0.45084721258792076,0.09127132988809995,0.7303102625298328,1.0
0,0,0,0,0,0,0,0,0,0,1,0,0,0,0,1,0,0.32118107315041317,0.09018018123037076,0.5823389021479712,1.0
0,0,0,0,0,0,0,0,0,0,1,0,0,0,0,1,0,0.29491625803730565,0.10599581329739219,0.7971360381861574,1.0
0,0,0,0,0,0,0,0,0,0,1,0,0,0,0,1,0,0.4807839753487283,0.08450463311262979,0.5823389021479712,1.0
0,0,0,0,0,0,0,0,0,0,0,1,0,0,0,1,0,0.20714458745822378,0.1888085965293186,0.8305489260143197,1.0
0,1,0,0,0,0,0,0,0,0,1,0,0,0,0,1,0,0.3659738950044919,0.11505093549753978,0.6730310262529833,1.0
0,1,0,0,0,0,0,0,0,0,1,0,0,0,0,1,0,0.2647068964016876,0.12467304221935385,0.7971360381861574,0.5943204868154158
0,1,0,0,0,0,0,0,0,0,0,0,1,0,0,1,0,0.10838395762388044,0.33133847679431594,0.6730310262529833,1.0
1,0,1,0,0,0,0,0,0,0,1,0,0,0,0,1,0,0.05129841984928309,0.5412676580578124,0.8138424821002386,0.1643002028397566
0,1,0,0,0,1,0,0,1,0,0,0,0,0,0,1,0,0.2825873751358906,0.12207232433348743,0.7780429594272076,0.5943204868154158
0,1,0,0,0,0,0,0,1,0,0,0,0,0,0,1,0,0.36726600532057735,0.09931371937632236,0.6730310262529833,0.797160243407708
0,0,0,0,0,0,0,0,0,0,1,0,0,0,0,1,0,0.4407064315295099,0.08962265101489268,0.5823389021479712,1.0
0,1,0,0,0,0,0,0,0,0,0,0,1,0,0,1,0,0.15862272473698016,0.2379259227866673,0.8138424821002386,1.0
0,0,0,0,0,0,0,0,0,0,1,0,0,0,0,1,0,0.22425087751005005,0.10599039177818284,0.8758949880668256,0.5943204868154158
0,0,0,0,0,0,0,0,0,0,1,0,0,0,0,1,0,0.3411381647055443,0.10024229449859018,0.675417661097852,1.0
0,0,1,0,0,0,0,0,0,0,1,0,0,0,0,1,0,0.4148935662896269,0.08985960521758667,0.7947494033412885,1.0
0,0,0,0,0,1,0,1,0,0,0,0,0,0,0,1,0,0.09273070724210322,0.3653149478082172,0.7947494033412885,0.13793103448275862
1,0,1,0,0,0,0,0,0,0,1,0,0,0,0,1,0,0.11008248616302758,0.3084340736041896,0.8591885441527445,0.17038539553752538
0,0,1,0,0,0,0,0,0,0,1,0,0,0,0,1,0,0.4507780334825613,0.06740513125175035,0.7494033412887828,1.0
1,0,1,0,0,0,0,1,0,0,0,0,0,0,0,1,0,0.11358899382136704,0.2822974056981525,0.7947494033412885,0.13793103448275862
0,0,1,0,0,0,0,0,0,0,1,0,0,0,0,1,0,0.22420590659517814,0.11886156165038862,0.7995226730310263,0.5943204868154158
0,1,0,0,0,0,0,0,0,0,0,0,1,0,0,1,0,0.14537645563856608,0.2638918467398282,0.7947494033412885,0.797160243407708
0,0,0,0,0,0,0,0,0,0,1,0,0,0,0,1,0,0.36092612678247143,0.11354877049434475,0.6420047732696896,1.0
0,0,1,0,0,0,0,0,1,0,0,0,0,0,0,1,0,0.17179689482715468,0.18374323033836237,0.7995226730310263,0.5943204868154158
0,0,0,0,0,0,0,0,1,0,0,0,0,0,0,1,0,0.43892982742675585,0.09664825479704586,0.8830548926014319,0.797160243407708
0,1,0,0,0,0,0,0,0,0,1,0,0,0,0,1,0,0.37626735087031293,0.09701381111652682,0.8186157517899761,1.0
0,0,0,0,0,0,0,0,0,0,1,0,0,0,0,1,0,0.18459591141919518,0.1971777513598912,0.8782816229116945,0.15821501014198783
0,1,0,0,0,0,0,0,0,0,1,0,0,0,0,1,0,0.06448212158584483,0.4754241191290981,0.8830548926014319,1.0
0,1,0,0,0,0,0,0,0,0,1,0,0,0,0,1,0,0.38913624265062674,0.10813915146388745,0.8830548926014319,1.0
0,0,0,0,0,0,0,0,0,0,1,0,0,0,0,1,0,0.5566011998274575,0.07416121875141184,0.8186157517899761,1.0
0,1,0,0,0,0,0,0,1,0,0,0,0,0,0,1,0,0.27068718578010736,0.11247784922501139,0.5823389021479712,1.0
0,0,0,0,0,0,0,0,0,0,1,0,0,0,0,1,0,0.4397888188151569,0.09219491223113321,0.6420047732696896,1.0
0,1,0,0,0,0,0,0,0,0,1,0,0,0,0,1,0,0.3249679027281482,0.11812083938066016,0.6992840095465394,1.0
0,0,0,0,0,0,0,0,0,0,1,0,0,0,0,1,0,0.46097469173959665,0.09010435736807877,0.8186157517899761,1.0
0,0,0,0,0,0,0,0,0,0,1,0,0,0,0,1,0,0.42903258567543306,0.09891906882229907,0.8186157517899761,1.0
0,1,0,0,0,0,0,0,0,0,1,0,0,0,0,1,0,0.1978477848759744,0.1879442150973258,0.8782816229116945,1.0
1,0,1,0,0,0,0,0,0,0,1,0,0,0,0,1,0,0.17229582236282057,0.2250163178001927,0.8591885441527445,0.17038539553752538
1,0,1,0,0,1,0,0,0,0,1,0,0,0,0,1,0,0.15789741188746187,0.21378559815218595,0.8591885441527445,0.17038539553752538
0,0,0,0,0,0,0,0,0,0,1,0,0,0,0,1,0,0.3403392689315555,0.1185361753079452,0.8186157517899761,1.0
0,1,1,0,0,0,0,0,0,0,0,0,1,0,0,1,0,0.25165042600368503,0.14634999928500242,0.8782816229116945,0.797160243407708
0,0,0,0,0,0,0,0,0,0,1,0,0,0,1,0,0,0.4960383567254541,0.08591740544654136,0.34367541766109794,1.0
0,0,0,0,0,0,0,0,0,0,1,0,0,0,0,1,0,0.48913581686995206,0.07129907504893526,0.675417661097852,1.0
1,0,1,0,0,0,0,0,0,0,1,0,0,0,0,1,0,0.09759933616011847,0.3607303146621962,0.8591885441527445,0.17038539553752538
0,1,0,0,0,0,0,0,0,0,0,0,1,0,0,1,0,0.06296897478599604,0.48226275652004774,0.7947494033412885,0.797160243407708
0,1,0,0,0,0,0,0,0,0,0,0,1,0,0,1,0,0.25690891210915573,0.15982407974915122,0.6348448687350834,1.0
0,1,1,0,0,0,0,0,0,0,0,0,1,0,0,1,0,0.16251494864440008,0.22260972673128562,0.8591885441527445,1.0
0,1,0,0,0,0,0,0,1,0,0,0,0,0,0,1,0,0.2159214842896911,0.1866168700644404,0.8782816229116945,0.797160243407708
0,0,0,0,0,0,0,0,0,0,1,0,0,0,0,1,0,0.06932828473177956,0.44595333230029377,0.441527446300716,0.11764705882352942
0,1,1,0,0,0,0,0,0,0,0,0,1,0,0,1,0,0.2739513567681218,0.1337478256390815,0.36276849642004766,1.0
0,1,0,0,0,0,0,0,1,0,0,0,0,0,0,1,0,0.28568234712705626,0.1411272233391823,0.8186157517899761,1.0
0,0,0,0,0,0,0,0,0,0,1,0,0,0,0,1,0,0.18500300337370865,0.21525227636830133,0.8782816229116945,0.15821501014198783
0,1,0,0,0,0,0,0,1,0,0,0,0,0,0,1,0,0.2808157818232054,0.08275776486652163,0.7684964200477327,1.0
0,1,1,0,0,0,0,0,0,0,1,0,0,0,0,1,0,0.2600633988094465,0.1556553001909848,0.6443914081145585,1.0
0,0,0,0,0,0,0,0,0,0,1,0,0,0,0,1,0,0.15181604335716978,0.244038640790334,0.5656324582338903,0.07505070993914809
0,1,0,0,0,0,0,0,0,0,1,0,0,0,0,1,0,0.35823906881530687,0.11192726981130179,0.7780429594272076,1.0
0,0,0,0,0,0,0,0,0,0,1,0,0,0,1,0,0,0.40030415577712664,0.09993872702113889,0.9069212410501193,1.0
0,0,0,0,0,1,0,0,0,0,1,0,0,0,0,1,0,0.2729656289058498,0.15159341605066334,0.6801909307875893,1.0
0,0,0,0,0,0,0,0,0,0,1,0,0,0,0,1,0,0.37443225684219233,0.10985432047830092,0.7947494033412885,0.5943204868154158
0,1,0,0,0,0,0,0,1,0,0,0,0,0,0,1,0,0.37115653682883,0.09648161134811949,0.3484486873508353,1.0
0,0,0,0,0,0,0,0,0,1,0,0,0,0,0,1,0,0.4812627484211203,0.08834699849491626,0.7708830548926013,1.0
0,0,0,0,0,0,0,0,0,0,1,0,0,0,1,0,0,0.5315719552406651,0.07480606981884515,0.7708830548926013,1.0
0,0,0,0,0,0,0,0,0,0,1,0,0,0,0,1,0,0.21945619689982712,0.05309448672455398,0.7708830548926013,1.0
0,1,0,0,0,0,0,0,0,0,1,0,0,0,0,1,0,0.19012818291962627,0.2072375900562382,0.6801909307875893,1.0
0,0,1,0,0,0,0,0,0,0,0,1,0,0,0,1,0,0.19421533702221067,0.19766224349784342,0.9069212410501193,1.0
0,0,0,0,0,0,0,0,0,0,1,0,0,0,0,1,0,0.4837645683952254,0.08536679542496775,0.7947494033412885,1.0
0,0,0,0,0,0,0,0,0,0,1,0,0,0,0,1,0,0.24981567511810004,0.16446614669415732,0.6801909307875893,0.5943204868154158
0,0,0,0,0,0,0,0,0,0,1,0,0,0,0,1,0,0.19981072935404617,0.18482982797466807,0.8210023866348448,1.0
0,0,0,0,0,0,0,0,0,0,1,0,0,0,0,1,0,0.2884978412685692,0.0733437968000339,0.8210023866348448,1.0
0,0,0,0,0,0,0,0,0,0,1,0,0,0,0,1,0,0.35488421241323664,0.11807605345031046,0.7708830548926013,1.0
1,0,1,0,0,0,0,0,0,0,1,0,0,0,0,1,0,0.09909169118523162,0.34250853007019677,0.4295942720763723,0.14198782961460446
0,0,0,0,0,0,0,0,0,0,1,0,0,0,1,0,0,0.47715042403467756,0.06537786750274184,0.7780429594272076,1.0
0,1,0,0,0,0,0,0,1,0,0,0,0,0,0,1,0,0.2743438793346994,0.07098685514779868,0.4295942720763723,0.5943204868154158
0,1,0,0,0,0,0,0,1,0,0,0,0,0,0,1,0,0.14756374177001103,0.2363880047949462,0.1479713603818616,1.0
0,1,0,0,0,0,0,0,0,0,0,0,1,0,0,1,0,0.1223234510913336,0.303501605236448,0.8520286396181382,1.0
0,1,0,0,0,0,0,0,0,0,0,0,1,0,0,1,0,0.2728535888751583,0.11081115502170256,0.7971360381861574,1.0
0,0,1,0,0,0,0,0,0,0,1,0,0,0,0,1,0,0.29691783778484315,0.13609106361811787,0.7708830548926013,1.0
0,0,0,0,0,0,0,0,0,0,1,0,0,0,0,1,0,0.41085115822875157,0.090459124085062,0.6945107398568018,0.5943204868154158
0,0,0,0,0,1,0,0,0,0,1,0,0,0,0,0,1,0.1679329306804293,0.2341856459872897,0.7708830548926013,1.0
0,0,0,0,0,0,0,0,0,0,1,0,0,0,0,1,0,0.3537202730247221,0.11879303821439152,0.7708830548926013,1.0
0,1,1,0,0,0,0,0,0,0,1,0,0,0,0,1,0,0.21417534954563816,0.18705365144158095,0.8210023866348448,1.0
0,0,0,0,0,1,0,0,0,0,1,0,0,0,0,0,1,0.17102025844515364,0.23054285427069207,0.7708830548926013,1.0
0,0,0,0,0,0,0,0,0,0,1,0,0,0,0,1,0,0.5506187980720447,0.07717116917584406,0.8758949880668256,1.0
0,0,0,0,0,0,0,0,0,0,1,0,0,0,0,1,0,0.507105798332805,0.08382276924702979,0.7613365155131264,1.0
0,1,0,0,0,0,0,0,1,0,0,0,0,0,0,1,0,0.22187580214528765,0.08740784255421903,0.9140811455847255,0.5943204868154158
0,0,0,0,0,0,0,0,1,0,0,0,0,0,0,1,0,0.3021508111047713,0.12248554855679389,0.7350835322195703,1.0
0,0,0,0,0,0,0,0,0,0,1,0,0,0,0,1,0,0.435848240122864,0.09730212638564374,0.6706443914081146,1.0
0,0,0,0,0,0,0,0,0,0,1,0,0,0,0,1,0,0.4620366418899459,0.08855909636948046,0.7661097852028638,1.0
0,1,0,0,0,1,0,0,1,0,0,0,0,0,0,1,0,0.1682792715122973,0.2319716098814311,0.8520286396181382,0.3914807302231238
0,0,1,0,0,1,0,0,0,0,1,0,0,0,0,1,0,0.19963251785648983,0.13622275264309816,0.7661097852028638,1.0
0,0,0,0,0,0,0,0,0,0,1,0,0,0,0,1,0,0.39964827953894416,0.07371243940120037,0.7613365155131264,1.0
0,0,1,0,0,0,0,0,0,0,1,0,0,0,0,1,0,0.4988978475018659,0.07948215192137531,0.7350835322195703,1.0
0,1,0,0,0,0,0,0,0,0,1,0,0,0,0,1,0,0.3157696974607439,0.12279925247636839,0.7350835322195703,1.0
0,0,1,0,0,0,0,0,1,0,0,0,0,0,0,1,0,0.4400328224475193,0.06378247937181213,0.7350835322195703,1.0
0,0,0,0,0,0,0,0,0,0,1,0,0,0,0,1,0,0.4146491513465503,0.090672459267272,0.7350835322195703,1.0
0,0,0,0,0,0,0,0,1,0,0,0,0,0,0,1,0,0.19290793857289049,0.1421302138656179,0.5131264916467779,1.0
0,0,0,0,0,0,0,0,0,0,1,0,0,0,0,1,0,0.279500357696725,0.11044760767527376,0.6801909307875893,1.0
0,0,1,0,0,0,0,0,0,0,1,0,0,0,0,1,0,0.3081978827705904,0.1025877971518993,0.9140811455847255,1.0
1,0,1,0,0,0,0,0,0,0,1,0,0,0,0,1,0,0.12130750083106391,0.26588904682719455,0.928400954653938,0.16024340770791076
0,0,0,0,0,0,0,0,0,0,1,0,0,0,0,1,0,0.41072500195989564,0.09700979218609476,0.737470167064439,0.5943204868154158
0,0,0,0,0,0,0,0,0,0,1,0,0,0,0,1,0,0.40023516504903484,0.10034731469243276,0.7350835322195703,1.0
0,0,0,0,0,0,0,0,0,0,1,0,0,0,0,1,0,0.46890215293901283,0.09002999601243512,0.6372315035799523,1.0
0,0,1,0,0,0,0,0,0,0,1,0,0,0,0,1,0,0.41629625947663557,0.07607610620094878,0.8758949880668256,1.0
0,0,0,0,0,0,0,0,0,0,1,0,0,0,0,1,0,0.33223869648978027,0.07950579735680845,0.6372315035799523,1.0
0,0,0,0,0,0,0,0,0,0,1,0,0,0,0,1,0,0.39530711827208337,0.09498347205968713,0.7613365155131264,1.0
0,1,1,0,0,0,0,0,0,0,0,0,1,0,0,1,0,0.16367739679912938,0.21343192891686721,0.6801909307875893,1.0
0,0,0,0,0,0,0,0,0,0,1,0,0,0,0,1,0,0.1777108601350828,0.10805149074456982,0.8758949880668256,1.0
0,0,1,0,0,0,0,0,0,0,1,0,0,0,0,1,0,0.3185991756477916,0.07155793391802259,0.6801909307875893,1.0
0,1,1,0,0,0,0,0,1,0,0,0,0,0,0,1,0,0.1532094811317944,0.24913506966415797,0.09546539379474944,1.0
0,0,0,0,0,0,0,0,0,0,1,0,0,0,0,1,0,0.3390093827815666,0.09934257474921858,0.7613365155131264,1.0
0,0,0,0,0,0,0,0,0,0,1,0,0,0,0,1,0,0.1284342614773254,0.2554301497339879,0.39618138424821,0.13995943204868155
0,0,0,0,0,0,0,0,0,0,1,0,0,0,0,1,0,0.433057192600065,0.09395157645522766,0.8615751789976134,1.0
1,0,1,0,0,0,0,0,0,0,1,0,0,0,0,1,0,0.16265646243675785,0.1795632241249087,0.2673031026252984,0.15415821501014199
0,1,1,0,0,0,0,0,0,0,0,1,0,0,0,1,0,0.1679329306804294,0.15267048149442447,0.7804295942720763,0.5943204868154158
0,0,0,0,0,0,0,0,0,0,1,0,0,0,0,1,0,0.4355436886906836,0.06872577991058502,0.7804295942720763,1.0
0,0,1,0,0,0,0,0,0,0,1,0,0,0,0,1,0,0.3427940083015767,0.04366002640303414,0.8615751789976134,1.0
0,0,0,0,0,1,0,0,0,0,1,0,0,0,0,1,0,0.5117136303252185,0.08000540880342025,0.7398568019093079,1.0
0,0,0,0,0,0,0,0,0,0,1,0,0,0,0,1,0,0.2240459412708434,0.16299502775452565,0.2673031026252984,0.15415821501014199
0,1,1,0,0,0,0,0,0,0,1,0,0,0,0,1,0,0.2867729136826957,0.14285047122189493,0.39618138424821,1.0
0,0,0,0,0,0,0,0,0,0,1,0,0,0,0,1,0,0.5287089809520731,0.07828046817516804,0.7398568019093079,1.0
0,1,0,0,0,0,0,0,1,0,0,0,0,0,0,1,0,0.39305775786428,0.10729145162945274,0.8615751789976134,1.0
0,0,0,0,0,0,0,0,0,0,1,0,0,0,1,0,0,0.42113999669120394,0.10073325086467562,0.8591885441527445,1.0
0,0,0,0,0,0,0,0,0,0,1,0,0,0,0,1,0,0.17839250090670117,0.11284782135098952,1.0,0.797160243407708
0,0,0,0,0,1,0,0,0,0,1,0,0,0,0,1,0,0.4186753615585497,0.09042121817317111,1.0,1.0
0,0,0,0,0,0,0,0,1,0,0,0,0,0,0,1,0,0.21411795870154407,0.14534539048444728,1.0,0.797160243407708
0,0,1,0,0,0,0,0,1,0,0,0,0,0,0,1,0,0.19894054110840428,0.20188181193587396,0.5393794749403342,0.5943204868154158
0,1,0,0,0,0,0,0,0,0,0,0,1,0,0,1,0,0.34076915060705043,0.11926126724885973,0.6181384248210025,0.5943204868154158
1,0,1,0,0,0,0,0,0,0,1,0,0,0,0,1,0,0.1397453072361065,0.25500865283665336,0.5990453460620524,0.127789046653144
0,0,0,0,0,0,0,0,0,0,1,0,0,0,0,1,0,0.32140835174739923,0.08175763846518294,1.0,0.797160243407708
0,1,0,0,0,0,0,0,1,0,0,0,0,0,0,1,0,0.3804828580231103,0.10990070041126078,0.6992840095465394,1.0
0,0,1,0,0,0,0,0,0,0,1,0,0,0,0,1,0,0.33995596629222735,0.0988211793387918,0.5131264916467779,0.5943204868154158
0,1,0,0,0,1,0,0,0,0,1,0,0,0,0,1,0,0.08744230840486832,0.3692814445641056,1.0,1.0
0,0,0,0,0,0,0,0,0,0,1,0,0,0,0,1,0,0.2571548931145144,0.09979785627347963,0.8615751789976134,1.0
0,0,0,0,0,0,0,0,0,0,1,0,0,0,0,1,0,0.5268800021669402,0.08060409691175884,0.8591885441527445,1.0
0,0,0,0,0,0,0,0,0,0,1,0,0,0,1,0,0,0.4120407926488804,0.09606863128368026,0.9188544152744629,1.0
0,0,0,0,0,1,0,0,0,0,1,0,0,0,0,1,0,0.12183393943023625,0.28807481832683,0.8615751789976134,1.0
1,0,1,0,0,0,0,0,0,0,1,0,0,0,0,1,0,0.0688563887798888,0.39041096291505983,0.9140811455847255,0.11764705882352942
1,0,1,0,0,0,0,0,0,0,1,0,0,0,0,1,0,0.08248129956580344,0.39412679272948253,0.8758949880668256,0.11561866125760652
0,0,0,0,0,0,0,0,0,0,1,0,0,0,0,1,0,0.4489757503146668,0.09472096642122266,0.6682577565632457,
0,1,0,0,0,0,0,0,0,0,1,0,0,0,0,1,0,0.19806678609783024,0.20215702159987312,0.9140811455847255,1.0
1,0,1,0,0,0,0,0,0,0,1,0,0,0,0,1,0,0.06393527550725209,0.4784703974642019,0.928400954653938,0.16024340770791076
1,0,1,0,0,0,0,0,0,0,1,0,0,0,0,1,0,0.09462986994556023,0.3617675888735129,0.928400954653938,0.16024340770791076
0,0,0,0,0,0,0,0,0,0,1,0,0,0,0,1,0,0.42240257404283804,0.06445215825580143,0.6682577565632457,
0,0,0,0,0,0,0,0,0,0,1,0,0,0,0,1,0,0.13768864758015137,0.27595916824633326,0.5202863961813842,0.15415821501014199
0,0,0,0,0,1,0,0,0,0,1,0,0,0,0,0,1,0.1694765941047743,0.23235050004409918,0.8758949880668256,1.0
0,1,0,0,0,0,0,0,0,0,1,0,0,0,0,1,0,0.21776235264381708,0.1766225854826709,0.8520286396181382,1.0
0,1,0,0,0,0,0,0,0,0,1,0,0,0,0,1,0,0.2938390481739568,0.14123998374492214,0.8758949880668256,1.0
0,0,0,0,0,0,0,0,0,0,1,0,0,0,0,1,0,0.11209812319904532,0.2822878042467156,0.928400954653938,0.16024340770791076
1,0,1,0,0,0,0,0,0,0,1,0,0,0,0,1,0,0.15097433936540341,0.24082392334406508,0.928400954653938,0.16024340770791076
0,1,0,0,0,0,0,0,1,0,0,0,0,0,0,1,0,0.1904951776563082,0.19630957045140293,0.9140811455847255,1.0
0,1,0,0,0,0,0,0,0,0,1,0,0,0,0,1,0,0.4469907881219627,0.0785565545099869,0.8758949880668256,1.0
0,0,0,0,0,0,0,0,0,0,1,0,0,0,0,1,0,0.28505795080441443,0.1093494115209331,0.9140811455847255,1.0
0,1,0,0,0,1,0,0,1,0,0,0,0,0,0,1,0,0.13879053002309732,0.16485739891502982,0.8353221957040573,1.0
0,1,0,0,0,0,0,0,0,0,0,0,1,0,0,1,0,0.12933342988562826,0.2911622238820202,0.928400954653938,1.0
0,1,0,0,0,0,0,0,1,0,0,0,0,0,0,1,0,0.185457006395859,0.20518890381032587,0.8758949880668256,1.0
0,0,0,0,0,0,0,0,0,0,1,0,0,0,0,1,0,0.2801324948798394,0.11446449095266881,0.9140811455847255,1.0
0,0,1,0,0,0,0,0,0,0,1,0,0,0,0,1,0,0.3809715874582426,0.08082281476251803,0.6682577565632457,
0,1,0,0,0,0,0,0,1,0,0,0,0,0,0,1,0,0.21958363235805445,0.18344824481439004,0.9140811455847255,1.0
0,0,1,0,0,0,0,0,0,0,1,0,0,0,0,1,0,0.39342912890460896,0.09974841579194628,0.8758949880668256,1.0
0,0,0,0,0,0,0,0,0,0,1,0,0,0,0,1,0,0.1767025583082921,0.22317651705619201,0.928400954653938,0.16024340770791076
1,0,1,0,0,0,0,0,0,0,1,0,0,0,0,1,0,0.10479421392402535,0.2399471610105345,0.3484486873508353,0.16227180527383367
0,0,0,0,0,0,0,0,0,0,1,0,0,0,0,1,0,0.1444405449314844,0.2574909120771961,0.3484486873508353,0.16227180527383367
0,1,0,0,0,0,0,0,1,0,0,0,0,0,0,1,0,0.07840358646524216,0.4101669172392377,0.8424821002386635,1.0
0,0,0,0,0,0,0,0,0,0,1,0,0,0,0,1,0,0.1554151769971401,0.24381340650105565,0.928400954653938,1.0
1,0,1,0,0,0,0,0,0,0,1,0,0,0,0,1,0,0.11130334581513203,0.3204570346572573,0.928400954653938,0.16024340770791076
0,1,0,0,0,0,0,0,0,0,1,0,0,0,0,1,0,0.18030676365458811,0.21884971202174777,0.8758949880668256,1.0
0,1,0,0,0,0,0,0,1,0,0,0,0,0,0,1,0,0.15684198731767607,0.24532838259642065,0.8353221957040573,1.0
0,0,0,0,0,1,0,0,0,0,1,0,0,0,0,1,0,0.1009790783669527,0.3444203298198118,0.8424821002386635,0.14198782961460446
0,1,0,0,0,0,0,0,1,0,0,0,0,0,0,1,0,0.26841988529149985,0.15392193554026973,0.5823389021479712,1.0
0,0,0,0,0,0,0,0,0,0,1,0,0,0,0,1,0,0.35239667470088254,0.11727331272254071,0.7637231503579953,1.0
0,1,0,0,0,0,0,0,1,0,0,0,0,0,0,1,0,0.34646296289435413,0.11712730085409392,0.8042959427207637,1.0
0,0,0,0,0,0,0,0,0,0,1,0,0,0,0,1,0,0.29421012556236575,0.11463207505116484,0.477326968973747,1.0
0,0,0,0,0,0,0,0,1,0,0,0,0,0,0,1,0,0.3913192171964447,0.10662769631019287,0.532219570405728,1.0
0,0,0,0,0,0,0,0,0,0,1,0,0,0,0,1,0,0.3640636775303448,0.11173957907090176,0.737470167064439,1.0
0,1,0,0,0,0,0,0,0,0,1,0,0,0,0,1,0,0.33549735296109506,0.10819158018461887,0.7756563245823389,1.0
1,0,1,0,0,0,0,0,0,0,1,0,0,0,0,1,0,0.15428765726958535,0.23457935493957002,0.23150357995226734,0.1359026369168357
0,1,0,0,0,0,0,0,0,0,0,1,0,0,0,1,0,0.14684780988417748,0.2583110267490182,0.6801909307875893,1.0
0,1,0,0,0,1,0,0,0,0,1,0,0,0,0,1,0,0.11669277801962256,0.22912501180249373,0.09546539379474944,1.0
1,0,1,0,0,0,0,0,0,0,1,0,0,0,0,1,0,0.17237246204393547,0.18768158589866285,0.5584725536992841,0.14604462474645033
0,1,0,0,0,0,0,0,0,0,0,0,1,0,0,1,0,0.13000412769271708,0.28911445108489325,0.7350835322195703,1.0
0,0,0,0,0,0,0,0,0,0,1,0,0,0,1,0,0,0.34959424032733233,0.10844949406865441,0.6706443914081146,1.0
0,1,0,0,0,0,0,0,0,0,0,0,1,0,0,1,0,0.3340634686724396,0.12472597120497034,0.6706443914081146,1.0
0,0,0,0,0,1,0,0,0,0,1,0,0,0,0,1,0,0.24667429568988908,0.12047004962114126,0.6801909307875893,1.0
1,0,1,0,0,0,0,0,0,0,1,0,0,0,0,1,0,0.1207790095495793,0.2253073064580446,0.5584725536992841,0.14604462474645033
1,0,1,0,0,0,0,0,0,0,1,0,0,0,0,1,0,0.08499881757365153,0.39852235465830427,0.09546539379474944,0.1257606490872211
0,0,0,0,0,1,0,0,0,0,1,0,0,0,0,1,0,0.27464513955352104,0.15067299473540738,0.8305489260143197,1.0
1,0,1,0,0,0,0,0,0,0,1,0,0,0,0,1,0,0.16808984577175962,0.217144580803264,0.7780429594272076,0.15618661257606492
0,1,1,0,0,0,0,0,1,0,0,0,0,0,0,1,0,0.3710204750057803,0.09917977610929303,0.7804295942720763,1.0
0,1,0,0,0,1,0,0,0,0,1,0,0,0,0,1,0,0.17814491098274562,0.14208587191177527,0.9164677804295942,1.0
0,0,0,0,0,1,0,0,0,0,1,0,0,0,0,1,0,0.31630004185675686,0.1321138190395407,0.8186157517899761,1.0
0,0,0,0,0,0,0,0,1,0,0,0,0,0,0,1,0,0.42513113550296183,0.0962802577831697,0.7947494033412885,1.0
0,0,1,0,0,0,0,0,0,0,1,0,0,0,0,1,0,0.3651142310851658,0.10176990325151175,0.8042959427207637,0.797160243407708
1,0,1,0,0,0,0,0,0,0,1,0,0,0,0,1,0,0.165264301023592,0.21830865559581075,0.8066825775656323,0.127789046653144
0,1,0,0,0,1,0,0,0,0,1,0,0,0,0,1,0,0.13098385552535943,0.22293666907553972,0.7684964200477327,0.797160243407708
0,1,0,0,0,0,0,0,0,0,1,0,0,0,0,1,0,0.219456196899827,0.17951076102287122,0.6157517899761338,0.5943204868154158
1,0,1,0,0,0,0,0,0,0,1,0,0,0,0,1,0,0.12337519990276251,0.24597580058675558,0.6157517899761338,0.16227180527383367
0,0,0,0,0,0,0,0,0,0,1,0,0,0,0,1,0,0.15318813146707316,0.1556677060832118,0.4391408114558472,0.16835699797160245
0,1,0,0,0,0,0,0,1,0,0,0,0,0,0,1,0,0.16717916255517856,0.23433529916506915,0.8257756563245822,1.0
0,0,0,0,0,0,0,0,0,0,1,0,0,0,0,1,0,0.27381488165052276,0.1493204952841235,0.8186157517899761,1.0
0,0,0,0,0,0,0,0,0,0,1,0,0,0,0,1,0,0.415988945636156,0.09610888997824614,0.7947494033412885,0.5943204868154158
0,0,0,0,0,0,0,0,0,0,1,0,0,0,1,0,0,0.41531540998552735,0.0868382528949696,0.7684964200477327,1.0
0,1,0,0,0,0,1,0,0,0,0,0,0,0,0,1,0,0.1369732401769897,0.25670465802963427,0.8520286396181382,1.0
0,1,1,0,0,0,0,0,0,0,1,0,0,0,0,1,0,0.13837728047249712,0.2740179283347861,0.7947494033412885,1.0
0,1,0,0,0,0,0,0,0,0,1,0,0,0,0,1,0,0.2947042020760877,0.13794018333517385,0.7947494033412885,1.0
0,0,0,0,0,0,0,0,1,0,0,0,0,0,0,1,0,0.2664740369226286,0.11664200193945368,0.8520286396181382,1.0
0,0,0,0,0,1,0,0,1,0,0,0,0,0,0,1,0,0.25178931383103736,0.15303316808626052,0.8186157517899761,1.0
0,0,0,0,0,0,0,0,0,0,1,0,0,0,0,1,0,0.3207580670953805,0.13045211719013453,0.809069212410501,1.0
0,1,0,0,0,0,0,0,0,0,1,0,0,0,0,1,0,0.3506374705777496,0.11977865550571046,0.8854415274463008,1.0
0,0,1,0,0,0,0,0,0,0,1,0,0,0,0,1,0,0.39378264041527766,0.09685239638760999,0.45823389021479716,0.5943204868154158
0,1,0,0,0,1,0,0,0,0,1,0,0,0,0,1,0,0.10590025685658305,0.3221320602080281,0.809069212410501,1.0
0,0,0,0,0,1,0,0,0,0,1,0,0,0,0,1,0,0.3324174812434133,0.12378011298669396,0.8042959427207637,1.0
0,1,0,0,0,0,0,0,1,0,0,0,0,0,0,1,0,0.46326594451249004,0.09183368491172295,0.8305489260143197,1.0
0,0,0,0,0,0,0,0,0,0,1,0,0,0,0,1,0,0.12753779485771388,0.2581915225390574,0.35083532219570407,0.15821501014198783
0,0,0,0,0,0,0,0,0,0,1,0,0,0,0,1,0,0.12078783468864614,0.19225131951587268,0.6324582338902147,0.15415821501014199
1,0,1,0,0,0,0,0,0,0,1,0,0,0,0,1,0,0.10646428617718666,0.32722969033575655,0.7923627684964201,0.17038539553752538
0,1,0,0,0,0,1,0,0,0,0,0,0,0,0,1,0,0.1353172060338037,0.22096596734252208,0.6324582338902147,1.0
0,0,1,0,0,0,0,0,0,0,1,0,0,0,0,1,0,0.22756044339011347,0.12341043265816459,0.8544152744630071,1.0
0,0,0,0,0,0,0,0,1,0,0,0,0,0,0,1,0,0.38079064705908505,0.10357620636805932,0.7756563245823389,1.0
0,1,0,0,0,1,0,0,0,0,1,0,0,0,0,1,0,0.1651647005268765,0.1983339404565227,0.6968973747016707,1.0
0,0,1,0,0,0,0,0,0,0,1,0,0,0,0,1,0,0.4207566739781728,0.08991953017226804,0.9785202863961813,1.0
0,0,0,0,0,0,0,0,0,0,1,0,0,0,1,0,0,0.5423375108121987,0.07710581253927398,0.8400954653937946,1.0
0,0,1,0,0,0,0,0,0,0,1,0,0,0,0,1,0,0.2242858490262966,0.1532045561546151,0.8305489260143197,1.0
0,1,0,0,0,0,0,0,0,0,1,0,0,0,0,1,0,0.19256251256451856,0.18493347326592205,0.6968973747016707,1.0
0,0,0,0,0,0,0,0,0,0,1,0,0,0,0,1,0,0.386555088428446,0.09096001573585091,0.8400954653937946,1.0
0,1,0,0,0,0,0,0,0,0,1,0,0,0,0,1,0,0.1655428888493526,0.09566255178687338,0.8544152744630071,1.0
0,0,0,0,0,0,0,0,0,0,1,0,0,0,1,0,0,0.47999865139674935,0.0887899448693637,0.8400954653937946,1.0
0,1,0,0,0,0,0,0,1,0,0,0,0,0,0,1,0,0.14774039121440743,0.06006727928223666,0.8544152744630071,1.0
0,0,0,0,0,0,0,0,0,0,1,0,0,0,0,1,0,0.2809449834987363,0.14610507760985716,0.7971360381861574,0.5943204868154158
0,1,1,0,0,0,0,0,0,0,0,0,1,0,0,1,0,0.16465254497707088,0.22602844288481122,0.7780429594272076,1.0
0,0,0,0,0,0,0,0,0,0,1,0,0,0,0,1,0,0.17184812844838143,0.2244856609160419,0.5584725536992841,0.14604462474645033
1,0,1,0,0,0,0,0,0,0,1,0,0,0,0,1,0,0.2250887834567019,0.18082941302664907,0.7780429594272076,0.15618661257606492
0,1,0,0,0,0,0,0,0,0,1,0,0,0,0,1,0,0.22157281436224766,0.14667698264127935,0.8400954653937946,0.3914807302231238
0,1,0,0,0,0,0,0,1,0,0,0,0,0,0,1,0,0.19421533702221067,0.19766224349784342,0.8257756563245822,1.0
0,1,0,0,0,0,0,0,0,0,1,0,0,0,0,1,0,0.2919457845107935,0.1257668913152698,0.6205250596658711,1.0
1,0,1,0,0,0,0,0,0,0,1,0,0,0,0,1,0,0.11397991425012945,0.32165412349140754,0.2625298329355608,0.1359026369168357
1,0,1,0,0,0,0,0,0,0,1,0,0,0,0,1,0,0.23115572748035484,0.16608377835333202,0.8520286396181382,0.15618661257606492
0,0,0,0,0,0,0,0,0,0,1,0,0,0,0,1,0,0.24215967971766578,0.162987608693654,0.8615751789976134,1.0
0,1,0,0,0,0,0,0,0,0,1,0,0,0,0,1,0,0.2286029130135516,0.1683292989583225,0.8615751789976134,1.0
0,1,0,0,0,0,0,0,0,0,1,0,0,0,0,1,0,0.13563556634376486,0.14206458976085617,0.6443914081145585,1.0
0,0,0,0,0,0,0,0,0,0,1,0,0,0,0,1,0,0.4149241083699984,0.075111090793408,0.45823389021479716,1.0
0,1,0,0,0,0,0,0,0,0,1,0,0,0,0,1,0,0.30556705750414886,0.13221456671316134,0.8520286396181382,1.0
0,0,0,0,0,0,0,0,0,0,1,0,0,0,0,1,0,0.3505166219197913,0.11606331432543984,0.8400954653937946,0.797160243407708
0,0,0,1,0,1,0,0,0,0,1,0,0,0,0,1,0,0.12378156918743825,0.2097828149466793,0.7875894988066825,1.0
0,1,1,0,0,0,0,0,0,0,1,0,0,0,0,1,0,0.2014301064663122,0.1381238979797454,0.8520286396181382,0.797160243407708
0,0,0,0,0,0,0,0,0,0,1,0,0,0,0,1,0,0.3219191667443693,0.10833254207483858,0.8615751789976134,1.0
0,1,0,0,0,1,0,0,0,0,0,0,1,0,0,1,0,0.12573614976005704,0.2965054912482833,0.2625298329355608,0.5943204868154158
1,0,1,0,0,0,0,0,0,0,1,0,0,0,0,1,0,0.15261065784264385,0.24035654736016349,0.8210023866348448,0.13995943204868155
0,0,0,0,0,0,0,0,0,0,1,0,0,0,0,1,0,0.15194515787951593,0.219958555676983,0.7971360381861574,0.11764705882352942
0,0,0,0,0,0,0,0,0,0,1,0,0,0,0,1,0,0.11096118238798218,0.32829231449208446,0.7875894988066825,0.1359026369168357
1,0,1,0,0,0,0,0,0,0,1,0,0,0,0,1,0,0.23195561576559912,0.1736788642258345,0.4797136038186158,0.13793103448275862
1,0,1,0,0,1,0,0,0,0,1,0,0,0,0,1,0,0.14287083219662186,0.25425872887996975,0.1479713603818616,0.13184584178498987
0,1,1,0,0,0,0,0,0,0,1,0,0,0,0,1,0,0.33930946460720396,0.07472412441810797,0.7971360381861574,1.0
0,0,0,0,0,0,0,0,0,0,1,0,0,0,0,1,0,0.24710779053161236,0.043952803066017426,0.7875894988066825,0.5943204868154158
0,0,1,0,0,0,0,0,0,0,1,0,0,0,0,1,0,0.38275544639726333,0.09392728041737193,0.8615751789976134,1.0
0,0,0,0,0,0,0,0,0,0,1,0,0,0,0,1,0,0.18491327521533188,0.12584071152963458,0.6443914081145585,1.0
1,0,1,0,0,0,0,0,0,0,1,0,0,0,0,1,0,0.15490167849634898,0.23830862371148293,0.8520286396181382,0.15618661257606492
0,0,0,0,0,0,0,1,0,0,0,0,0,0,0,1,0,0.15278196929856727,0.19608499740576207,0.7565632458233891,0.1359026369168357
0,1,0,0,0,0,0,0,1,0,0,0,0,0,0,1,0,0.36369813138170926,0.11550064432796929,0.5107398568019093,1.0
0,0,0,0,0,0,0,0,0,0,1,0,0,0,0,1,0,0.3113019230237994,0.10497782077729208,0.9045346062052504,1.0
0,0,0,0,0,0,0,0,0,0,1,0,0,0,0,1,0,0.44884711497512586,0.08899976032118558,0.8400954653937946,1.0
1,0,1,0,0,1,0,0,0,0,1,0,0,0,0,1,0,0.0625356036913602,0.4831164812721214,0.8019093078758948,0.07910750507099393
0,1,0,0,0,0,0,0,1,0,0,0,0,0,0,1,0,0.2133653256443281,0.15459399789832165,0.5894988066825775,1.0
1,0,1,0,0,0,0,0,0,0,1,0,0,0,0,1,0,0.16319452860044406,0.22112761816433454,0.8114558472553699,0.15010141987829617
0,1,0,0,0,0,0,0,0,0,1,0,0,0,0,1,0,0.27631904290784637,0.09886296328946824,0.8019093078758948,1.0
0,0,0,0,0,0,0,0,0,0,1,0,0,0,0,1,0,0.43505597700194854,0.09763638357928404,0.8210023866348448,0.797160243407708
0,0,0,0,0,0,0,0,0,0,1,0,0,0,0,1,0,0.4056192916448294,0.09969031776591641,0.9045346062052504,1.0
0,0,0,0,0,0,0,0,0,0,1,0,0,0,0,1,0,0.45816814800313715,0.09290485782882822,0.6825775656324582,1.0
0,0,0,0,0,0,0,0,0,0,1,0,0,0,0,1,0,0.27990573014743014,0.1293296946570328,0.5417661097852029,0.797160243407708
1,0,1,0,0,0,0,0,0,0,1,0,0,0,0,1,0,0.16633648571390688,0.21115961601120603,0.8114558472553699,0.15010141987829617
0,0,0,0,0,1,0,0,0,0,1,0,0,0,0,1,0,0.2994160961015844,0.12773534848182425,0.8210023866348448,0.5943204868154158
0,1,0,0,0,0,0,0,0,0,1,0,0,0,0,1,0,0.3759010226127007,0.1061124137364281,0.568019093078759,1.0
0,0,0,0,0,0,0,0,0,0,1,0,0,0,0,1,0,0.4475433090912722,0.09468631017021824,0.9045346062052504,1.0
0,0,1,0,0,0,0,0,0,0,1,0,0,0,0,1,0,0.25000964404148884,0.11749176663203674,0.5894988066825775,0.5943204868154158
0,0,0,0,0,1,0,0,0,0,1,0,0,0,0,1,0,0.32032740330205123,0.12800277225486625,0.9045346062052504,1.0
0,1,1,0,0,0,0,0,0,0,1,0,0,0,0,1,0,0.2194867877467633,0.11769659584718002,0.8066825775656323,0.797160243407708
0,0,0,0,0,1,0,0,0,0,1,0,0,0,0,1,0,0.3096763787608945,0.12007323353963566,0.8066825775656323,1.0
0,0,0,0,0,0,0,0,0,0,1,0,0,0,1,0,0,0.410402432325703,0.09209843424183779,0.8400954653937946,1.0
0,1,0,0,0,0,0,0,0,0,0,0,1,0,0,1,0,0.18349016610877203,0.20878684211171367,0.8114558472553699,1.0
0,0,0,0,0,0,0,0,0,0,1,0,0,0,0,1,0,0.39787393451757297,0.10184893867638208,0.8019093078758948,0.797160243407708
0,0,0,0,0,0,0,0,0,0,1,0,0,0,0,1,0,0.3192250851525852,0.10714573762462912,0.7589498806682577,1.0
0,0,0,0,0,0,0,0,0,0,1,0,0,0,0,1,0,0.3170202353725102,0.11555955432417117,0.8114558472553699,1.0
0,1,0,0,0,1,0,0,0,0,0,0,1,0,0,1,0,0.4032028877425705,0.08431603610976154,0.568019093078759,1.0
0,1,0,0,0,0,0,0,1,0,0,0,0,0,0,1,0,0.3255435089368492,0.08903928529054486,0.7875894988066825,1.0
0,0,0,0,0,0,0,0,0,0,1,0,0,0,0,1,0,0.40030415577712664,0.09993872702113889,0.8424821002386635,1.0
0,0,0,0,0,0,0,0,0,0,1,0,0,0,0,1,0,0.5786137697572383,0.06918812583924482,0.42482100238663484,1.0
0,0,0,0,0,0,0,0,0,0,1,0,0,0,0,1,0,0.17202093787344233,0.13848835999774853,0.477326968973747,0.10953346855983774
0,0,0,0,0,0,0,0,0,0,1,0,0,0,0,1,0,0.4311644853166912,0.07514237317436263,0.7875894988066825,0.5943204868154158
0,1,0,0,0,0,0,0,1,0,0,0,0,0,0,1,0,0.1907336625261928,0.19720483096643818,0.8281622911694511,1.0
0,1,0,0,0,0,0,0,0,0,1,0,0,0,0,1,0,0.3516419048730346,0.11253051423880281,0.8424821002386635,1.0
0,1,0,0,0,0,0,0,1,0,0,0,0,0,0,1,0,0.10023202212574109,0.3521222089252883,0.6801909307875893,1.0
0,1,0,0,0,0,0,0,1,0,0,0,0,0,0,1,0,0.17463826833099122,0.16848280581070782,0.7350835322195703,1.0
0,1,0,0,0,0,0,0,0,0,1,0,0,0,0,1,0,0.37228338484495166,0.11188811277235831,0.8281622911694511,1.0
0,1,0,0,0,1,0,0,0,0,1,0,0,0,0,1,0,0.2901934263655566,0.13984536604681322,0.8019093078758948,1.0
1,0,1,0,0,1,0,0,0,0,1,0,0,0,0,1,0,0.09179084599252772,0.3292162016339126,0.8114558472553699,0.15010141987829617
0,1,0,0,0,1,0,0,1,0,0,0,0,0,0,1,0,0.26189047005037935,0.15452709453689845,0.7350835322195703,1.0
0,1,0,0,0,0,0,0,0,0,0,0,1,0,0,1,0,0.1155226372271969,0.28327674021354854,0.7923627684964201,1.0
0,1,0,0,0,0,0,0,0,0,1,0,0,0,0,1,0,0.08208624586496042,0.40793533438125545,0.7350835322195703,0.797160243407708
0,0,0,0,0,0,0,0,0,0,1,0,0,0,0,1,0,0.41438235790532063,0.10208788381708293,0.6372315035799523,1.0
0,1,0,0,0,0,0,0,0,0,0,0,1,0,0,1,0,0.12491651486815981,0.11434437986197654,0.6372315035799523,0.5943204868154158
0,1,0,0,0,0,0,0,1,0,0,0,0,0,0,1,0,0.43985442407511,0.09026977012736623,0.7613365155131264,1.0
0,1,0,0,0,0,0,0,1,0,0,0,0,0,0,1,0,0.313341606448999,0.1309344719801678,0.09546539379474944,1.0
0,1,0,0,0,0,0,0,0,0,1,0,0,0,0,1,0,0.28370526881613006,0.12900480072161133,0.7875894988066825,1.0
0,0,0,0,0,0,0,0,0,1,0,0,0,0,0,1,0,0.5867481131306881,0.06660366035323315,0.8424821002386635,1.0
0,0,0,0,0,0,0,0,0,0,1,0,0,0,0,1,0,0.3371289127165215,0.1236697078826957,0.8305489260143197,1.0
0,0,0,0,0,0,0,0,0,0,1,0,0,0,0,1,0,0.41747088922167275,0.08986327088784632,0.6992840095465394,1.0
1,0,1,0,0,0,0,0,0,0,1,0,0,0,0,1,0,0.055234947198987534,0.5211691167351884,0.8329355608591884,0.14604462474645033
0,0,0,0,0,0,0,0,1,0,0,0,0,0,0,1,0,0.3514073491679201,0.11409679500552697,0.8305489260143197,1.0
0,0,0,0,0,0,0,0,0,0,1,0,0,0,0,1,0,0.4016586476321681,0.08264068143173661,0.8878281622911692,1.0
0,0,0,0,0,0,0,0,0,0,1,0,0,0,0,1,0,0.4627366334818952,0.08049884011835555,0.6420047732696896,1.0
0,1,0,0,0,0,0,0,1,0,0,0,0,0,0,1,0,0.35396953605369735,0.11631275856295221,0.4272076372315035,1.0
0,0,0,0,0,0,0,0,0,0,1,0,0,0,1,0,0,0.4901644633009192,0.08686089766519747,0.7875894988066825,1.0
1,0,1,0,0,0,0,0,0,0,1,0,0,0,0,1,0,0.10663199587681953,0.3217322778723947,0.5202863961813842,0.15415821501014199
0,0,0,0,0,0,0,0,0,0,1,0,0,0,1,0,0,0.39948702807560355,0.09805456454480667,0.8305489260143197,1.0
1,0,1,0,0,0,0,0,0,0,1,0,0,0,0,1,0,0.12177262659193379,0.2860224252297169,0.34367541766109794,0.13793103448275862
0,1,0,0,0,0,0,0,0,0,1,0,0,0,0,1,0,0.4699565597381445,0.08011958842672999,0.8305489260143197,1.0
0,0,0,0,0,0,0,0,0,0,1,0,0,0,0,1,0,0.279500357696725,0.0756193570631721,0.6420047732696896,1.0
0,0,0,0,0,0,0,0,0,0,1,0,0,0,0,1,0,0.3514171253263167,0.10111971093985145,0.6992840095465394,1.0
0,0,0,0,0,0,0,0,1,0,0,0,0,0,0,1,0,0.3532017831282896,0.11911438761338099,0.6992840095465394,1.0
0,1,1,0,0,0,0,0,0,0,1,0,0,0,0,1,0,0.2399519976661097,0.1346575541028356,0.6992840095465394,1.0
0,0,0,0,0,0,0,0,0,0,1,0,0,0,0,1,0,0.3369660978286863,0.10311776191330847,0.8329355608591884,1.0
0,1,0,0,0,0,0,0,1,0,0,0,0,0,0,1,0,0.3962051526187997,0.10570537837769478,0.441527446300716,1.0
0,0,0,0,0,0,0,0,0,0,1,0,0,0,0,1,0,0.316559492155048,0.12050865752453245,0.8830548926014319,0.797160243407708
0,1,0,0,0,1,0,0,1,0,0,0,0,0,0,1,0,0.4564422682049194,0.0712429931866223,0.8758949880668256,1.0
0,1,1,0,0,0,0,0,0,0,0,0,1,0,0,1,0,0.18614202875083483,0.129238923976847,0.6992840095465394,1.0
0,0,0,0,0,0,0,0,0,0,1,0,0,0,0,1,0,0.39817452267922804,0.09713890809504631,0.8329355608591884,1.0
0,1,0,0,0,1,0,0,0,0,1,0,0,0,0,1,0,0.12963190382570403,0.25875229052368975,0.8758949880668256,0.5943204868154158
0,0,0,0,0,0,0,0,0,0,1,0,0,0,0,1,0,0.44396861881563426,0.0899331359398591,0.7875894988066825,1.0
0,0,0,0,0,0,0,0,0,0,1,0,0,0,0,1,0,0.4491120647839992,0.089509258961269,0.8830548926014319,1.0
0,0,0,0,0,0,0,0,0,0,1,0,0,0,0,1,0,0.3252909239387327,0.09433936078403059,0.5990453460620524,1.0
0,0,0,0,0,0,0,0,0,0,1,0,0,0,0,1,0,0.39284121222037155,0.10002946676026062,0.8305489260143197,1.0
0,0,0,0,0,0,0,0,1,0,0,0,0,0,0,1,0,0.34190850410470747,0.12249287639304092,0.701670644391408,0.797160243407708
0,1,0,0,0,0,0,0,1,0,0,0,0,0,0,1,0,0.1849132752153319,0.18816063616991677,0.8615751789976134,0.797160243407708
0,0,0,0,0,0,0,0,0,0,1,0,0,0,0,1,0,0.35198044233634007,0.11799957178370968,0.8782816229116945,1.0
0,0,0,0,0,1,0,0,0,0,1,0,0,0,0,1,0,0.2165728790859041,0.11324786895221244,0.9069212410501193,1.0
0,0,0,0,0,0,0,0,0,0,1,0,0,0,0,1,0,0.3890298862069616,0.09869673911647377,0.7947494033412885,1.0
1,0,1,0,0,0,0,0,0,0,1,0,0,0,0,1,0,0.1943124901397917,0.20122782268517647,0.6443914081145585,0.14807302231237324
0,1,0,0,0,0,0,0,0,0,1,0,0,0,0,1,0,0.34783129253284917,0.11772362225441635,0.7684964200477327,1.0
0,0,1,0,0,0,0,0,0,0,1,0,0,0,0,1,0,0.3164153782342191,0.1320265206951164,0.9069212410501193,0.797160243407708
0,1,0,0,0,0,0,0,0,0,1,0,0,0,0,1,0,0.37020309279581426,0.11391535077341672,0.7947494033412885,0.797160243407708
1,0,1,0,0,0,0,0,0,0,1,0,0,0,0,1,0,0.16850762728874877,0.23148429665151157,0.3031026252983294,0.1359026369168357
0,0,0,0,0,0,0,0,1,0,0,0,0,0,0,1,0,0.338631389079707,0.0927033286105807,0.7708830548926013,1.0
0,1,0,0,0,0,0,0,1,0,0,0,0,0,0,1,0,0.33802304943401124,0.12256649442838205,0.8615751789976134,1.0
0,1,1,0,0,0,0,0,0,0,0,0,1,0,0,1,0,0.12164991791857997,0.29311082954010187,0.3341288782816229,0.5943204868154158
0,0,0,0,0,0,0,0,0,0,1,0,0,0,0,1,0,0.36279535694343845,0.10117362822326756,0.9069212410501193,1.0
0,1,0,0,0,0,0,0,0,0,0,0,1,0,0,1,0,0.11662905640219416,0.3080215224880473,0.8138424821002386,1.0
0,1,1,0,0,0,0,0,0,0,1,0,0,0,0,1,0,0.32863299959204745,0.08970845768198447,0.8138424821002386,1.0
0,0,0,0,0,0,0,0,0,0,1,0,0,0,1,0,0,0.3470010213061425,0.10750717208499365,0.8782816229116945,1.0
0,0,0,0,0,0,0,0,0,0,1,0,0,0,0,1,0,0.1638782055207711,0.2079101161014743,0.9069212410501193,0.14807302231237324
1,0,1,0,0,0,0,0,0,0,1,0,0,0,0,1,0,0.1065826936613494,0.3359719902392904,0.7947494033412885,0.13793103448275862
0,0,0,0,0,0,0,0,0,0,1,0,0,0,0,1,0,0.5024315077129334,0.07742172025924766,0.6324582338902147,1.0
0,0,0,0,0,1,0,0,1,0,0,0,0,0,0,1,0,0.1710138263968638,0.23055631149023684,0.6801909307875893,1.0
0,0,0,0,0,0,0,0,0,0,1,0,0,0,0,1,0,0.3501440254170601,0.10522358006477381,0.7947494033412885,0.797160243407708
0,0,0,0,0,0,0,0,0,0,1,0,0,0,0,0,1,0.16949605102256282,0.23230924978771858,0.9069212410501193,1.0
0,0,0,0,0,0,0,0,0,0,1,0,0,0,0,1,0,0.2453373370559081,0.16712332235931499,0.9069212410501193,1.0
0,0,0,0,0,0,0,0,0,0,1,0,0,0,0,1,0,0.4623167619108427,0.08499252556953926,0.7494033412887828,1.0
0,1,0,0,0,0,0,0,0,0,0,0,1,0,0,1,0,0.31544457574110374,0.07545078648780232,0.8782816229116945,1.0
1,0,1,0,0,1,0,0,0,0,1,0,0,0,0,1,0,0.07188441734813278,0.4425164656479583,0.7947494033412885,0.13793103448275862
0,0,0,0,0,0,0,0,0,0,1,0,0,0,1,0,0,0.48852946879655706,0.08404441923558889,0.7708830548926013,1.0
1,0,1,0,0,1,0,0,0,0,1,0,0,0,0,1,0,0.08244433185856558,0.3714234708549103,0.8042959427207637,0.14198782961460446
0,1,0,0,0,0,0,0,0,0,1,0,0,0,0,1,0,0.38844442363609727,0.10494563364786112,0.44868735083532213,1.0
0,1,0,0,0,0,0,0,0,0,1,0,0,0,0,1,0,0.24836314752695832,0.16529610974898357,0.8591885441527445,1.0
0,1,0,0,0,1,0,0,1,0,0,0,0,0,0,1,0,0.11971577165925497,0.28833660969987,0.8782816229116945,1.0
0,0,0,0,0,1,0,0,0,0,1,0,0,0,0,1,0,0.3434342115411037,0.11110171878947318,0.701670644391408,1.0
0,0,0,0,0,0,0,0,0,0,1,0,0,0,0,1,0,0.34036951202006827,0.11499269677214935,0.809069212410501,1.0
0,1,0,0,0,0,0,0,0,0,1,0,0,0,0,1,0,0.3511367717212808,0.11521004538195848,0.7661097852028638,1.0
0,0,0,0,0,0,0,0,0,0,1,0,0,0,0,1,0,0.20129746590015757,0.18495032466356243,0.7899761336515512,0.13387423935091278
0,0,0,0,0,0,0,0,0,0,1,0,0,0,0,1,0,0.29273476957009026,0.09914146776429225,0.809069212410501,1.0
0,0,0,0,0,0,0,0,0,0,1,0,0,0,0,1,0,0.17117456066286624,0.1584907274328153,0.8854415274463008,0.1359026369168357
0,1,0,0,0,0,0,0,0,0,1,0,0,0,0,1,0,0.2906353914873051,0.132178957320383,0.809069212410501,1.0
0,1,0,0,0,1,0,0,0,1,0,0,0,0,0,1,0,0.21999095989592,0.15636258879444465,0.9164677804295942,1.0
0,1,0,0,0,0,0,0,0,0,0,0,1,0,0,1,0,0.14537645563856613,0.21335856797838657,0.7899761336515512,0.3914807302231238
0,1,0,0,0,0,0,0,0,0,0,0,1,0,0,1,0,0.07966834343823061,0.40095846869525825,0.7899761336515512,0.3914807302231238
0,0,0,0,0,0,0,0,0,0,1,0,0,0,0,1,0,0.3772090681720317,0.11168018588192105,0.7804295942720763,1.0
0,1,0,0,0,0,0,0,0,0,1,0,0,0,0,1,0,0.2113196156923443,0.06854206685801263,0.809069212410501,1.0
0,0,0,0,0,0,0,0,0,0,1,0,0,0,0,1,0,0.4866298999075251,0.07147787247869598,0.7661097852028638,1.0
1,0,1,0,0,0,0,0,0,0,1,0,0,0,0,1,0,0.11449003860747055,0.3198451353498587,0.7899761336515512,0.13387423935091278
0,1,0,0,0,1,0,0,0,0,1,0,0,0,0,1,0,0.21080131136090238,0.10597238515732062,0.7040572792362769,1.0
0,0,0,0,0,0,0,0,1,0,0,0,0,0,0,1,0,0.43356570781562476,0.09081698292147654,0.7422434367541766,1.0
0,0,0,0,0,0,0,0,1,0,0,0,0,0,0,1,0,0.2434206470811327,0.16591804997029205,0.7899761336515512,1.0
0,0,0,0,0,0,0,0,0,0,1,0,0,0,0,1,0,0.3766058988152134,0.09982746225663332,0.6801909307875893,1.0
0,1,0,0,0,0,0,0,0,0,0,0,1,0,0,1,0,0.11281292329549071,0.30318871897667554,0.7804295942720763,1.0
0,0,0,0,0,0,0,0,0,0,1,0,0,0,0,1,0,0.3582646598731796,0.0875580878630816,0.7040572792362769,0.5943204868154158
0,1,0,0,0,0,0,0,0,0,1,0,0,0,0,1,0,0.21400835429036466,0.17648109993371255,0.9164677804295942,1.0
0,0,0,0,0,0,0,0,0,0,1,0,0,0,0,1,0,0.27623701257780175,0.14269602014190294,0.7040572792362769,0.5943204868154158
0,0,0,0,0,0,0,0,1,0,0,0,0,0,0,1,0,0.3241202656010318,0.1175853399643762,0.3699284009546539,0.5943204868154158
0,0,0,0,0,0,0,0,0,0,1,0,0,0,0,1,0,0.4796851371576556,0.08595022781923767,0.3365155131264917,1.0
0,0,0,0,0,0,0,0,0,0,1,0,0,0,0,1,0,0.45758261280759005,0.08490701821243228,0.7088305489260143,1.0
0,0,0,0,0,0,0,0,0,0,1,0,0,0,0,1,0,0.33629708628766447,0.10771127457783584,0.809069212410501,1.0
0,0,0,0,0,0,0,0,0,0,1,0,0,0,0,1,0,0.3368676939130517,0.07193391043712602,0.8424821002386635,1.0
1,0,1,0,0,0,0,0,0,0,1,0,0,0,0,1,0,0.16483895283964373,0.1772579845178483,0.35083532219570407,0.15821501014198783
0,1,0,0,0,0,0,0,1,0,0,0,0,0,0,1,0,0.2182958868549025,0.13565095887137482,0.35083532219570407,1.0
1,0,1,0,0,0,0,0,0,0,1,0,0,0,0,1,0,0.10607865704307508,0.23485510184652453,0.9164677804295942,0.15212981744421905
1,0,1,0,0,0,0,0,0,0,1,0,0,0,0,1,0,0.16043306243026736,0.18396236222630066,0.7804295942720763,0.14198782961460446
0,1,0,0,0,0,0,0,0,0,1,0,0,0,0,1,0,0.252192126324718,0.11651407711094135,0.9164677804295942,1.0
0,1,0,0,0,0,0,0,0,0,1,0,0,0,0,1,0,0.21569876053908496,0.09364167834633885,0.809069212410501,0.5943204868154158
1,0,1,0,0,0,0,0,0,0,1,0,0,0,0,1,0,0.08355946865534318,0.40084793868728436,0.7923627684964201,0.17038539553752538
0,1,0,0,0,0,0,0,1,0,0,0,0,0,0,1,0,0.29098694126473246,0.14177549417461865,0.6945107398568018,1.0
0,1,0,0,0,0,0,0,1,0,0,0,0,0,0,1,0,0.10838395762388044,0.33133847679431594,0.4391408114558472,1.0
0,0,0,0,0,0,0,0,0,0,1,0,0,0,0,1,0,0.11575200812842264,0.31109408496119767,0.9785202863961813,0.14807302231237324
0,0,0,0,0,0,0,0,0,0,1,0,0,0,0,1,0,0.4849499129322272,0.08444225452799387,0.7804295942720763,1.0
0,0,0,0,0,0,0,0,0,0,1,0,0,0,0,1,0,0.517380842121186,0.08252974999957992,0.5059665871121717,1.0
0,0,0,0,0,0,0,0,0,0,1,0,0,0,0,1,0,0.4442077986823621,0.08547323001565477,0.9785202863961813,1.0
0,0,0,0,0,0,0,0,0,0,1,0,0,0,0,1,0,0.2642922373547517,0.11008016521488212,0.8424821002386635,1.0
0,0,0,0,0,0,0,0,0,0,1,0,0,0,0,1,0,0.38599280072663383,0.08710318878727005,0.6945107398568018,1.0
0,0,0,0,0,0,0,0,0,0,1,0,0,0,0,1,0,0.30457443383682425,0.13602275968972413,0.6945107398568018,1.0
0,0,1,0,0,1,0,0,1,0,0,0,0,0,0,1,0,0.17255754478616872,0.2287752872003128,0.6945107398568018,1.0
0,1,0,0,0,0,0,0,1,0,0,0,0,0,0,1,0,0.39293779409984286,0.07656161426466726,0.6945107398568018,1.0
1,0,1,0,0,0,0,0,0,0,1,0,0,0,0,1,0,0.17205292202668301,0.1441020626770097,0.6133651551312649,0.1257606490872211
0,1,0,0,0,0,0,0,0,0,0,0,1,0,0,1,0,0.196087565791446,0.17270081701698425,0.6157517899761338,0.5943204868154158
0,0,0,0,0,0,0,0,0,0,1,0,0,0,0,1,0,0.21739740706474822,0.10994630045760276,0.8854415274463008,1.0
1,0,1,0,0,0,0,0,0,0,1,0,0,0,0,1,0,0.1344782675829599,0.23055631149023684,0.4391408114558472,0.16835699797160245
0,0,0,0,0,0,0,0,0,0,0,1,0,0,0,1,0,0.18400173888212878,0.20649177914483569,0.9785202863961813,1.0
0,0,0,0,0,0,0,0,0,0,1,0,0,0,0,1,0,0.38621007421721654,0.08865449351228676,0.8186157517899761,1.0
1,0,1,0,0,0,0,0,0,0,1,0,0,0,0,1,0,0.0851547944032022,0.3497995847158892,0.9164677804295942,0.15212981744421905
0,1,1,0,0,0,0,0,0,0,1,0,0,0,0,1,0,0.18574321408416475,0.20865707600029668,0.9164677804295942,1.0
0,1,0,1,0,1,0,0,0,0,1,0,0,0,0,1,0,0.12344445384787257,0.1172181084415033,0.9164677804295942,0.797160243407708
0,0,0,0,0,0,0,0,0,1,0,0,0,0,0,1,0,0.2943646094475809,0.06547680121484366,0.9785202863961813,1.0
0,0,0,0,0,0,0,0,0,0,1,0,0,0,0,1,0,0.2221935214217231,0.1255432303471721,0.9164677804295942,1.0
0,1,0,0,0,0,0,0,1,0,0,0,0,0,0,1,0,0.24636813413333347,0.14753495694903576,0.8162291169451072,1.0
0,1,0,0,0,0,0,0,1,0,0,0,0,0,0,1,0,0.28941353443849155,0.11956770698261912,0.7804295942720763,1.0
0,0,0,0,0,0,0,0,0,0,1,0,0,0,1,0,0,0.3628048378234943,0.11513746659655695,0.7971360381861574,1.0
0,0,0,0,0,0,0,0,0,0,1,0,0,0,0,1,0,0.29111574143941943,0.12236738367506059,0.8305489260143197,1.0
1,0,1,0,0,0,0,0,0,0,1,0,0,0,0,1,0,0.13455837028087897,0.2676744466721422,0.8162291169451072,0.13793103448275862
0,0,0,0,0,0,0,0,0,0,1,0,0,0,0,1,0,0.3312606242250013,0.06690972352553637,0.8305489260143197,1.0
0,0,0,0,0,1,0,0,0,0,1,0,0,0,0,1,0,0.09511040388345249,0.36441978961911903,0.8162291169451072,0.13793103448275862
0,0,0,0,0,0,0,0,0,0,1,0,0,0,0,1,0,0.41725002675557454,0.07538305629508221,0.8400954653937946,1.0
1,0,1,0,0,0,0,0,0,0,1,0,0,0,0,1,0,0.13335226486556986,0.2771447017989135,0.7971360381861574,0.11359026369168358
0,0,0,0,0,0,0,0,0,0,1,0,0,0,0,1,0,0.18693136305935582,0.2129872235656122,0.8162291169451072,0.13793103448275862
0,0,0,0,0,0,0,0,0,0,1,0,0,0,0,1,0,0.3822268418753872,0.10325770567152252,0.7804295942720763,1.0
0,0,0,0,0,0,0,0,0,0,0,0,1,0,0,1,0,0.17942276928190493,0.21920433327457176,0.7040572792362769,1.0
0,0,0,0,0,0,0,0,0,0,1,0,0,0,0,1,0,0.22445064572888643,0.1508663585953903,0.5894988066825775,1.0
0,0,0,0,0,0,0,0,0,0,1,0,0,0,0,1,0,0.44302367757527217,0.08747983923713011,0.7875894988066825,1.0
0,1,0,0,0,0,0,0,0,0,1,0,0,0,0,1,0,0.1366498053242797,0.2770721166694097,0.532219570405728,1.0
0,1,1,0,0,1,0,0,0,0,1,0,0,0,0,1,0,0.18169826478814877,0.21618624598083308,0.7804295942720763,0.3914807302231238
1,0,1,0,0,0,0,0,0,0,1,0,0,0,0,1,0,0.092228242023998,0.3546078065223928,0.8305489260143197,0.14198782961460446
0,1,0,0,0,0,0,0,0,0,0,0,1,0,0,1,0,0.19562817182979678,0.20387404453516333,0.5823389021479712,1.0
0,1,1,0,0,1,0,0,1,0,0,0,0,0,0,1,0,0.16850762728874877,0.23148429665151157,0.532219570405728,1.0
0,1,0,0,0,0,0,0,0,0,0,0,1,0,0,1,0,0.06902829676180419,0.4558779965002384,0.8400954653937946,1.0
0,1,0,0,0,0,0,0,0,0,1,0,0,0,0,1,0,0.23625465920443112,0.16642291892375702,0.8162291169451072,1.0
0,0,0,0,0,0,0,0,0,0,1,0,0,0,1,0,0,0.37240667536329125,0.03751920961108701,0.6610978520286397,1.0
0,0,0,0,0,0,0,0,0,0,1,0,0,0,0,1,0,0.37978189348269753,0.11109810900752794,0.5823389021479712,1.0
0,0,0,0,0,0,0,0,0,0,1,0,0,0,0,1,0,0.4093910611738323,0.10120855323668773,0.8400954653937946,1.0
0,0,0,0,0,0,0,0,0,0,1,0,0,0,0,1,0,0.13483839076093604,0.268861303464601,0.7780429594272076,0.15618661257606492
0,0,0,0,0,1,0,0,0,0,1,0,0,0,0,1,0,0.2824709366506663,0.14538666604286765,0.7804295942720763,1.0
0,0,0,0,0,0,0,0,0,0,1,0,0,0,0,1,0,0.12900106270703607,0.1763235096999619,0.36515513126491655,0.11764705882352942
0,1,0,0,0,0,0,0,1,0,0,0,0,0,0,1,0,0.09756736749498017,0.3539006235351489,0.8162291169451072,1.0
0,0,0,0,0,0,0,0,0,0,1,0,0,0,0,1,0,0.24808167024603978,0.06722975451247361,0.486873508353222,1.0
0,1,0,0,0,1,0,0,0,0,1,0,0,0,0,1,0,0.2743438793346994,0.136377587541667,0.532219570405728,1.0
0,1,0,0,0,0,0,0,0,0,1,0,0,0,0,1,0,0.20671357810749016,0.1182420907704195,0.8162291169451072,1.0
0,0,0,0,0,1,0,0,0,0,1,0,0,0,0,1,0,0.10717299884026599,0.3337120979890603,0.7828162291169449,0.09330628803245437
0,1,0,0,0,0,0,0,0,0,1,0,0,0,0,1,0,0.2354971721997258,0.16920998556460448,0.7875894988066825,0.3914807302231238
0,0,0,0,0,0,0,0,0,0,1,0,0,0,0,1,0,0.13581831766544483,0.24069429908292558,0.486873508353222,0.11156186612576068
0,1,0,0,0,0,0,0,1,0,0,0,0,0,0,1,0,0.3745518011644996,0.1042774268569389,0.532219570405728,1.0
0,0,0,0,0,1,0,0,0,0,1,0,0,0,0,1,0,0.362425416479067,0.11580611837703116,0.9140811455847255,1.0
0,1,0,0,0,0,0,0,0,0,1,0,0,0,0,1,0,0.13781408554384805,0.22609955049048827,0.8520286396181382,1.0
0,1,0,0,0,0,0,0,0,0,0,0,1,0,0,1,0,0.3152891265649061,0.1323149994963095,0.8758949880668256,1.0
0,0,1,0,0,0,0,0,0,0,1,0,0,0,0,1,0,0.3486235445563561,0.07603718375340908,0.5155131264916468,1.0
0,1,0,0,0,0,0,0,0,0,1,0,0,0,0,1,0,0.22013335728457414,0.16380237081347673,0.6992840095465394,1.0
0,0,0,0,0,0,0,0,0,0,1,0,0,0,0,1,0,0.10935189447787325,0.28114378725409983,0.3341288782816229,0.15010141987829617
0,1,0,0,0,0,0,0,0,0,1,0,0,0,0,1,0,0.3666627317758748,0.10850993633118819,0.5155131264916468,1.0
0,1,0,0,0,0,0,0,0,0,1,0,0,0,0,1,0,0.2942951012715655,0.13506192534337733,0.8520286396181382,1.0
0,0,0,0,0,0,0,0,0,0,1,0,0,0,0,1,0,0.4027545038710855,0.10065643319091158,0.6563245823389021,1.0
0,0,0,0,0,1,0,0,0,0,1,0,0,0,1,0,0,0.3116238648288309,0.13398746085009988,0.9140811455847255,1.0
0,1,0,0,0,0,0,0,0,0,1,0,0,0,0,1,0,0.33344370944619633,0.09545948685628183,0.928400954653938,1.0
0,0,0,0,0,0,0,0,0,0,1,0,0,0,0,1,0,0.4463781106105957,0.08654119299982718,0.8377088305489258,1.0
1,0,1,0,0,0,0,0,0,0,1,0,0,0,0,1,0,0.16556277146199225,0.2127763412089828,0.7088305489260143,0.12981744421906694
0,1,0,0,0,0,0,0,1,0,0,0,0,0,0,1,0,0.2028398961733826,0.17030576608424636,0.928400954653938,1.0
0,1,0,0,0,0,0,0,0,0,1,0,0,0,0,1,0,0.15018631078436898,0.16388329839130117,0.8520286396181382,0.3914807302231238
0,0,1,0,0,0,0,0,0,0,1,0,0,0,0,1,0,0.2179677031889688,0.12046238055360468,0.8520286396181382,1.0
0,1,0,0,0,0,0,0,1,0,0,0,0,0,0,1,0,0.2963659079168515,0.1327166456214817,0.5775656324582339,1.0
0,1,0,1,0,0,0,0,1,0,0,0,0,0,0,1,0,0.05955994227291581,0.460307286408916,0.8377088305489258,1.0
0,1,0,0,0,0,0,0,1,0,0,0,0,0,0,1,0,0.4494616695103146,0.09452748697454981,0.2673031026252984,0.3914807302231238
0,0,0,0,0,0,0,0,0,0,1,0,0,0,0,1,0,0.3816644262277754,0.10682151335237845,0.8568019093078758,1.0
0,1,0,0,0,0,0,0,1,0,0,0,0,0,0,1,0,0.49993940765316397,0.08538708604927764,0.5202863961813842,1.0
0,0,0,0,0,0,0,0,0,0,1,0,0,0,0,1,0,0.2512019054307487,0.1155299547375903,0.809069212410501,1.0
0,0,0,0,0,0,0,0,0,0,1,0,0,0,0,1,0,0.17900392177586244,0.16937239509286564,0.928400954653938,1.0
0,1,1,0,0,0,0,0,1,0,0,0,0,0,0,1,0,0.14950368087825458,0.19925006735083223,0.928400954653938,0.5943204868154158
0,0,0,0,0,0,0,0,1,0,0,0,0,0,0,1,0,0.2714222692913761,0.11824121571605718,0.7350835322195703,0.3914807302231238
0,0,1,0,0,0,0,0,0,0,1,0,0,0,0,1,0,0.2460158319995086,0.052748697410216414,0.8758949880668256,0.5943204868154158
0,1,0,0,0,0,0,0,0,0,1,0,0,0,0,1,0,0.3345591663993246,0.11454281770518214,0.7875894988066825,1.0
1,0,1,0,0,0,0,0,0,0,1,0,0,0,0,1,0,0.08520273805033364,0.2706784352532932,0.4797136038186158,0.12170385395537527
0,1,0,0,0,0,0,0,1,0,0,0,0,0,0,1,0,0.2978164601618697,0.06470901368269036,0.8758949880668256,0.5943204868154158
0,1,0,0,0,0,0,0,0,0,1,0,0,0,0,1,0,0.12197397942073039,0.26871654813501933,0.8758949880668256,1.0
0,1,0,0,0,0,0,0,1,0,0,0,0,0,0,1,0,0.16248798078813012,0.23551981987264411,0.8472553699284009,1.0
0,1,0,0,0,0,0,0,0,0,1,0,0,0,0,1,0,0.21109234323943732,0.18066764358338364,0.8615751789976134,1.0
0,1,0,0,0,0,0,0,0,0,1,0,0,0,0,1,0,0.09798224975846627,0.07635907362957528,0.8329355608591884,0.797160243407708
0,0,0,0,0,0,0,0,0,0,1,0,0,0,0,1,0,0.14450060849954893,0.26446314409349125,0.20047732696897375,0.13793103448275862
0,0,0,0,0,0,0,0,0,0,1,0,0,0,0,1,0,0.3938060022830743,0.09606018986496125,0.8615751789976134,1.0
0,0,0,0,0,0,0,0,0,0,1,0,0,0,0,1,0,0.38394224077233685,0.1076603721966104,0.7136038186157518,1.0
0,0,1,0,0,0,0,0,0,0,1,0,0,0,0,1,0,0.40325140996698017,0.10227308450085534,0.6730310262529833,1.0
0,0,0,0,0,1,0,0,0,0,1,0,0,0,0,1,0,0.2756333772989223,0.1396235533885602,0.8305489260143197,1.0
0,1,0,0,0,0,0,0,0,0,0,0,1,0,0,1,0,0.30251215111947055,0.13708925122367516,0.8615751789976134,1.0
0,0,0,0,0,0,0,0,0,0,1,0,0,0,0,1,0,0.041191194754428145,0.6030396374186083,0.5202863961813842,0.15415821501014199
0,0,1,0,0,0,0,0,0,0,1,0,0,0,0,1,0,0.23924787145982485,0.10824441435145668,0.8472553699284009,1.0
0,0,0,0,0,0,0,0,0,0,1,0,0,0,0,1,0,0.3364670070241009,0.11747171211408916,0.8305489260143197,1.0
0,0,0,0,0,0,0,0,0,0,1,0,0,0,0,1,0,0.16409883394689054,0.19160162186676677,0.5202863961813842,0.15415821501014199
1,0,1,1,0,0,0,0,0,0,1,0,0,0,0,1,0,0.05863374408032875,0.49023328073664707,0.5202863961813842,0.15415821501014199
0,0,0,0,0,0,0,0,0,0,1,0,0,0,0,1,0,0.09078586382019385,0.3810641698106904,0.7875894988066825,0.1359026369168357
0,1,0,0,0,0,0,0,1,0,0,0,0,0,0,1,0,0.35384978138040146,0.11122928120852581,0.7255369928400954,1.0
0,0,0,0,0,0,0,0,0,0,1,0,0,0,0,1,0,0.2888440075956977,0.11091884530268922,0.6610978520286397,1.0
0,0,0,0,0,0,0,0,0,0,1,0,0,0,0,1,0,0.5089264708528315,0.08108776980982747,0.4797136038186158,1.0
0,0,0,0,0,0,0,0,0,0,1,0,0,0,0,1,0,0.38865446007485127,0.09567272084833611,0.4272076372315035,0.5943204868154158
0,1,1,0,0,1,0,0,0,0,0,0,1,0,0,1,0,0.0924630202633736,0.37592042496070566,0.5202863961813842,1.0
0,0,0,0,0,0,0,0,1,0,0,0,0,0,0,1,0,0.15369977429179613,0.2288558583324188,0.8758949880668256,1.0
0,1,0,0,0,0,0,0,0,0,1,0,0,0,0,1,0,0.1715276864872274,0.07003046618490034,0.6730310262529833,0.797160243407708
0,1,0,0,0,0,0,0,1,0,0,0,0,0,0,1,0,0.18191707312112662,0.21843778632448416,0.5202863961813842,0.5943204868154158
0,0,0,0,0,0,0,0,0,0,1,0,0,0,0,1,0,0.21570394261142778,0.1619014747095342,0.8615751789976134,0.3914807302231238
0,1,1,0,0,0,0,0,0,0,1,0,0,0,0,1,0,0.09570811773674147,0.32673005315066905,0.8329355608591884,1.0
0,0,0,0,0,0,0,0,0,0,1,0,0,0,1,0,0,0.3924663745786878,0.05506242707422097,0.7923627684964201,1.0
0,1,1,0,0,0,0,0,1,0,0,0,0,0,0,1,0,0.20369998225403382,0.11877496104650875,0.9188544152744629,0.797160243407708
0,0,0,0,0,0,0,0,0,0,1,0,0,0,0,1,0,0.32941056756413795,0.07911689327985115,1.0,1.0
0,0,0,0,0,0,0,0,0,0,1,0,0,0,0,1,0,0.4662832904343064,0.07126280034096409,0.7923627684964201,1.0
0,0,0,0,0,0,0,0,0,0,1,0,0,0,0,1,0,0.4393844811704454,0.07472756678209173,0.7303102625298328,1.0
0,1,0,0,0,0,0,0,0,0,1,0,0,0,0,1,0,0.32109580396187243,0.09081612518955007,0.7923627684964201,1.0
0,0,0,0,0,0,0,0,0,0,1,0,0,0,0,1,0,0.25953292124219834,0.06151529615373341,0.7923627684964201,1.0
1,0,1,0,0,0,0,0,0,0,1,0,0,0,0,1,0,0.16023511798168344,0.21747353813711373,0.5393794749403342,0.16024340770791076
0,0,0,0,0,1,0,0,0,0,1,0,0,0,0,1,0,0.2530494307002295,0.14915541722770706,0.8305489260143197,0.797160243407708
1,0,1,0,0,0,0,0,0,0,1,0,0,0,0,1,0,0.14228574407842445,0.12051703418705596,,
0,0,0,0,0,0,0,0,0,0,1,0,0,0,0,1,0,0.07451464593132204,0.4014627748884988,0.5990453460620524,0.127789046653144
0,1,0,0,0,0,0,0,0,0,0,0,1,0,0,1,0,0.13511788622464574,0.04379121585931054,,1.0
0,0,0,0,0,0,0,0,0,0,1,0,0,0,0,1,0,0.22948452851518655,0.13657125248835933,0.7470167064439142,0.3914807302231238
1,0,1,0,0,1,0,0,0,0,1,0,0,0,0,1,0,0.13557990212691665,0.26066713728629903,0.5202863961813842,0.15415821501014199
0,1,0,0,0,0,0,0,0,0,1,0,0,0,0,1,0,0.31666393549969496,0.12101188650765707,,1.0
0,0,0,0,0,0,0,0,1,0,0,0,0,0,0,1,0,0.16227208960439737,0.19713372866479828,0.8758949880668256,1.0
0,0,0,0,0,0,0,0,0,0,1,0,0,0,0,1,0,0.17035012496433738,0.13717627693114431,0.8758949880668256,0.11561866125760652
0,0,0,0,0,0,0,0,0,0,1,0,0,0,0,1,0,0.2084914656092507,0.14625711806437505,1.0,1.0
0,0,0,0,0,0,0,0,0,0,1,0,0,0,0,1,0,0.41416546589266784,0.08765664106190911,1.0,1.0
0,1,0,0,0,0,0,0,0,0,1,0,0,0,0,1,0,0.24049986496639236,0.13117759975688714,0.8758949880668256,1.0
0,1,0,0,0,0,0,0,0,0,1,0,0,0,0,1,0,0.47585627083340787,0.0765683837504671,0.6730310262529833,1.0
0,0,0,0,0,1,0,0,0,0,1,0,0,0,0,1,0,0.1342216484997752,0.22150062561660427,1.0,0.1237322515212982
0,0,0,0,0,0,0,0,0,0,1,0,0,0,0,1,0,0.18109527801955178,0.07232512744723268,1.0,0.797160243407708
0,1,0,0,0,0,0,0,0,0,1,0,0,0,0,1,0,0.4562852863442782,0.09304485044169387,,1.0
0,0,0,0,0,0,0,0,0,0,1,0,0,0,0,1,0,0.2510761837916334,0.1220664157596063,0.6181384248210025,1.0
0,0,0,0,0,0,0,0,0,0,1,0,0,0,0,1,0,0.17604617551358331,0.2244866255678767,0.3150357995226731,0.15618661257606492
0,0,1,0,0,0,0,0,0,0,1,0,0,0,0,1,0,0.47788702858496607,0.08818883025427908,0.7947494033412885,1.0
0,0,0,0,0,0,0,0,0,0,1,0,0,0,0,1,0,0.3180258837058393,0.11023947002847637,0.6945107398568018,0.5943204868154158
0,0,1,0,0,0,0,0,0,0,1,0,0,0,0,1,0,0.32316810138695223,0.1265039337854954,0.8042959427207637,0.797160243407708
0,1,0,0,0,0,0,0,0,0,0,0,1,0,0,1,0,0.11174866055581036,0.12977007460506618,0.8520286396181382,0.797160243407708
0,0,0,0,0,0,0,0,0,0,1,0,0,0,1,0,0,0.3137487475698072,0.12367133556195005,0.8568019093078758,1.0
0,0,0,0,0,0,0,0,0,0,1,0,0,0,0,1,0,0.48223090975467187,0.08588527097991475,0.7947494033412885,1.0
0,0,0,0,0,0,0,0,0,0,1,0,0,0,0,1,0,0.5515061853734202,0.07527937777381838,0.6945107398568018,1.0
0,1,0,0,0,0,0,0,0,0,1,0,0,0,0,1,0,0.4922507780147027,0.08616082500052684,0.6109785202863962,1.0
0,0,0,0,0,1,0,0,0,0,1,0,0,0,0,1,0,0.3416574896874249,0.11669525919583762,0.8520286396181382,1.0
0,0,0,0,0,0,0,0,0,0,1,0,0,0,0,1,0,0.42048266509788146,0.1003473146924328,0.6109785202863962,1.0
0,1,1,0,0,0,0,0,0,0,1,0,0,0,0,1,0,0.15800121501600356,0.2409916239399104,0.7088305489260143,0.3914807302231238
0,0,1,0,0,0,0,0,1,0,0,0,0,0,0,1,0,0.41421274658607854,0.10076317922731957,0.6992840095465394,1.0
0,1,0,0,0,0,0,0,0,0,1,0,0,0,0,1,0,0.27183492369197654,0.1084043050609875,0.8066825775656323,1.0
1,0,1,0,0,0,0,0,0,0,1,0,0,0,0,1,0,0.0933970119887334,0.37184512340874765,0.8066825775656323,0.127789046653144
0,0,0,0,0,0,0,0,0,0,1,0,0,0,0,1,0,0.4627965849665158,0.09172426457654982,0.7947494033412885,1.0
0,0,0,0,0,0,0,0,0,0,1,0,0,0,0,1,0,0.36721915297012137,0.11476498700146948,0.8042959427207637,0.797160243407708
0,0,1,0,0,0,0,0,0,0,1,0,0,0,0,1,0,0.3434442056245286,0.12148951248568897,0.6945107398568018,1.0
0,1,0,0,0,0,0,0,0,0,1,0,0,0,0,1,0,0.2217748494373784,0.17734340769755258,0.8544152744630071,1.0
0,0,0,0,0,0,0,0,0,0,1,0,0,0,0,1,0,0.08248129956580344,0.4060323918964271,0.8257756563245822,0.13184584178498987
0,0,0,0,0,0,0,0,0,0,1,0,0,0,0,1,0,0.19359706823555528,0.2061417521578704,0.8520286396181382,0.15618661257606492
0,0,0,0,0,0,0,0,0,0,1,0,0,0,0,1,0,0.24824060581505863,0.16543758336306577,0.8042959427207637,0.797160243407708
0,1,0,0,0,0,0,0,0,0,1,0,0,0,0,1,0,0.21001098187424364,0.10539127703952697,0.8066825775656323,1.0
0,0,0,0,0,0,0,0,0,0,1,0,0,0,0,1,0,0.4156897267287085,0.1007891703513807,0.8066825775656323,1.0
0,0,1,0,0,0,0,0,0,0,1,0,0,0,0,1,0,0.3723296233974245,0.10930426966042678,0.7947494033412885,1.0
0,0,0,0,0,0,0,0,0,0,1,0,0,0,1,0,0,0.41984080839331883,0.10029367367596016,0.6945107398568018,1.0
0,0,0,0,0,0,0,0,0,0,1,0,0,0,0,1,0,0.25549016797410923,0.15570497917265214,0.8257756563245822,1.0
0,1,0,0,0,0,0,0,0,0,1,0,0,0,0,1,0,0.3197713478756875,0.07652399070330079,0.3842482100238663,1.0
0,0,0,0,0,0,0,0,0,0,1,0,0,0,0,1,0,0.22613701551826276,0.1445900287335987,0.7875894988066825,1.0
0,1,0,0,0,0,0,0,0,0,1,0,0,0,0,1,0,0.2556535706250074,0.12245106787598464,0.8186157517899761,0.797160243407708
0,0,0,0,0,0,0,0,0,0,1,0,0,0,0,1,0,0.3663904771597266,0.11086408888817453,0.8615751789976134,1.0
0,0,0,0,0,0,0,0,0,0,1,0,0,0,0,1,0,0.3537947458977929,0.09598998036587689,0.8615751789976134,1.0
0,0,0,0,0,0,0,0,0,0,1,0,0,0,0,1,0,0.4136868027129531,0.09853558184142935,0.8186157517899761,1.0
0,1,0,0,0,0,0,0,0,0,1,0,0,0,0,1,0,0.23902213761012558,0.12672025837013068,0.7875894988066825,1.0
0,0,0,0,0,0,0,0,0,0,1,0,0,0,0,1,0,0.37532947440246167,0.11104561636162122,0.441527446300716,1.0
0,0,0,0,0,0,0,0,0,0,1,0,0,0,0,1,0,0.15235336033802882,0.24272405498359303,0.7875894988066825,0.12170385395537527
0,0,0,0,0,0,0,0,0,0,1,0,0,0,1,0,0,0.3551326899679688,0.11653642059063316,0.8186157517899761,1.0
1,0,1,0,0,0,0,0,0,0,1,0,0,0,0,1,0,0.1556047077916383,0.2498830641157028,0.2458233890214797,0.12981744421906694
0,0,0,0,0,0,0,0,0,0,1,0,0,0,0,1,0,0.4764758506462883,0.0741685172858618,0.34367541766109794,1.0
0,0,1,0,0,0,0,0,0,0,1,0,0,0,0,1,0,0.2587396370054465,0.11367753363551197,0.8830548926014319,1.0
0,0,1,0,0,0,0,0,0,0,1,0,0,0,0,1,0,0.43839311716214147,0.09497334279008558,0.7708830548926013,1.0
0,0,0,0,0,0,0,0,0,0,1,0,0,0,0,1,0,0.2815861175448055,0.10742896458394251,0.7875894988066825,1.0
0,0,0,0,0,0,0,0,0,0,1,0,0,0,0,1,0,0.375032672321067,0.06556390426156021,0.8186157517899761,1.0
0,1,0,0,0,0,0,0,1,0,0,0,0,0,0,1,0,0.27483893546929455,0.1461719881736951,0.34367541766109794,0.797160243407708
0,0,0,0,0,0,0,0,0,0,1,0,0,0,0,1,0,0.3128064645246312,0.117269483102877,0.8830548926014319,1.0
0,0,0,0,0,0,0,0,0,0,1,0,0,0,0,1,0,0.3241202656010318,0.1175853399643762,0.7708830548926013,1.0
0,1,0,0,0,0,0,0,0,0,1,0,0,0,0,1,0,0.3312916619516219,0.10699661900651701,0.5990453460620524,1.0
1,0,1,0,0,1,0,0,0,0,1,0,0,0,0,1,0,0.08403351059933299,0.3449881965931416,0.7708830548926013,0.127789046653144
0,0,0,1,0,1,0,0,0,0,1,0,0,0,0,1,0,0.04172608048502939,0.6020686832895409,0.2458233890214797,0.12981744421906694
0,0,0,0,0,0,0,0,0,0,1,0,0,0,0,1,0,0.5053979969076754,0.060954915504425895,0.9188544152744629,1.0
0,0,0,0,0,1,0,0,0,0,1,0,0,0,0,1,0,0.1154583406796728,0.3164320360575177,0.9188544152744629,1.0
0,1,0,0,0,0,0,0,1,0,0,0,0,0,0,1,0,0.1939350537525983,0.17469733495607215,0.8186157517899761,1.0
0,1,0,0,0,0,0,0,1,0,0,0,0,0,0,1,0,0.313341606448999,0.1309344719801678,0.8186157517899761,1.0
0,0,0,0,0,0,0,0,0,0,1,0,0,0,0,1,0,0.4671008948377325,0.07533916493955582,0.6420047732696896,1.0
0,1,0,0,0,0,0,0,0,0,1,0,0,0,0,1,0,0.35471954424640567,0.11863960002914574,0.8186157517899761,1.0
0,1,0,0,0,0,0,0,1,0,0,0,0,0,0,1,0,0.33319000882132566,0.1037120135296376,0.6420047732696896,1.0
0,0,0,0,0,0,0,0,0,0,1,0,0,0,0,1,0,0.11712889356465146,0.3148165923369541,0.5656324582338903,0.07505070993914809
0,0,0,0,0,0,0,0,1,0,0,0,0,0,0,1,0,0.15712036089311865,0.2381297484147659,0.5656324582338903,1.0
0,0,0,0,0,0,0,0,0,0,1,0,0,0,0,1,0,0.31664232923673596,0.0871928434198008,0.5990453460620524,1.0
1,0,1,0,0,0,0,0,0,0,1,0,0,0,0,1,0,0.16904801933441083,0.20398411733262595,0.9188544152744629,0.13387423935091278
0,0,0,0,0,1,0,0,0,0,1,0,0,0,0,1,0,0.3220644652180656,0.11841548106223097,0.8186157517899761,1.0
0,0,1,0,0,0,0,0,0,0,1,0,0,0,0,1,0,0.3678433785845404,0.11266735308296516,0.8186157517899761,1.0
0,1,0,0,0,0,0,0,0,0,1,0,0,0,0,1,0,0.34399345082529587,0.12211021993514652,0.6420047732696896,1.0
0,0,0,0,0,0,0,0,0,0,1,0,0,0,0,1,0,0.4069085957123211,0.0939703467689822,0.6420047732696896,1.0
0,0,0,0,0,0,0,0,0,0,1,0,0,0,0,1,0,0.3703549351840197,0.10170677830718942,0.675417661097852,0.797160243407708
0,1,0,0,0,0,0,0,0,0,1,0,0,0,0,1,0,0.23037758026084307,0.17666782504213938,0.5990453460620524,1.0
0,0,0,0,0,0,0,0,0,0,1,0,0,0,0,1,0,0.4365571789102268,0.097322800576484,0.441527446300716,1.0
0,0,0,0,0,0,0,0,0,0,1,0,0,0,0,1,0,0.37947634227483096,0.09546932547370916,0.9188544152744629,1.0
1,0,1,0,0,0,0,0,0,0,1,0,0,0,0,1,0,0.06935679886502771,0.45600680334246635,0.2673031026252984,0.15415821501014199
0,1,1,0,0,0,0,0,0,0,0,0,1,0,0,1,0,0.15306709857079712,0.20361055653055177,0.39618138424821,1.0
0,1,0,0,0,0,0,0,0,0,1,0,0,0,0,1,0,0.3352417336798138,0.12443607717587746,0.7613365155131264,1.0
0,0,0,0,0,0,0,0,0,0,1,0,0,0,0,1,0,0.2779385009465242,0.14681530700237674,0.7422434367541766,0.5943204868154158
0,0,0,0,0,0,0,0,0,0,1,0,0,0,0,1,0,0.10780927408252099,0.32673005315066894,0.8019093078758948,0.14604462474645033
0,0,0,0,0,0,0,0,0,0,1,0,0,0,0,1,0,0.28275994127587945,0.1368265119220519,0.737470167064439,1.0
0,1,1,0,0,0,0,0,0,0,0,0,1,0,0,1,0,0.1207790095495793,0.2253073064580446,0.6706443914081146,1.0
0,1,0,0,0,0,0,0,1,0,0,0,0,0,0,1,0,0.2491695883060493,0.1618445468039719,0.6372315035799523,0.5943204868154158
0,1,0,0,0,0,0,0,0,0,0,0,1,0,0,1,0,0.222762331699037,0.13859473844132056,0.7279236276849643,1.0
0,0,0,0,0,0,0,0,0,0,1,0,0,0,0,1,0,0.3068758877586821,0.13597151653487297,0.49642004773269693,1.0
0,1,0,0,0,0,0,0,0,0,1,0,0,0,0,1,0,0.2177623526438172,0.1797917098888452,0.8019093078758948,1.0
0,0,1,0,0,0,0,0,1,0,0,0,0,0,0,1,0,0.29870107948586805,0.12381160514360515,0.2673031026252984,1.0
0,0,0,0,0,0,0,0,0,0,1,0,0,0,0,1,0,0.281602228785919,0.13005522298304897,0.2673031026252984,1.0
0,0,0,0,0,0,0,0,0,0,1,0,0,0,0,1,0,0.44213683411460813,0.09564046202307862,0.737470167064439,1.0
0,0,0,0,0,0,0,0,0,0,1,0,0,0,1,0,0,0.6224274779352283,0.06516418917316365,0.6372315035799523,1.0
0,0,0,0,0,0,0,0,0,0,1,0,0,0,0,1,0,0.15990699137205813,0.239791941543669,0.6491646778042959,0.10750507099391482
0,0,0,0,0,0,0,0,0,0,1,0,0,0,0,1,0,0.17135441777096755,0.20421072542623123,0.6372315035799523,0.5943204868154158
0,1,0,0,0,0,0,0,0,0,0,0,1,0,0,1,0,0.19333891272400322,0.18366872039839957,0.6968973747016707,1.0
0,0,0,0,0,0,0,0,0,0,1,0,0,0,0,1,0,0.30871483496732005,0.10973754478799726,0.8424821002386635,1.0
0,0,0,0,0,0,0,0,0,0,1,0,0,0,1,0,0,0.418983520152869,0.08257859803975783,0.8496420047732696,1.0
0,1,0,0,0,0,0,0,0,0,0,0,1,0,0,1,0,0.4347880404985209,0.0669562538946587,0.6324582338902147,1.0
1,0,1,0,0,0,0,0,0,0,1,0,0,0,0,1,0,0.0924071675659468,0.36428762384166996,0.8424821002386635,0.13184584178498987
0,0,0,0,0,0,0,0,0,0,1,0,0,0,0,1,0,0.3598606270797901,0.10087799403786891,0.8424821002386635,1.0
1,0,1,0,0,0,0,0,0,0,1,0,0,0,0,1,0,0.2763190429078465,0.1418984885713693,0.6420047732696896,0.11764705882352942
0,0,0,0,0,0,0,0,0,0,1,0,0,0,0,1,0,0.38626065523206043,0.08739948135920812,0.6945107398568018,0.5943204868154158
0,0,0,0,0,0,0,0,0,0,1,0,0,0,0,1,0,0.12401447517121812,0.27637774467817705,0.9069212410501193,1.0
0,1,0,0,0,0,0,0,0,0,1,0,0,0,0,1,0,0.2908346527669769,0.13268080061137522,0.7780429594272076,0.5943204868154158
0,1,0,0,0,1,0,0,0,0,1,0,0,0,0,1,0,0.11711982259313337,0.290170745697535,0.8424821002386635,0.797160243407708
0,0,0,0,0,0,0,1,0,0,0,0,0,0,0,1,0,0.1154583406796728,0.3164320360575177,0.5131264916467779,0.14604462474645033
0,0,0,0,0,0,0,0,0,0,1,0,0,0,0,1,0,0.3172683391200157,0.10425855579433375,0.8615751789976134,1.0
0,1,0,0,0,0,0,0,1,0,0,0,0,0,0,1,0,0.10866544414515043,0.30355754929439194,0.5131264916467779,1.0
0,1,0,0,0,0,0,0,0,0,1,0,0,0,0,1,0,0.2525273387640334,0.1605813297435466,0.7780429594272076,1.0
0,0,0,0,0,0,0,0,0,0,1,0,0,0,0,1,0,0.2773996808231707,0.1322028672408411,0.6968973747016707,0.5943204868154158
0,0,0,0,0,0,0,0,0,0,1,0,0,0,0,1,0,0.3773551511309938,0.1057678723414244,0.8544152744630071,1.0
0,0,0,0,0,0,0,0,1,0,0,0,0,0,0,1,0,0.3261741514681975,0.0989594223535524,0.6849642004773271,1.0
0,1,0,0,0,0,0,0,0,0,0,0,1,0,0,1,0,0.3622893641138528,0.11588650966956199,0.8591885441527445,1.0
0,1,1,0,0,0,0,0,0,0,1,0,0,0,0,1,0,0.19179475353185566,0.18619503470055063,0.8066825775656323,1.0
0,0,0,0,0,1,0,0,0,0,1,0,0,0,1,0,0,0.35238367459255215,0.11351144165294029,0.9045346062052504,1.0
0,1,1,0,0,0,0,0,1,0,0,0,0,0,0,1,0,0.15329485258267692,0.24557089314583014,0.7947494033412885,0.5943204868154158
1,0,1,0,0,0,0,0,0,0,1,0,0,0,0,1,0,0.11839270622762897,0.23309540089992026,0.8711217183770883,0.14807302231237324
0,1,0,0,0,0,0,0,1,0,0,0,0,0,0,1,0,0.05912267457800149,0.25266681741727576,0.7947494033412885,1.0
0,1,0,0,0,0,0,0,0,0,1,0,0,0,0,1,0,0.22488456534958295,0.13065255181589752,0.7088305489260143,1.0
0,0,0,0,0,0,0,0,0,0,1,0,0,0,0,1,0,0.2384474897591805,0.15542077319266287,0.8711217183770883,1.0
0,0,0,0,0,0,0,0,0,0,1,0,0,0,0,1,0,0.4015354338180058,0.08038525025480117,0.8591885441527445,1.0
1,0,1,0,0,0,0,0,0,0,1,0,0,0,0,1,0,0.2465966469308336,0.1604932246851091,0.2673031026252984,0.15415821501014199
0,0,0,0,0,0,0,0,0,0,1,0,0,0,0,1,0,0.15624893423694705,0.21380921264555697,0.7279236276849643,0.797160243407708
0,1,0,0,0,1,0,0,0,0,0,0,1,0,0,1,0,0.06378269356237783,0.47037577035271405,0.2673031026252984,0.5943204868154158
0,1,0,0,0,0,0,0,0,0,1,0,0,0,0,1,0,0.318369977449981,0.1311177381344152,0.8591885441527445,1.0
0,1,0,0,0,0,0,0,0,0,1,0,0,0,0,1,0,0.30516813990630653,0.13554545045245692,0.8711217183770883,1.0
0,0,0,0,0,0,0,0,0,0,1,0,0,0,1,0,0,0.39992744155125126,0.09253560979872255,0.9045346062052504,1.0
1,0,1,0,0,0,0,0,0,0,1,0,0,0,0,1,0,0.12232345109133368,0.3014649000710435,0.19093078758949883,0.14807302231237324
0,0,0,0,0,0,0,0,0,0,0,0,1,0,0,1,0,0.31878528303157994,0.09267133308167808,0.5894988066825775,1.0
0,0,0,0,0,0,0,0,0,0,1,0,0,0,0,1,0,0.43348321319611927,0.07669813284976744,0.7947494033412885,1.0
1,0,1,0,0,0,0,0,0,0,1,0,0,0,0,1,0,0.07968103186795647,0.4034665729493222,0.19093078758949883,0.14807302231237324
0,1,0,0,0,0,0,0,1,0,0,0,0,0,0,1,0,0.05342758332335091,0.5235059270635279,0.35083532219570407,1.0
0,0,1,0,0,0,0,0,0,0,1,0,0,0,0,1,0,0.2647367964061691,0.15237257404009447,0.6252983293556085,1.0
0,0,0,0,0,0,0,0,0,0,1,0,0,0,0,1,0,0.2972546468186173,0.12814979627625794,0.7947494033412885,1.0
0,0,1,0,0,0,0,0,0,0,1,0,0,0,0,1,0,0.3484724599571373,0.10469946522814523,0.6252983293556085,1.0
0,0,0,0,0,0,0,0,0,0,1,0,0,0,0,1,0,0.37362206484407423,0.11114462154663109,0.4534606205250597,1.0
0,0,0,0,0,0,0,0,0,0,1,0,0,0,0,1,0,0.13271306957137083,0.2562680195189808,0.2673031026252984,0.15415821501014199
0,0,0,0,0,0,0,0,0,0,1,0,0,0,0,1,0,0.3240357373124362,0.12095558222178747,0.9045346062052504,1.0
0,0,0,0,0,0,0,0,0,0,1,0,0,0,1,0,0,0.35409895676643705,0.11436695528909939,0.9045346062052504,1.0
0,0,0,0,0,0,0,1,0,0,0,0,0,0,0,1,0,0.12164991791857986,0.30571646601417,0.19093078758949883,0.14807302231237324
0,1,1,0,0,0,0,0,0,0,0,0,1,0,0,1,0,0.16076020261279178,0.24254427833921013,0.35083532219570407,1.0
0,0,1,0,0,0,0,0,0,0,1,0,0,0,0,1,0,0.19094283531966916,0.20453985990140075,0.7947494033412885,0.5943204868154158
0,0,1,0,0,0,0,0,0,0,1,0,0,0,0,1,0,0.41740464234811947,0.08424128281385493,0.5990453460620524,1.0
0,0,0,0,0,0,0,0,0,0,1,0,0,0,0,1,0,0.36142761216376323,0.08610099325519373,0.6992840095465394,1.0
0,0,0,0,0,1,0,0,0,0,1,0,0,0,0,1,0,0.19524172984391702,0.18322249762815157,0.8830548926014319,0.797160243407708
0,1,0,0,0,1,0,0,0,0,1,0,0,0,0,1,0,0.21307720395796956,0.14663386969914594,0.8758949880668256,1.0
0,0,1,0,0,1,0,0,0,0,1,0,0,0,0,1,0,0.35554215178024084,0.11675060965886466,0.8830548926014319,1.0
0,0,1,0,0,0,0,0,0,0,1,0,0,0,0,1,0,0.18155225671090647,0.13885658062582537,0.8878281622911692,1.0
0,1,1,0,0,0,0,0,0,1,0,0,0,0,0,1,0,0.146329174927918,0.231712131471685,0.8758949880668256,1.0
0,1,0,0,0,1,0,0,0,0,0,0,1,0,0,1,0,0.09097856840779443,0.21468800398606833,0.928400954653938,1.0
0,1,0,1,0,0,0,0,0,0,0,0,1,0,0,1,0,0.05514913206120176,0.5187131952383363,0.928400954653938,1.0
0,1,1,0,0,0,0,0,1,0,0,0,0,0,0,1,0,0.32209280882077396,0.10364254670726743,0.809069212410501,1.0
0,1,0,0,0,0,0,0,0,0,1,0,0,0,0,1,0,0.3257012792537899,0.11156300794363451,0.6992840095465394,1.0
0,0,0,0,0,0,0,0,0,0,1,0,0,0,0,1,0,0.3844446619689014,0.0760633747071005,0.809069212410501,1.0
0,0,1,0,0,0,0,0,0,0,1,0,0,0,0,1,0,0.3124565109154147,0.13102945193980983,0.8353221957040573,1.0
0,0,0,0,0,0,0,0,0,0,1,0,0,0,0,1,0,0.41604433371038135,0.09783591521538902,0.6992840095465394,1.0
0,0,0,0,0,0,0,0,1,0,0,0,0,0,0,1,0,0.20892438056619966,0.1838625057060265,0.8830548926014319,0.797160243407708
0,1,0,0,0,0,0,0,1,0,0,0,0,0,0,1,0,0.16178536627896603,0.1926215014693934,0.809069212410501,0.3914807302231238
0,1,0,0,0,0,0,0,1,0,0,0,0,0,0,1,0,0.21285693759934438,0.14327906591923475,0.6420047732696896,1.0
0,0,0,0,0,0,0,0,0,0,1,0,0,0,0,1,0,0.39270654468756455,0.10669834309293287,0.8353221957040573,1.0
1,0,1,0,0,0,0,0,0,0,1,0,0,0,0,1,0,0.20022783226929788,0.18784376638370795,0.928400954653938,0.16024340770791076
0,0,0,0,0,1,0,0,0,0,1,0,0,0,0,1,0,0.18385141344972472,0.21080625512051782,0.928400954653938,1.0
0,0,0,0,0,0,0,0,0,0,1,0,0,0,1,0,0,0.4550833994472686,0.09203414516800916,0.8520286396181382,1.0
0,0,0,0,0,0,0,0,0,0,1,0,0,0,0,1,0,0.25655712306392825,0.1303240535872109,0.8353221957040573,1.0
0,1,0,0,0,0,0,0,1,0,0,0,0,0,0,1,0,0.2788302672760348,0.10180172266099972,0.675417661097852,1.0
0,0,0,0,0,0,0,0,0,0,1,0,0,0,0,1,0,0.3409067370490027,0.07779016089064143,0.8878281622911692,1.0
0,0,1,0,0,0,0,0,0,0,1,0,0,0,0,1,0,0.24190395016584987,0.16684045608745907,0.928400954653938,1.0
0,1,0,0,0,0,0,0,1,0,0,0,0,0,0,1,0,0.3917772952011077,0.10794636915539642,0.7684964200477327,1.0
1,0,1,0,0,0,0,0,0,0,1,0,0,0,0,1,0,0.13977625752537512,0.25094215340801346,0.8830548926014319,0.12981744421906694
0,1,0,0,0,0,0,0,1,0,0,0,0,0,0,1,0,0.46860611157097026,0.08677276131861199,0.6420047732696896,1.0
0,0,0,0,0,0,0,0,0,0,1,0,0,0,0,1,0,0.18088776177862154,0.21907537630152457,0.8830548926014319,0.12981744421906694
0,1,0,0,0,0,0,0,0,0,1,0,0,0,0,1,0,0.37849151969879513,0.10725409507761909,0.6420047732696896,1.0
0,1,0,0,0,0,0,0,0,0,1,0,0,0,0,1,0,0.3217347953647146,0.06960679382983137,0.8782816229116945,1.0
0,0,0,0,0,0,0,0,0,0,1,0,0,0,0,1,0,0.38315443677589306,0.0778281177857492,0.6420047732696896,1.0
0,1,0,0,0,0,0,0,0,0,1,0,0,0,0,1,0,0.23625941602506884,0.13951366723493785,0.7875894988066825,1.0
0,0,0,0,0,0,0,0,0,0,1,0,0,0,0,1,0,0.28639661978382996,0.1281835589762141,0.8782816229116945,1.0
0,0,0,0,0,0,0,0,0,0,1,0,0,0,0,1,0,0.351664700880127,0.10774008042206389,0.675417661097852,0.797160243407708
0,0,0,0,0,0,0,0,0,0,1,0,0,0,1,0,0,0.4246427124712493,0.09480410308645457,0.6420047732696896,1.0
0,1,0,0,0,1,0,0,0,0,0,0,1,0,0,1,0,0.1763715238013982,0.2224480782091124,0.5656324582338903,1.0
0,1,0,0,0,0,0,0,0,0,0,0,1,0,0,1,0,0.23086907322194705,0.16546944493235155,0.7326968973747017,1.0
0,1,0,0,0,0,0,0,1,0,0,0,0,0,0,1,0,0.41071939414535086,0.10023720398380946,0.532219570405728,1.0
0,1,0,0,0,0,1,0,0,0,0,0,0,0,0,1,0,0.17255754478616872,0.2287752872003128,0.7708830548926013,1.0
0,0,0,0,0,0,0,0,1,0,0,0,0,0,0,1,0,0.41693233875172736,0.08477875769822951,0.8329355608591884,1.0
0,0,0,0,0,0,0,0,0,0,1,0,0,0,0,1,0,0.42416733505521387,0.09025443368900553,0.809069212410501,1.0
0,0,0,0,0,0,0,0,0,0,1,0,0,0,0,1,0,0.15966049009321573,0.2099062622013128,0.29594272076372313,0.13793103448275862
0,0,0,0,0,0,0,0,0,0,1,0,0,0,1,0,0,0.4650294075114457,0.08318869537117851,0.7326968973747017,1.0
0,0,1,0,0,0,0,0,0,0,1,0,0,0,0,1,0,0.4488471149751259,0.06545925144904308,0.7422434367541766,0.797160243407708
1,0,1,0,0,1,0,0,0,0,1,0,0,0,0,1,0,0.21625258155076243,0.1509179415896986,0.44630071599045346,0.15212981744421905
0,0,0,0,0,0,0,0,0,0,1,0,0,0,0,1,0,0.35092147064783924,0.11391345818571527,0.7708830548926013,1.0
0,1,1,0,0,1,0,0,0,0,1,0,0,0,0,1,0,0.3817847961930218,0.0740953973216807,0.7708830548926013,0.5943204868154158
0,1,0,0,0,0,0,0,0,0,0,0,1,0,0,1,0,0.22638969440588833,0.10524764430869568,0.7971360381861574,1.0
0,0,0,0,0,0,0,0,0,0,1,0,0,0,0,1,0,0.2508605222644215,0.15994361082628747,0.7708830548926013,0.5943204868154158
0,1,0,0,0,0,0,0,0,0,1,0,0,0,0,1,0,0.22331974849103525,0.18027700659234472,0.6801909307875893,1.0
0,0,0,0,0,0,0,0,0,0,1,0,0,0,0,1,0,0.2297386243268302,0.12232790772955693,0.7971360381861574,1.0
0,0,0,0,0,0,0,0,0,0,1,0,0,0,0,1,0,0.3690981054596586,0.07953369177263146,0.7422434367541766,1.0
0,0,0,0,0,0,0,0,0,0,1,0,0,0,0,1,0,0.141530258605764,0.10977958354803473,0.5704057279236276,0.1237322515212982
1,0,1,0,0,0,0,0,0,0,1,0,0,0,0,1,0,0.16645522461500858,0.1432750491287757,0.8329355608591884,0.14604462474645033
1,0,1,0,0,0,0,0,0,0,1,0,0,0,0,1,0,0.20616822501589427,0.19257205512072073,0.8329355608591884,0.14604462474645033
0,1,0,0,0,0,0,0,0,0,1,0,0,0,0,1,0,0.2438319051679314,0.1628038967884337,0.8329355608591884,1.0
0,1,0,0,0,0,0,0,0,0,1,0,0,0,0,1,0,0.0951866578891761,0.15649755105323665,0.8329355608591884,0.5943204868154158
0,0,0,0,0,0,0,0,0,0,1,0,0,0,0,1,0,0.37121836723467455,0.11120092007607488,0.7040572792362769,0.5943204868154158
0,1,0,0,0,0,0,0,1,0,0,0,0,0,0,1,0,0.05480480481231182,0.5187131952383366,0.7136038186157518,0.5943204868154158
0,0,1,0,0,0,0,0,0,0,1,0,0,0,0,1,0,0.2962431235909637,0.1340982750927837,0.7804295942720763,1.0
0,0,0,0,0,0,0,0,0,0,1,0,0,0,1,0,0,0.5400399169584937,0.061900483029688744,0.6825775656324582,1.0
0,1,0,0,0,0,0,0,0,0,0,0,1,0,0,1,0,0.1722255416489073,0.22371015599386157,0.32935560859188545,1.0
0,0,0,0,0,0,0,0,0,0,1,0,0,0,0,1,0,0.3441663718485071,0.1036469319602203,0.7923627684964201,1.0
0,0,0,0,0,0,0,0,1,0,0,0,0,0,0,1,0,0.38556684058875457,0.10881451979148585,0.568019093078759,1.0
0,0,0,0,0,0,0,0,0,0,1,0,0,0,0,1,0,0.1298636227952474,0.2895423860509316,0.8114558472553699,0.15010141987829617
0,0,0,0,0,0,0,0,0,0,1,0,0,0,0,1,0,0.5090881536546624,0.08320023218288058,0.568019093078759,1.0
1,0,1,0,0,1,0,0,0,0,1,0,0,0,0,1,0,0.10743770180217158,0.2413116152900854,0.5990453460620524,0.127789046653144
0,0,0,0,0,1,0,0,0,0,1,0,0,0,0,0,1,0.1710138263968638,0.23055631149023684,1.0,1.0
0,1,0,0,0,0,0,0,1,0,0,0,0,0,0,1,0,0.3882994049932704,0.10541503168457256,0.6825775656324582,1.0
0,1,0,0,0,0,0,0,1,0,0,0,0,0,0,1,0,0.6156728240580048,0.0697474575519782,0.5393794749403342,1.0
0,0,0,0,0,0,0,0,0,0,1,0,0,0,1,0,0,0.4444624400533445,0.0956219683493977,0.5966587112171837,1.0
0,1,1,0,0,0,0,0,0,0,1,0,0,0,0,1,0,0.19496851747592664,0.18881938732591852,0.8114558472553699,1.0
0,0,0,0,0,0,0,0,0,0,1,0,0,0,0,1,0,0.4357767552580075,0.08962096808472327,0.7804295942720763,1.0
0,0,0,0,0,0,0,0,0,0,1,0,0,0,0,1,0,0.15311694624688715,0.2133662432130702,0.8281622911694511,0.16227180527383367
0,1,0,0,0,0,0,0,0,0,1,0,0,0,0,1,0,0.24225260906469587,0.1690615780073635,0.9188544152744629,1.0
0,0,0,0,0,0,0,0,0,0,1,0,0,0,0,1,0,0.2413404444334024,0.1125409649672913,0.8400954653937946,1.0
0,1,0,0,0,0,1,0,0,0,0,0,0,0,0,1,0,0.08178888896439607,0.3781641885670657,0.7804295942720763,1.0
0,1,0,0,0,1,0,0,0,0,1,0,0,0,0,1,0,0.14205719473616354,0.2692575123728354,0.7804295942720763,1.0
0,0,0,0,0,0,0,0,0,0,1,0,0,0,0,1,0,0.4936157773936413,0.06590026788612055,0.568019093078759,1.0
1,0,1,0,0,0,0,0,0,0,1,0,0,0,0,1,0,0.18278382863199596,0.1269142265179069,0.5393794749403342,0.16024340770791076
0,0,0,0,0,1,0,0,0,0,1,0,0,0,0,1,0,0.19214146460987327,0.16924277752315278,0.7804295942720763,1.0
0,0,0,0,0,0,0,0,0,0,1,0,0,0,1,0,0,0.45356523666694865,0.09350999151376474,0.568019093078759,1.0
0,0,1,0,0,0,0,0,0,0,0,1,0,0,0,1,0,0.27305688847633347,0.12848972938478634,0.39856801909307876,1.0
0,1,0,0,0,0,0,0,1,0,0,0,0,0,0,1,0,0.16698201175300356,0.0648895241665076,0.8281622911694511,1.0
0,0,1,0,0,0,0,0,0,0,1,0,0,0,0,1,0,0.2805006154571536,0.13740747333878667,0.7255369928400954,1.0
0,0,1,0,0,0,0,0,0,0,1,0,0,0,0,1,0,0.4086563046026261,0.0993854307273691,0.8615751789976134,1.0
0,0,0,0,0,0,0,0,0,0,1,0,0,0,0,1,0,0.34258035196175923,0.12254423286527691,0.7255369928400954,0.797160243407708
0,0,0,0,0,0,0,0,0,0,1,0,0,0,0,1,0,0.14649976815172402,0.2626755634792244,0.25298329355608595,0.15821501014198783
0,1,0,0,0,0,0,0,1,0,0,0,0,0,0,1,0,0.31519148145253656,0.13238930420913714,0.7255369928400954,0.797160243407708
0,0,0,0,0,0,0,0,1,0,0,0,0,0,0,1,0,0.29035385952224324,0.14036377318423165,0.7255369928400954,1.0
0,0,0,0,0,0,0,0,0,0,1,0,0,0,0,1,0,0.2550745910166383,0.09396645828487109,0.7875894988066825,0.5943204868154158
0,0,0,0,0,0,0,0,0,0,1,0,0,0,0,1,0,0.47521399717449114,0.08667734736035113,0.8400954653937946,1.0
0,0,1,0,0,0,0,0,0,0,1,0,0,0,0,1,0,0.28679270559474007,0.12647440862833656,0.7875894988066825,1.0
0,0,0,0,0,0,0,0,0,0,1,0,0,0,0,1,0,0.2801284470415079,0.14477532950108302,0.7255369928400954,0.797160243407708
0,0,0,0,0,0,0,0,0,0,1,0,0,0,0,1,0,0.3366096768440148,0.11376936221653923,0.4797136038186158,1.0
0,0,1,0,0,0,0,0,0,0,1,0,0,0,0,1,0,0.3921029208715448,0.09487766555894761,0.7613365155131264,1.0
0,1,0,0,0,0,0,0,0,0,1,0,0,0,0,1,0,0.29343654261811075,0.14158731887504575,0.8424821002386635,1.0
0,1,0,0,0,1,0,0,0,0,1,0,0,0,0,1,0,0.11838372170121221,0.1655139440662481,0.7613365155131264,0.797160243407708
0,0,0,0,0,0,0,0,0,0,1,0,0,0,0,1,0,0.2661384998198956,0.15474463000953143,0.8138424821002386,1.0
0,0,0,0,0,1,0,0,0,0,1,0,0,0,0,1,0,0.11853637596405119,0.3120646411528292,0.25298329355608595,0.15821501014198783
0,0,0,0,0,1,0,0,0,0,1,0,0,0,0,1,0,0.20254877822323916,0.1818062658393416,0.8424821002386635,0.797160243407708
0,1,0,0,0,0,0,0,0,0,1,0,0,0,0,1,0,0.3172395829853814,0.11483091314833464,0.4797136038186158,0.5943204868154158
1,0,1,0,0,0,0,0,0,0,1,0,0,0,0,1,0,0.11971577165925497,0.28833660969987,0.2243436754176611,0.1359026369168357
0,0,0,0,0,0,0,0,0,0,1,0,0,0,0,1,0,0.39995908722073387,0.08369998107317135,0.8400954653937946,1.0
0,1,0,0,0,0,0,0,0,0,1,0,0,0,0,1,0,0.3206726902065378,0.12385570770627995,0.7183770883054892,1.0
0,0,0,0,0,1,0,0,0,0,1,0,0,0,0,0,1,0.1710138263968638,0.23055631149023684,0.8615751789976134,1.0
0,1,0,0,0,0,0,0,1,0,0,0,0,0,0,1,0,0.38870473424412094,0.08716754942835986,0.7136038186157518,1.0
0,0,1,0,0,0,0,0,0,0,1,0,0,0,0,1,0,0.21159942751012625,0.10653401349269706,0.6587112171837708,0.5943204868154158
0,0,0,0,0,0,0,0,0,0,1,0,0,0,0,1,0,0.20083257970041873,0.1868902186978288,0.7875894988066825,1.0
0,1,0,0,0,0,0,0,1,0,0,0,0,0,0,1,0,0.3811524450534517,0.11076378397493859,0.45823389021479716,1.0
1,0,1,0,0,0,0,0,0,0,1,0,0,0,0,1,0,0.11209812319904532,0.2822878042467156,0.7136038186157518,0.1257606490872211
0,1,0,0,0,0,0,0,0,0,0,0,1,0,0,1,0,0.2753989761513936,0.054720217658619744,0.7183770883054892,1.0
0,1,0,0,0,0,0,0,0,0,1,0,0,0,0,1,0,0.3862428038386581,0.09923408947359098,0.8544152744630071,1.0
0,1,0,0,0,0,0,0,0,0,0,0,1,0,0,1,0,0.21041975433716448,0.18939890362877707,0.8711217183770883,1.0
0,1,0,0,0,0,0,0,0,0,1,0,0,0,0,1,0,0.32839312537990345,0.11313895113745467,0.6968973747016707,0.5943204868154158
0,0,0,0,0,0,0,0,0,0,1,0,0,0,0,1,0,0.3503793938225435,0.08737051364727975,0.8424821002386635,1.0
0,1,0,0,0,0,0,0,0,0,1,0,0,0,0,1,0,0.36862222936734657,0.11438965380060548,0.9785202863961813,1.0
0,0,0,0,0,0,0,0,0,0,1,0,0,0,0,1,0,0.29315757617887866,0.09185000249656375,0.6968973747016707,1.0
0,0,0,0,0,0,0,0,0,0,1,0,0,0,0,1,0,0.2641724270914978,0.11604393527425676,0.6945107398568018,0.5943204868154158
0,0,0,0,0,0,0,0,0,0,1,0,0,0,0,1,0,0.2797112211395435,0.11998237514948494,0.8424821002386635,0.797160243407708
0,1,0,0,0,0,0,0,0,0,0,0,1,0,0,1,0,0.2874727568289046,0.13005621807484574,0.6968973747016707,1.0
0,1,0,0,0,0,0,0,0,0,1,0,0,0,0,1,0,0.28950769794543524,0.13579324086693642,0.9785202863961813,0.797160243407708
0,0,0,0,0,0,0,0,0,0,1,0,0,0,0,1,0,0.2093671153096984,0.11940300878474848,0.8544152744630071,1.0
0,0,0,0,0,1,0,0,1,0,0,0,0,0,0,1,0,0.2706328146102025,0.15244194422871443,0.5489260143198089,1.0
0,0,0,0,0,0,0,0,1,0,0,0,0,0,0,1,0,0.3891037478238837,0.10500780913004323,0.9785202863961813,1.0
0,1,0,0,0,0,0,0,0,0,1,0,0,0,0,1,0,0.16319452860044406,0.2370442748305867,0.6945107398568018,1.0
0,0,0,0,0,0,0,0,1,0,0,0,0,0,0,1,0,0.1890525320025053,0.20915139432423405,0.6968973747016707,0.5943204868154158
0,0,0,0,0,0,0,0,0,0,1,0,0,0,1,0,0,0.5148127721048744,0.08049833593553436,0.8424821002386635,1.0
1,0,1,0,0,0,0,0,0,0,1,0,0,0,0,1,0,0.14277979304708965,0.26730285338472287,0.35083532219570407,0.15821501014198783
0,0,0,0,0,0,0,0,0,0,1,0,0,0,0,1,0,0.3544675565622121,0.10615314406105274,0.8400954653937946,1.0
0,0,0,0,0,0,0,0,0,0,1,0,0,0,0,1,0,0.41877168467786674,0.09212534170441503,0.8424821002386635,0.5943204868154158
0,0,0,0,0,0,0,0,0,0,1,0,0,0,0,1,0,0.5008354543092467,0.0813803677830407,0.8424821002386635,1.0
0,0,0,0,0,0,0,0,0,0,1,0,0,0,0,1,0,0.3934525110299367,0.09465536337151187,0.5489260143198089,1.0
0,0,0,0,0,0,0,0,0,0,1,0,0,0,0,1,0,0.16023511798168344,0.14087784575882747,0.5369928400954653,0.15618661257606492
0,0,0,0,0,0,0,0,0,0,1,0,0,0,0,1,0,0.24368411259486034,0.0883246988931401,1.0,1.0
0,1,0,0,0,0,0,0,1,0,0,0,0,0,0,1,0,0.49478520430691036,0.08607992457087496,0.6587112171837708,1.0
0,0,0,0,0,0,0,0,0,0,1,0,0,0,0,1,0,0.37723037533218,0.11000737275979947,0.9140811455847255,1.0
0,0,0,0,0,0,0,0,0,0,1,0,0,0,1,0,0,0.4211208385714279,0.10074185992317705,1.0,1.0
1,0,1,0,0,0,0,0,0,0,1,0,0,0,0,1,0,0.17551943449876173,0.22415185566579493,0.5369928400954653,0.15618661257606492
0,0,0,0,0,0,0,0,0,0,1,0,0,0,0,1,0,0.36662831952629377,0.11116965079948479,1.0,0.797160243407708
0,0,0,0,0,0,0,0,0,0,1,0,0,0,0,1,0,0.34399345082529587,0.12211021993514652,,1.0
0,0,0,0,0,0,0,0,0,0,1,0,0,0,0,1,0,0.30628162747687293,0.11199720185608872,1.0,1.0
1,0,1,0,0,0,0,0,0,0,1,0,0,0,0,1,0,0.11504424217017899,0.31575534882289436,0.11933174224343679,0.13387423935091278
0,0,1,0,0,0,0,0,1,0,0,0,0,0,0,1,0,0.40176177531667284,0.10521113380101414,0.7136038186157518,1.0
0,1,0,0,0,0,0,0,0,0,1,0,0,0,0,1,0,0.3416809251901482,0.09009273143098223,0.6730310262529833,0.797160243407708
1,0,1,0,0,0,0,0,0,0,1,0,0,0,0,1,0,0.17020159357943185,0.1901201780651758,0.5393794749403342,0.16024340770791076
0,0,0,0,0,0,0,0,0,0,1,0,0,0,1,0,0,0.32498195352485065,0.11035082147057067,0.8615751789976134,1.0
0,0,0,0,0,0,0,0,0,0,1,0,0,0,0,1,0,0.3703239518108513,0.09689184665715553,0.8615751789976134,1.0
0,0,0,0,0,0,0,0,0,0,1,0,0,0,0,1,0,0.3526403414383999,0.11852900629060481,0.5369928400954653,1.0
1,0,1,0,0,0,0,0,0,0,1,0,0,0,0,1,0,0.07954136471380288,0.32302325528320924,0.8615751789976134,0.09533468559837731
0,1,0,0,0,0,0,0,0,0,1,0,0,0,0,1,0,0.30383729861705966,0.1323619832068983,0.7804295942720763,1.0
0,0,0,0,0,0,0,0,0,0,1,0,0,0,0,1,0,0.29038515370087736,0.13637895857087598,0.7804295942720763,1.0
0,0,0,0,0,0,0,0,0,0,1,0,0,0,0,1,0,0.3244898288435541,0.11899371624100223,1.0,1.0
0,0,0,0,0,1,0,0,1,0,0,0,0,0,0,1,0,0.28953123426128186,0.12972731550470967,1.0,0.797160243407708
0,0,0,0,0,1,0,0,0,0,1,0,0,0,0,1,0,0.07864765308374452,0.41132237758397144,0.928400954653938,0.16024340770791076
0,1,0,0,0,0,0,0,1,0,0,0,0,0,0,1,0,0.22637483828741117,0.16719197313521067,1.0,1.0
0,0,1,0,0,0,0,0,0,0,1,0,0,0,0,1,0,0.40941356231937215,0.1029910138141013,0.7804295942720763,1.0
0,1,0,0,0,0,0,0,1,0,0,0,0,0,0,1,0,0.283769250273209,0.10661562972260191,0.7708830548926013,0.5943204868154158
1,0,1,0,0,0,0,0,0,0,1,0,0,0,0,1,0,0.10799463662858041,0.20239222618950756,0.40095465393794755,0.15415821501014199
0,0,0,0,0,0,0,0,0,0,1,0,0,0,0,1,0,0.48401573348330396,0.07731320809870107,0.935560859188544,1.0
0,0,0,0,0,0,0,0,0,0,1,0,0,0,0,1,0,0.21879240909630773,0.09866104706595885,,1.0
0,0,0,0,0,1,0,0,0,0,1,0,0,0,0,1,0,0.33488355225409405,0.11849898129741553,0.935560859188544,1.0
0,0,0,0,0,0,0,0,0,0,1,0,0,0,0,1,0,0.4120407926488804,0.08815759171810499,0.8758949880668256,1.0
0,0,0,0,0,0,0,0,0,0,1,0,0,0,0,1,0,0.31519148145253656,0.13238930420913714,0.7804295942720763,1.0
0,1,0,0,0,0,0,0,0,0,0,0,1,0,0,1,0,0.3189391009957961,0.11196680358270512,0.928400954653938,1.0
0,0,1,0,0,0,0,0,0,1,0,0,0,0,0,1,0,0.20578404886968446,0.15485081719150962,0.8353221957040573,1.0
0,1,0,0,0,1,0,0,0,0,1,0,0,0,0,1,0,0.2608268753798485,0.15798123051728416,0.9140811455847255,1.0
0,0,0,0,0,0,0,0,0,0,1,0,0,0,1,0,0,0.3887106484398862,0.056949980565584896,0.935560859188544,1.0
0,1,0,0,0,0,0,0,0,0,0,0,1,0,0,1,0,0.15858136029534212,0.17773517927099935,1.0,0.797160243407708
0,1,0,0,0,0,0,0,0,0,0,0,1,0,0,1,0,0.25073463864575746,0.1056521030992457,1.0,0.797160243407708
0,1,0,0,0,0,0,0,0,0,0,0,1,0,0,1,0,0.1733468732313666,0.22286852961785455,0.9140811455847255,1.0
1,0,1,0,0,0,0,0,0,0,1,0,0,0,0,1,0,0.22227918207029848,0.1827101307281159,0.9140811455847255,0.15618661257606492
0,0,0,0,0,0,0,0,0,0,1,0,0,0,0,1,0,0.46933601910796985,0.08286241874256633,0.6324582338902147,1.0
0,1,0,0,0,0,0,0,0,0,1,0,0,0,0,1,0,0.22985092848478017,0.10674291994964087,0.6420047732696896,1.0
0,1,1,0,1,0,0,0,0,0,1,0,0,0,0,1,0,0.3485677162730998,0.11726500438387337,0.7684964200477327,1.0
0,0,0,0,0,0,0,0,0,0,1,0,0,0,0,1,0,0.3964837537989002,0.07920682293589458,0.8830548926014319,1.0
0,0,1,0,0,0,0,0,0,0,1,0,0,0,0,1,0,0.31229234104988035,0.10435301845519318,0.8830548926014319,0.797160243407708
0,0,0,0,0,0,0,0,0,0,1,0,0,0,0,1,0,0.38788477783458747,0.10602230934747398,0.8830548926014319,0.797160243407708
0,0,0,0,0,0,0,0,0,0,1,0,0,0,0,1,0,0.12508766978548608,0.2862141714913013,0.6420047732696896,0.10953346855983774
0,1,0,0,0,0,0,0,0,0,1,0,0,0,0,1,0,0.5046958522896159,0.08410144805221845,0.6324582338902147,1.0
0,0,0,0,0,0,0,0,0,0,1,0,0,0,0,1,0,0.41726107256381106,0.09938360751820494,0.7684964200477327,0.5943204868154158
0,0,0,0,0,0,0,0,0,0,1,0,0,0,0,1,0,0.3373628270284713,0.09176576421851268,0.675417661097852,1.0
0,0,0,0,0,0,0,0,0,0,1,0,0,0,0,1,0,0.38117956655791646,0.10952716989671746,0.8830548926014319,1.0
0,0,1,0,0,0,0,0,0,0,1,0,0,0,0,1,0,0.3234752030099872,0.12134144445323737,0.9188544152744629,1.0
0,0,0,0,0,1,0,0,0,0,1,0,0,0,0,1,0,0.1148690017780397,0.24518151345772354,0.8830548926014319,0.12981744421906694
0,0,0,0,0,0,0,0,0,0,1,0,0,0,0,1,0,0.23511517648468175,0.12029322071284376,0.675417661097852,0.797160243407708
0,0,1,0,0,0,0,0,0,0,1,0,0,0,0,1,0,0.2040496182756032,0.1635521212361038,0.7875894988066825,1.0
0,0,0,0,0,0,0,0,0,0,1,0,0,0,0,1,0,0.28679270559474007,0.07645427998065109,0.675417661097852,1.0
0,0,0,0,0,0,0,0,0,0,1,0,0,0,0,1,0,0.45274689772480664,0.09263769910252206,0.7684964200477327,1.0
0,0,1,0,0,0,0,0,0,0,1,0,0,0,0,1,0,0.25338356929280753,0.12270195167199766,0.6324582338902147,1.0
0,0,0,1,0,1,0,0,0,0,1,0,0,0,0,1,0,0.11348641217455442,0.32129236128755906,0.7875894988066825,1.0
0,0,0,0,0,0,0,0,1,0,0,0,0,0,0,1,0,0.30038712285287095,0.08495795226085638,0.5990453460620524,1.0
0,1,0,0,0,0,0,0,0,0,1,0,0,0,0,1,0,0.3207580670953804,0.08087886851258255,0.7875894988066825,1.0
0,0,0,0,0,1,0,0,0,0,1,0,0,0,1,0,0,0.4295564523917989,0.08108416175899832,0.8066825775656323,1.0
0,0,1,0,0,1,0,0,0,0,1,0,0,0,0,1,0,0.20447498145641235,0.18832918558711886,0.9188544152744629,1.0
0,0,0,0,0,0,0,0,0,0,1,0,0,0,0,1,0,0.4570266918659711,0.07016305977202383,0.675417661097852,1.0
0,0,0,0,0,0,0,0,0,0,1,0,0,0,0,1,0,0.37393222438597445,0.11181760688695169,0.8066825775656323,0.797160243407708
0,0,0,0,0,0,0,0,1,0,0,0,0,0,0,1,0,0.30516813990630653,0.1325282603214605,0.5966587112171837,0.5943204868154158
0,1,0,0,0,0,0,0,0,0,1,0,0,0,0,1,0,0.2947311990996997,0.10406924044233351,0.8138424821002386,1.0
0,1,1,1,0,1,0,0,0,0,0,0,1,0,0,1,0,0.08828260937815949,0.3808116412334485,0.7804295942720763,1.0
0,1,0,0,0,0,0,0,0,0,0,0,1,0,0,1,0,0.16490548006754333,0.1752519693162867,0.6515513126491648,1.0
0,1,0,0,0,0,0,0,1,0,0,0,0,0,0,1,0,0.27730569362216617,0.1395535533169555,0.7613365155131264,0.5943204868154158
0,0,0,0,0,0,0,0,0,0,1,0,0,0,0,1,0,0.12637316508160584,0.29449048533180433,0.5966587112171837,0.15010141987829617
0,1,0,0,0,0,0,0,0,0,1,0,0,0,0,1,0,0.34619528542281847,0.1084694557503988,0.6515513126491648,1.0
0,0,0,0,0,0,0,0,0,0,1,0,0,0,0,1,0,0.31105659459360757,0.09709290787673226,0.8329355608591884,1.0
0,0,0,0,0,0,0,0,0,0,1,0,0,0,0,1,0,0.42872872809509915,0.08475146699509836,0.8878281622911692,1.0
0,1,1,0,0,0,1,0,0,0,0,0,0,0,0,1,0,0.09837444302063923,0.2545151746397927,0.8878281622911692,1.0
0,0,0,0,0,0,0,0,0,0,1,0,0,0,0,1,0,0.31698066542549824,0.12193850614706944,0.6730310262529833,1.0
0,0,0,0,0,0,0,0,0,0,1,0,0,0,0,1,0,0.29519363892158024,0.14007952984627361,0.9069212410501193,0.5943204868154158
0,0,0,0,0,1,0,0,0,0,1,0,0,0,0,0,1,0.1694765941047743,0.23235050004409918,0.9069212410501193,1.0
0,0,1,0,0,0,0,0,0,0,1,0,0,0,0,1,0,0.24269820205655124,0.07546612703844098,0.9069212410501193,0.5943204868154158
0,0,0,0,0,0,0,0,0,0,1,0,0,0,0,1,0,0.13447826758295983,0.2814799193421844,0.7804295942720763,0.10750507099391482
0,0,0,0,0,0,0,0,0,0,1,0,0,0,0,1,0,0.4191100218055372,0.07722700758680033,0.8138424821002386,1.0
0,0,0,0,0,0,0,0,0,0,1,0,0,0,0,1,0,0.43536085880686354,0.0959058223691232,0.7613365155131264,1.0
1,0,1,0,0,0,0,0,0,0,1,0,0,0,0,1,0,0.1767150389396503,0.21039725473249557,0.809069212410501,0.13995943204868155
0,0,0,0,0,0,0,0,0,0,1,0,0,0,0,1,0,0.3257363293811783,0.10090715518292172,0.9069212410501193,0.5943204868154158
0,1,0,0,0,0,0,0,1,0,0,0,0,0,0,1,0,0.07413791337318187,0.4233871075289693,0.809069212410501,1.0
0,0,0,0,0,0,0,0,0,0,1,0,0,0,0,1,0,0.06794797233931289,0.4495357581012122,0.809069212410501,0.5943204868154158
0,0,0,0,0,0,0,0,0,0,1,0,0,0,0,1,0,0.39345251102993684,0.0678780833022627,0.8138424821002386,1.0
0,0,0,0,0,0,0,0,0,0,1,0,0,0,0,1,0,0.48024450032385924,0.07004779023736699,0.809069212410501,1.0
0,0,0,0,0,0,0,0,0,0,1,0,0,0,0,1,0,0.2821655704995346,0.11293076321998376,0.7661097852028638,0.797160243407708
1,0,1,0,0,0,0,0,0,0,1,0,0,0,0,1,0,0.13674454090434043,0.27116952976617753,0.6014319809069213,0.11359026369168358
0,0,1,0,0,0,0,0,0,0,1,0,0,0,0,1,0,0.29298309351788443,0.11484654804432996,0.9069212410501193,1.0
0,1,0,0,0,0,0,0,1,0,0,0,0,0,0,1,0,0.30913885604057173,0.13300133463434055,0.6014319809069213,1.0
0,0,0,0,0,1,0,0,0,0,1,0,0,0,0,1,0,0.26302305240780843,0.1383600338269581,0.9069212410501193,0.5943204868154158
0,1,0,0,0,0,0,0,0,0,1,0,0,0,0,1,0,0.4259196063593384,0.08309759615914285,0.9069212410501193,1.0
0,0,0,0,0,0,0,0,0,0,1,0,0,0,0,1,0,0.30859305651618496,0.07742247366235014,0.9069212410501193,1.0
0,0,0,0,0,0,0,0,0,0,1,0,0,0,0,1,0,0.3923403750118438,0.0836312324574967,0.9069212410501193,1.0
0,0,0,0,0,0,0,0,0,0,1,0,0,0,0,1,0,0.3008979827832466,0.1066623605265541,0.7804295942720763,1.0
0,0,0,0,0,0,0,0,0,0,1,0,0,0,0,1,0,0.34334091995912297,0.09801150702223586,0.8424821002386635,0.5943204868154158
0,0,0,0,0,0,0,0,0,0,1,0,0,0,1,0,0,0.4868273149971854,0.07221891463378013,0.8830548926014319,1.0
0,0,0,0,0,0,0,0,0,0,1,0,0,0,0,1,0,0.4984355438549863,0.08087875823152182,0.8138424821002386,1.0
0,1,0,0,0,0,0,0,1,0,0,0,0,0,0,1,0,0.15600413540671731,0.2234783387780854,0.8830548926014319,1.0
0,0,0,0,0,0,0,0,0,0,1,0,0,0,1,0,0,0.3893400141563042,0.022385685318050248,0.8138424821002386,1.0
0,0,0,0,0,0,0,0,1,0,0,0,0,0,0,1,0,0.9012043390209434,0.04795914950911548,0.8520286396181382,1.0
0,0,1,0,0,0,0,0,0,0,1,0,0,0,0,1,0,0.2254817863081073,0.05900805184595808,0.8424821002386635,0.5943204868154158
0,1,0,0,0,1,1,0,0,0,0,0,0,0,0,1,0,0.13100846914216588,0.2879901089448664,0.8758949880668256,1.0
0,0,0,0,0,0,0,1,0,0,0,0,0,0,0,1,0,0.1873810237526755,0.17682873945857894,0.8424821002386635,0.14198782961460446
0,0,0,0,0,0,0,0,0,0,1,0,0,0,0,1,0,0.504220332895955,0.06897273222642636,0.665871121718377,1.0
0,0,0,0,0,0,0,0,0,0,1,0,0,0,0,1,0,0.36362876376983,0.10255228564867196,0.6873508353221955,1.0
0,0,0,0,0,0,0,0,0,0,1,0,0,0,0,1,0,0.43641971082657083,0.09033646123310304,0.665871121718377,1.0
0,0,0,0,0,0,0,0,0,0,0,0,1,0,0,1,0,0.27150568185217133,0.15230704064568207,0.7804295942720763,1.0
0,0,0,0,0,0,0,0,1,0,0,0,0,0,0,1,0,0.11178648702142054,0.20985301916461438,0.9069212410501193,1.0
1,0,1,0,0,0,0,0,0,0,1,0,0,0,0,1,0,0.19882312895996568,0.20207681035862923,0.6515513126491648,0.15415821501014199
0,1,0,0,0,1,0,0,0,0,0,0,1,0,0,1,0,0.07860915890509171,0.3654810125265516,0.5966587112171837,0.5943204868154158
0,0,0,0,0,1,0,0,0,0,1,0,0,0,0,1,0,0.36619320563434526,0.05406328942900555,0.9069212410501193,1.0
0,0,0,0,0,0,0,0,0,0,1,0,0,0,0,1,0,0.41614401428074915,0.10162588585150041,0.8758949880668256,1.0
0,1,0,0,0,0,0,0,1,0,0,0,0,0,0,1,0,0.3154879438265419,0.09391355812698422,0.6515513126491648,1.0
0,0,1,0,0,0,0,0,0,0,1,0,0,0,0,1,0,0.5216402809442569,0.07433964749914261,0.9140811455847255,1.0
0,0,0,0,0,0,0,0,0,0,1,0,0,0,0,1,0,0.44492459073476914,0.08333598658142588,0.665871121718377,1.0
0,0,0,0,0,0,0,0,0,0,1,0,0,0,0,1,0,0.24048115391558955,0.13990053976760589,0.9069212410501193,1.0
0,1,0,0,0,0,0,0,0,0,0,0,1,0,0,1,0,0.2216738535282016,0.09865222326539955,0.9069212410501193,1.0
0,0,0,0,0,0,0,0,0,0,1,0,0,0,0,1,0,0.2802943627951817,0.09927318066528538,0.5155131264916468,1.0
0,1,0,0,0,1,0,0,0,0,1,0,0,0,0,1,0,0.24976151881984038,0.1359720324341571,0.9140811455847255,1.0
0,0,0,0,0,0,0,0,0,0,1,0,0,0,0,1,0,0.36264363042576947,0.1147866077782969,0.7804295942720763,1.0
0,0,0,0,0,0,0,0,0,0,1,0,0,0,0,1,0,0.40874927534481603,0.10366380184284084,0.7470167064439142,1.0
0,1,0,0,0,0,0,0,0,0,1,0,0,0,0,1,0,0.4322946681707794,0.07810487600568249,0.8138424821002386,1.0
0,0,0,0,1,0,0,0,0,0,1,0,0,0,1,0,0,0.46395416963964337,0.09129080842532832,0.9140811455847255,1.0
0,1,0,0,0,0,0,0,0,0,0,0,1,0,0,1,0,0.21345430767501206,0.10346043802933418,0.9069212410501193,0.5943204868154158
0,0,1,0,0,0,0,0,0,0,1,0,0,0,0,1,0,0.18379726835922547,0.19153804659215684,0.8758949880668256,0.5943204868154158
0,1,0,0,0,0,0,0,0,0,1,0,0,0,0,1,0,0.30343245796219387,0.10045866222282356,0.8138424821002386,1.0
0,0,1,0,0,0,0,0,0,0,1,0,0,0,0,1,0,0.24790900252268394,0.143223028580269,0.8114558472553699,1.0
0,0,0,0,0,0,0,0,1,0,0,0,0,0,0,1,0,0.2008104171941748,0.1484734488494619,0.8424821002386635,0.797160243407708
0,0,0,0,0,0,0,0,0,0,1,0,0,0,1,0,0,0.4056703722883168,0.08969283269054487,0.9785202863961813,1.0
0,0,1,0,0,0,0,0,0,0,1,0,0,0,0,1,0,0.2326515822771525,0.11626703775287317,0.9785202863961813,1.0
0,1,0,0,0,0,0,0,1,0,0,0,0,0,0,1,0,0.30912780168447673,0.10574710460106855,0.7088305489260143,1.0
0,1,0,0,0,0,0,0,1,0,0,0,0,0,0,1,0,0.22907350548853977,0.1454407910866674,0.9045346062052504,1.0
0,0,0,0,0,0,0,0,0,0,1,0,0,0,0,1,0,0.18787685322679354,0.1995364091195415,0.8544152744630071,0.5943204868154158
0,1,0,0,0,0,0,0,0,0,1,0,0,0,0,1,0,0.23439735264579348,0.16018481577960958,0.8544152744630071,1.0
0,0,0,0,0,0,0,0,0,0,1,0,0,0,0,1,0,0.36797433643682337,0.08000097585797211,0.7971360381861574,1.0
0,0,0,0,0,0,0,0,0,0,1,0,0,0,0,1,0,0.12773936392895707,0.22706480828200246,0.9785202863961813,0.14807302231237324
0,0,1,0,0,0,0,0,0,0,1,0,0,0,0,1,0,0.2280969902532911,0.13162875638873875,0.8544152744630071,1.0
1,0,1,0,0,0,0,0,0,0,1,0,0,0,0,1,0,0.15908395704450506,0.23686304360438257,0.9785202863961813,0.14807302231237324
0,0,1,0,0,0,0,0,0,0,1,0,0,0,0,1,0,0.2688411258614544,0.13838990969230447,0.9785202863961813,0.797160243407708
0,0,0,0,0,1,0,0,0,0,1,0,0,0,0,1,0,0.12933342988562826,0.2911622238820202,0.8424821002386635,0.13184584178498987
0,0,1,0,0,0,0,0,0,0,1,0,0,0,0,1,0,0.27006757625717265,0.1507921009793936,0.9785202863961813,1.0
0,0,0,0,0,0,0,0,0,0,1,0,0,0,0,1,0,0.3096469485628435,0.08398761494310931,0.8424821002386635,1.0
0,0,1,0,0,0,0,0,0,0,1,0,0,0,0,1,0,0.2682385587114307,0.10375489711400418,0.7899761336515512,0.5943204868154158
0,1,0,0,0,0,0,0,0,0,1,0,0,0,0,1,0,0.3086410353284936,0.1153300268288413,0.8114558472553699,1.0
0,0,0,0,0,0,0,0,0,0,1,0,0,0,0,1,0,0.1671200398186995,0.23148163788850573,0.7947494033412885,0.14807302231237324
0,0,1,0,0,0,0,0,0,0,1,0,0,0,0,1,0,0.33590255259909335,0.07784367303254824,0.8544152744630071,1.0
0,1,0,0,0,0,0,0,1,0,0,0,0,0,0,1,0,0.1885654526598761,0.11798117151623305,0.8424821002386635,1.0
1,0,1,0,0,1,0,0,0,0,1,0,0,0,0,1,0,0.13560376075200953,0.2585397588249084,0.9045346062052504,0.10750507099391482
0,0,0,0,0,0,0,0,0,0,1,0,0,0,0,1,0,0.23230384460882778,0.16753902344643296,0.9045346062052504,0.5943204868154158
0,1,1,0,0,0,0,0,0,0,1,0,0,0,0,1,0,0.44995734778250324,0.09342633821779868,0.9785202863961813,1.0
0,1,0,0,0,1,1,0,0,0,0,0,0,0,0,1,0,0.08515479440320227,0.33868302946474127,0.9785202863961813,0.797160243407708
0,0,1,0,0,0,0,0,0,0,1,0,0,0,0,1,0,0.3183234022640641,0.08872574597544093,0.6252983293556085,1.0
0,1,0,0,1,0,0,0,0,0,1,0,0,0,0,1,0,0.2883718644224836,0.13943800067730955,0.35083532219570407,1.0
1,0,1,0,0,0,0,0,0,0,1,0,0,0,0,1,0,0.11281292329549085,0.32370809430035774,0.0,0.008113590263691683
0,0,0,0,0,0,0,0,0,0,1,0,0,0,0,1,0,0.34683275793161045,0.10908213912119699,0.7828162291169449,0.5943204868154158
0,0,0,0,0,0,0,0,0,0,1,0,0,0,0,1,0,0.35559692722588027,0.117178905609679,0.7828162291169449,0.5943204868154158
1,0,1,0,0,0,0,0,0,0,1,0,0,0,0,1,0,0.1618462802722681,0.12730334186682254,0.27207637231503584,0.14198782961460446
0,1,0,0,0,0,0,0,0,0,1,0,0,0,0,1,0,0.39951294772781903,0.08116737447553232,0.8162291169451072,1.0
0,1,0,0,0,0,0,0,0,0,1,0,0,0,0,1,0,0.1557870192388236,0.2379110816175919,0.7470167064439142,1.0
0,1,0,0,0,1,0,0,0,0,0,0,1,0,0,1,0,0.1055923894672628,0.2990144853225607,0.8162291169451072,1.0
0,1,1,0,0,1,0,0,0,0,1,0,0,0,0,1,0,0.24683865211999811,0.11747051195807429,0.7828162291169449,1.0
0,0,0,0,0,0,0,0,0,0,1,0,0,0,0,1,0,0.38799143706912337,0.10873447338126319,0.6610978520286397,1.0
0,0,0,0,0,0,0,0,0,0,1,0,0,0,0,1,0,0.41326892638884277,0.09339254379652258,0.7398568019093079,0.5943204868154158
0,0,1,0,0,0,0,0,0,0,1,0,0,0,0,1,0,0.26400118007704126,0.14220249123003686,0.6563245823389021,1.0
1,0,1,0,0,0,0,0,0,0,1,0,0,0,0,1,0,0.10038806037119108,0.29586602949755203,0.27207637231503584,0.14198782961460446
0,0,0,0,0,1,0,0,0,0,1,0,0,0,0,1,0,0.09546942299573277,0.3674522956417152,0.7804295942720763,0.10344827586206898
0,0,0,0,0,0,0,0,0,0,1,0,0,0,0,1,0,0.2461439970196762,0.16617670979705046,0.7804295942720763,1.0
1,0,1,0,0,0,0,0,0,0,1,0,0,0,0,1,0,0.0859548242155484,0.36817798616550773,0.5894988066825775,0.1359026369168357
1,0,1,1,0,0,0,0,0,0,1,0,0,0,0,1,0,0.009381970251936685,0.8683870171788962,0.27207637231503584,0.14198782961460446
0,1,1,1,0,1,0,0,0,0,0,0,1,0,0,1,0,0.028770637914000897,0.8505060153396049,0.7828162291169449,0.5943204868154158
0,1,0,0,0,0,0,0,0,0,0,1,0,0,0,1,0,0.13503010118769973,0.2779962387802431,0.5894988066825775,1.0
0,0,1,0,0,1,0,0,0,0,1,0,0,0,0,1,0,0.22324449835595125,0.15981050718982645,0.7828162291169449,1.0
0,0,0,0,0,0,0,0,0,0,1,0,0,0,0,1,0,0.3178644670340779,0.09855962096898922,0.7708830548926013,1.0
0,0,0,0,0,1,0,0,0,0,1,0,0,0,0,1,0,0.32060864325388444,0.11088296276042468,0.7804295942720763,1.0
0,0,0,0,0,0,0,0,0,0,1,0,0,0,0,1,0,0.39729236786586947,0.1013674865892252,0.6491646778042959,1.0
0,0,0,0,0,0,0,0,1,0,0,0,0,0,0,1,0,0.21382556321450427,0.09918912396678722,0.8400954653937946,1.0
1,0,1,0,0,0,0,0,0,0,1,0,0,0,0,1,0,0.12038127947561218,0.26899044821400364,0.7875894988066825,0.1359026369168357
0,0,0,0,0,0,0,0,0,0,1,0,0,0,1,0,0,0.4533130045129435,0.0873389462133513,0.8424821002386635,1.0
0,0,0,0,0,0,0,0,0,0,1,0,0,0,0,1,0,0.4668557594153159,0.09106208419070978,0.7326968973747017,1.0
0,1,0,0,0,0,0,0,0,0,0,0,1,0,0,1,0,0.1464701127735248,0.23528911855606532,0.6157517899761338,1.0
0,1,1,0,0,0,0,0,1,0,0,0,0,0,0,1,0,0.487668430398742,0.08744973648211701,0.532219570405728,1.0
0,0,1,0,0,0,0,0,1,0,0,0,0,0,0,1,0,0.27323103084232886,0.13961720029254887,0.8019093078758948,1.0
0,0,0,0,0,0,0,0,0,0,1,0,0,0,0,1,0,0.2991462549481561,0.135516949107008,0.8019093078758948,0.797160243407708
0,0,0,0,0,1,0,0,0,0,1,0,0,0,0,0,1,0.17565125673909135,0.22527908702358987,0.8400954653937946,1.0
0,1,0,1,0,0,0,0,1,0,0,0,0,0,0,1,0,0.017253420442494997,0.7919713309131161,0.8400954653937946,1.0
0,0,0,0,0,0,0,0,0,0,1,0,0,0,0,1,0,0.18008614207456788,0.14947580829552795,0.568019093078759,0.11156186612576068
0,0,1,0,0,0,0,0,0,0,1,0,0,0,0,1,0,0.4470682842162736,0.0844324453596117,0.568019093078759,1.0
0,0,0,0,0,0,0,0,0,0,1,0,0,0,0,1,0,0.5249299141008995,0.07663796272456037,0.5966587112171837,1.0
0,1,1,0,0,1,0,0,0,0,1,0,0,0,0,1,0,0.2705909835706179,0.11970668482454086,0.7971360381861574,1.0
1,0,1,0,0,0,0,0,0,0,1,0,0,0,0,1,0,0.19110537795601254,0.20926679475723775,0.7780429594272076,0.15618661257606492
0,1,0,0,0,0,0,0,0,0,1,0,0,0,0,1,0,0.1329480333608849,0.2683228498193905,1.0,1.0
0,1,0,0,0,0,0,0,0,0,1,0,0,0,0,1,0,0.29691400831439496,0.12323140621027621,0.8186157517899761,1.0
0,1,0,0,0,0,0,0,0,0,1,0,0,0,0,1,0,0.32564168574170477,0.09699527686807616,0.935560859188544,1.0
0,0,0,0,0,0,0,0,0,0,1,0,0,0,0,1,0,0.368721807913718,0.09412579818480628,0.9164677804295942,1.0
0,0,0,0,0,0,0,0,0,0,1,0,0,0,0,1,0,0.2841368773977408,0.0778450550207329,0.48210023866348445,0.797160243407708
0,1,1,0,0,0,0,0,1,0,0,0,0,0,0,1,0,0.17326427698043456,0.22013838342608724,0.5465393794749402,1.0
0,0,1,0,0,0,0,0,0,0,1,0,0,0,0,1,0,0.26939620546659776,0.14622800656660703,0.935560859188544,1.0
0,1,0,0,0,0,0,0,0,0,1,0,0,0,0,1,0,0.23203788086992969,0.16595080940281415,0.8544152744630071,1.0
0,0,1,0,0,0,0,0,1,0,0,0,0,0,0,1,0,0.21525785669934352,0.13314508961112484,0.8186157517899761,1.0
0,0,0,0,0,1,0,0,0,0,1,0,0,0,0,1,0,0.3146122487537533,0.13283126239854906,1.0,1.0
0,1,0,0,0,0,0,0,1,0,0,0,0,0,0,1,0,0.16586074724253735,0.16204500777233222,0.7923627684964201,1.0
0,0,0,0,0,0,0,0,0,0,1,0,0,0,1,0,0,0.3976830628746964,0.09774804696477107,0.7684964200477327,1.0
0,1,0,0,0,0,0,0,0,0,0,0,1,0,0,1,0,0.08650041975058319,0.38917409882707343,0.48210023866348445,1.0
0,0,0,0,0,0,0,0,0,0,1,0,0,0,0,1,0,0.3363004855096099,0.12065866218138493,0.48210023866348445,1.0
0,1,0,0,0,1,0,0,0,0,1,0,0,0,0,1,0,0.2492193435445414,0.12651914428063996,1.0,1.0
0,0,0,0,0,0,0,0,0,0,1,0,0,0,0,1,0,0.22494435455180145,0.12946891338917077,0.8544152744630071,1.0
0,0,0,0,0,0,0,0,0,0,1,0,0,0,1,0,0,0.41311002624554993,0.08519901350331052,0.9188544152744629,1.0
0,0,0,0,0,0,0,0,0,0,1,0,0,0,0,1,0,0.20528524311501078,0.1252731667102528,0.8544152744630071,1.0
0,1,0,0,0,0,0,0,0,0,1,0,0,0,0,1,0,0.2999057777181921,0.13489721014583803,0.701670644391408,0.5943204868154158
0,0,0,0,0,1,0,0,0,0,1,0,0,0,0,0,1,0.16638926819560548,0.23604889989831807,1.0,1.0
0,0,1,0,0,0,0,0,0,0,1,0,0,0,0,1,0,0.410234037813075,0.10296196913571756,0.809069212410501,1.0
0,0,0,0,0,0,0,0,0,0,1,0,0,0,0,1,0,0.42227702658210275,0.09615078323501045,0.8854415274463008,1.0
0,1,1,0,0,0,0,0,0,0,1,0,0,0,0,1,0,0.3587537509528634,0.10887450287239607,0.935560859188544,1.0
0,0,0,0,0,0,0,0,0,0,1,0,0,0,0,1,0,0.33425157495049085,0.1100034969516121,0.9164677804295942,1.0
0,1,1,0,0,0,0,0,0,0,1,0,0,0,0,1,0,0.13905504691947737,0.2646627672250955,0.9045346062052504,1.0
0,1,0,0,0,0,0,0,1,0,0,0,0,0,0,1,0,0.12193023239543611,0.27376969641717785,0.8830548926014319,1.0
0,0,0,0,0,0,0,0,0,0,1,0,0,0,0,1,0,0.27877334058913333,0.1207302592832498,0.6873508353221955,0.3914807302231238
0,1,0,0,0,0,0,0,1,0,0,0,0,0,0,1,0,0.07621687161739844,0.3108041191005489,0.9069212410501193,1.0
0,0,0,0,0,0,0,0,0,0,1,0,0,0,0,1,0,0.08501082449460941,0.3938941449880517,0.7947494033412885,0.14807302231237324
0,1,0,0,0,0,0,0,0,0,1,0,0,0,0,1,0,0.37816674497740194,0.09863124253814988,0.5894988066825775,1.0
0,1,0,0,0,1,0,0,1,0,0,0,0,0,0,1,0,0.08733678197402261,0.3778136799573794,0.8066825775656323,1.0
1,0,1,0,0,0,0,0,0,0,1,0,0,0,0,1,0,0.14407968497358412,0.2099510047544547,0.6515513126491648,0.15415821501014199
0,0,0,0,0,0,0,0,0,0,1,0,0,0,1,0,0,0.43018963952775036,0.08286559011892769,0.8138424821002386,1.0
0,1,0,0,0,0,0,0,0,0,1,0,0,0,0,1,0,0.20375464984866612,0.16270854642238158,0.8830548926014319,0.3914807302231238
0,0,0,0,0,0,0,0,1,0,0,0,0,0,0,1,0,0.29468491704330296,0.10272795518176008,0.9069212410501193,0.5943204868154158
0,0,0,0,0,0,0,0,0,0,1,0,0,0,0,1,0,0.273612117407343,0.1257287186074711,0.8878281622911692,1.0
0,0,0,0,0,0,0,0,0,0,1,0,0,0,1,0,0,0.471909026592316,0.0900479428394114,0.9045346062052504,1.0
0,1,0,0,0,0,0,0,0,0,1,0,0,0,0,1,0,0.183387692639112,0.19511464796220343,0.8066825775656323,1.0
0,1,0,0,0,0,0,0,0,0,1,0,0,0,0,1,0,0.20296610897199677,0.1976300484214818,0.9069212410501193,1.0
0,1,0,0,0,0,0,0,0,0,1,0,0,0,0,1,0,0.11473972491639327,0.316832043532954,0.6515513126491648,1.0
0,1,1,0,0,0,0,0,1,0,0,0,0,0,0,1,0,0.08896608882696619,0.2918625334759269,0.9069212410501193,0.5943204868154158
0,0,0,0,0,0,0,0,1,0,0,0,0,0,0,1,0,0.3480023814794441,0.11132664210875687,0.7804295942720763,0.5943204868154158
0,0,0,0,0,0,0,0,0,0,1,0,0,0,1,0,0,0.44434553045022923,0.07598157083282951,0.8138424821002386,1.0
0,0,0,0,0,0,0,0,0,0,1,0,0,0,0,1,0,0.4907546912680913,0.07136884000526761,0.9069212410501193,1.0
0,0,0,0,0,0,0,0,0,0,1,0,0,0,0,1,0,0.13322303135113134,0.11731499842892713,0.9069212410501193,0.15010141987829617
0,0,0,0,0,0,0,0,0,0,1,0,0,0,0,1,0,0.3506244077877234,0.09959693159133524,0.7804295942720763,1.0
0,0,0,0,0,0,0,0,0,0,1,0,0,0,1,0,0,0.3802896128900969,0.09508350314134452,0.8138424821002386,1.0
0,0,0,0,0,0,0,0,0,0,1,0,0,0,0,1,0,0.3933560511174599,0.10752436048051162,0.8138424821002386,1.0
0,1,0,0,0,0,0,0,0,0,1,0,0,0,0,1,0,0.4163350042037908,0.09350144599957019,0.6515513126491648,1.0
0,0,0,0,0,0,0,0,1,0,0,0,0,0,0,1,0,0.16988475758825589,0.20231404524787933,0.8520286396181382,0.797160243407708
0,0,0,0,0,0,0,0,0,0,1,0,0,0,0,1,0,0.47532353521307436,0.0885503129413767,0.7804295942720763,1.0
0,0,0,0,0,0,0,0,0,0,1,0,0,0,0,1,0,0.4064669937285494,0.10039463384617024,0.665871121718377,1.0
0,0,0,0,0,0,0,0,1,0,0,0,0,0,0,1,0,0.3650482640435198,0.10718047798883729,0.8138424821002386,1.0
0,0,0,0,0,0,0,0,0,0,1,0,0,0,0,1,0,0.6571076566835802,0.05460646047555427,0.665871121718377,1.0
0,0,0,0,0,0,0,0,0,0,1,0,0,0,0,1,0,0.29168882887026004,0.10751358113975197,0.6873508353221955,1.0
0,0,0,0,0,1,0,0,1,0,0,0,0,0,0,1,0,0.09628103803105387,0.3617230566140585,0.8520286396181382,0.797160243407708
0,0,0,0,0,0,0,0,0,0,1,0,0,0,0,1,0,0.32835486904137695,0.10106356162892703,0.7947494033412885,1.0
0,1,0,0,0,0,0,0,0,0,0,0,1,0,0,1,0,0.33172934188180314,0.12268218461663265,0.5417661097852029,0.797160243407708
0,0,0,0,0,0,0,0,0,0,1,0,0,0,0,1,0,0.5430863049739936,0.07156396034975691,0.8138424821002386,1.0
0,0,0,0,0,0,0,0,0,0,1,0,0,0,0,1,0,0.2609221609988655,0.1178991295668442,0.7804295942720763,1.0
0,0,0,0,0,0,0,0,1,0,0,0,0,0,0,1,0,0.10346539095833812,0.3390621125426007,0.8520286396181382,0.797160243407708
1,0,1,0,0,0,0,0,0,0,1,0,0,0,0,1,0,0.11064670900305894,0.32729125857457664,0.9069212410501193,0.15010141987829617
0,0,0,0,0,1,0,0,1,0,0,0,0,0,0,1,0,0.2681499615527225,0.1436409811063015,0.665871121718377,1.0
0,0,0,0,0,0,0,0,0,0,0,0,1,0,0,1,0,0.18505682087707595,0.08379333721978983,0.8066825775656323,1.0
0,0,0,0,0,0,0,0,0,0,1,0,0,0,0,1,0,0.42163234482780587,0.08402507699897553,0.7947494033412885,1.0
0,0,0,0,0,0,0,0,0,0,1,0,0,0,0,1,0,0.5502389668421878,0.07270021195964609,0.8520286396181382,1.0
0,0,0,0,0,0,0,0,0,0,1,0,0,0,0,1,0,0.3201243364193251,0.13036865766519232,0.7470167064439142,1.0
0,0,0,0,0,0,0,0,0,0,1,0,0,0,1,0,0,0.48076953278817786,0.08424136685369853,0.9045346062052504,1.0
0,0,0,0,0,0,0,0,0,0,1,0,0,0,0,1,0,0.273864516446176,0.13903563781597755,0.5369928400954653,1.0
0,1,0,0,0,0,0,0,1,0,0,0,0,0,0,1,0,0.357544239437007,0.06407419169645635,0.8591885441527445,1.0
0,0,0,0,0,0,0,0,0,0,1,0,0,0,0,1,0,0.18645694758050596,0.21385645535665238,0.7446300715990453,0.14604462474645033
0,0,0,0,0,0,0,0,0,0,1,0,0,0,0,1,0,0.48439104907700536,0.08805337784750696,0.8591885441527445,1.0
1,0,1,0,0,0,0,0,0,0,1,0,0,0,0,1,0,0.14566733859220535,0.2578599140831686,0.324582338902148,0.14807302231237324
0,0,1,0,0,0,0,0,0,0,1,0,0,0,0,1,0,0.2512916701562604,0.11452926679850611,0.9045346062052504,0.5943204868154158
1,0,1,0,0,0,0,0,0,0,1,0,0,0,0,1,0,0.17042757217275953,0.21696250901129013,0.2673031026252984,0.15415821501014199
0,0,1,0,0,0,0,0,0,0,1,0,0,0,0,1,0,0.39394614541068546,0.09521381222347859,0.6252983293556085,1.0
0,0,1,0,0,0,0,0,0,0,1,0,0,0,0,1,0,0.332949851114852,0.12445485879023156,0.5584725536992841,1.0
0,0,0,0,0,0,0,0,0,0,1,0,0,0,0,1,0,0.31126165790867855,0.12960663973455155,0.6491646778042959,1.0
0,0,0,0,0,0,0,0,1,0,0,0,0,0,0,1,0,0.18496113526301522,0.21533010430525643,0.7136038186157518,0.5943204868154158
0,0,0,0,0,0,0,0,0,0,1,0,0,0,0,1,0,0.4105034369869566,0.0996205013154305,0.7279236276849643,1.0
0,0,0,0,0,0,0,0,0,0,1,0,0,0,1,0,0,0.476235400842006,0.08904284860147298,0.8591885441527445,1.0
0,0,0,0,0,0,0,0,0,0,1,0,0,0,0,1,0,0.222299333008598,0.11843808063027031,0.6968973747016707,1.0
0,0,0,0,0,0,0,0,0,0,1,0,0,0,0,1,0,0.5065867249683528,0.08204883316024184,0.9045346062052504,0.5943204868154158
0,0,0,0,0,0,0,0,0,0,1,0,0,0,1,0,0,0.44483635070876865,0.09547023211219297,0.9045346062052504,1.0
0,0,0,0,0,1,0,0,0,0,1,0,0,0,0,1,0,0.09511040388345238,0.25094921076950005,0.4295942720763723,0.14198782961460446
0,0,0,0,0,0,0,0,0,0,1,0,0,0,0,1,0,0.38913624265062674,0.10813915146388745,0.8305489260143197,1.0
0,1,0,0,0,0,0,0,0,0,0,0,1,0,0,1,0,0.35384654422686257,0.11778520145114231,0.5823389021479712,1.0
0,0,0,0,0,0,0,0,0,0,1,0,0,0,0,1,0,0.3748612195831413,0.11088320329007605,0.532219570405728,1.0
0,1,0,0,0,0,0,0,0,0,0,1,0,0,0,1,0,0.23073291654333478,0.17335478237736224,0.47016706443914075,1.0
0,0,0,0,0,0,0,0,0,0,1,0,0,0,0,1,0,0.40955979064473985,0.07961196716048771,0.7971360381861574,1.0
0,1,0,0,0,1,0,0,0,0,1,0,0,0,0,1,0,0.1583950976517838,0.2400756242663094,0.6801909307875893,1.0
0,0,1,0,0,0,0,0,0,0,1,0,0,0,0,1,0,0.3570631825785138,0.06473629339445244,0.5823389021479712,0.3914807302231238
0,0,0,0,0,0,0,0,0,0,1,0,0,0,0,1,0,0.26264890867329316,0.07637660181849966,0.8615751789976134,1.0
0,1,0,0,0,0,0,0,0,0,1,0,0,0,0,1,0,0.16737609933421982,0.08255163542039595,0.6324582338902147,1.0
0,0,0,0,0,0,0,0,0,0,1,0,0,0,0,1,0,0.1581187829841083,0.24552217504289706,0.9069212410501193,0.14807302231237324
0,1,0,1,0,1,0,0,0,0,0,0,1,0,0,1,0,0.04034630674625939,0.6079695225722022,0.9069212410501193,0.797160243407708
0,1,0,0,0,0,0,0,1,0,0,0,0,0,0,1,0,0.19941512160755961,0.1728624336021767,0.532219570405728,1.0
0,1,1,0,0,0,0,0,1,0,0,0,0,0,0,1,0,0.22969466514686548,0.17756341604917572,0.532219570405728,1.0
0,0,1,0,0,0,0,0,1,0,0,0,0,0,0,1,0,0.14963461737354797,0.19244700296026443,0.9069212410501193,1.0
0,1,0,0,0,0,0,0,0,0,0,0,1,0,0,1,0,0.3833882448818527,0.1071416410032528,0.5823389021479712,0.5943204868154158
1,0,1,0,0,1,0,0,0,0,1,0,0,0,0,1,0,0.08706660388222856,0.3911442176917301,0.7780429594272076,0.15618661257606492
0,0,0,0,0,0,0,0,0,0,1,0,0,0,0,1,0,0.4033627043547804,0.08652397933376643,0.7971360381861574,0.5943204868154158
0,0,0,0,0,0,0,0,0,0,1,0,0,0,0,1,0,0.325459334805805,0.09595908214703895,0.7780429594272076,1.0
0,1,0,0,0,0,0,0,0,0,0,0,1,0,0,1,0,0.21584381444554684,0.16396472901808054,0.8615751789976134,1.0
0,1,0,0,0,0,0,0,1,0,0,0,0,0,0,1,0,0.29759873431987516,0.1374217799674672,0.8305489260143197,1.0
1,0,1,0,0,0,0,0,0,0,1,0,0,0,0,1,0,0.10494427903204818,0.3355275147134475,0.486873508353222,0.11156186612576068
0,0,0,0,0,0,0,0,0,0,1,0,0,0,0,1,0,0.36833891121988005,0.10187126786853305,0.701670644391408,0.797160243407708
0,1,1,0,0,0,0,0,0,0,1,0,0,0,0,1,0,0.09327516526460962,0.3469361815765689,0.4295942720763723,1.0
0,1,0,0,0,0,0,0,0,0,1,0,0,0,0,1,0,0.4160471029269335,0.09853381733547707,0.7684964200477327,1.0
1,0,1,0,0,0,0,0,0,0,1,0,0,0,0,1,0,0.08478244401974361,0.2902516526251063,0.8138424821002386,0.127789046653144
0,0,0,0,0,0,0,0,0,0,1,0,0,0,1,0,0,0.49892338982746726,0.062247936805164675,0.863961813842482,1.0
0,1,0,0,0,1,0,0,0,0,1,0,0,0,0,1,0,0.33958908685117933,0.07622200307379479,0.7947494033412885,0.797160243407708
0,0,0,0,0,0,0,0,0,0,1,0,0,0,0,1,0,0.8588219186693284,0.050249990336465176,0.863961813842482,1.0
0,0,0,0,0,0,0,0,0,0,1,0,0,0,0,1,0,0.3398987715799566,0.11881954119370458,0.9188544152744629,1.0
0,0,0,0,0,0,0,0,0,0,1,0,0,0,0,1,0,0.38115545864581907,0.11035508686169816,0.7494033412887828,0.5943204868154158
0,0,0,0,0,0,0,0,1,0,0,0,0,0,0,1,0,0.4396103245287981,0.0807839681392629,0.7947494033412885,0.797160243407708
0,1,0,0,0,0,0,0,1,0,0,0,0,0,0,1,0,0.3186170751103321,0.1275751365055091,0.9188544152744629,0.797160243407708
0,1,1,0,0,0,0,0,0,0,1,0,0,0,0,1,0,0.24819974586211457,0.13571998842457392,0.6324582338902147,1.0
0,0,0,0,0,0,0,0,0,0,1,0,0,0,1,0,0,0.3775589675184511,0.09468711437124067,0.8138424821002386,1.0
0,0,0,0,0,0,0,0,0,0,1,0,0,0,0,1,0,0.4032713880673546,0.1044756104805219,,1.0
0,1,0,0,0,0,0,0,0,0,1,0,0,0,0,1,0,0.2964541291785108,0.1274877160297754,0.8782816229116945,1.0
0,0,0,0,0,0,0,0,0,0,1,0,0,0,0,1,0,0.3213906011494046,0.102335361211764,0.7684964200477327,1.0
0,0,0,0,0,0,0,0,0,0,1,0,0,0,1,0,0,0.34756462742880806,0.10816363944609741,0.863961813842482,1.0
0,1,0,0,0,0,0,0,0,0,1,0,0,0,0,1,0,0.17265320531503603,0.22715473439292685,0.7613365155131264,0.797160243407708
0,1,0,0,0,0,0,0,0,0,0,0,1,0,0,1,0,0.07277912559083147,0.4309761295176318,0.8591885441527445,0.5943204868154158
0,1,0,0,0,0,0,0,0,0,1,0,0,0,0,1,0,0.13573094264531332,0.2682627350400563,0.7613365155131264,1.0
0,0,0,0,0,0,0,0,0,0,1,0,0,0,0,1,0,0.15146405521457715,0.10896537085480697,0.2649164677804296,0.14198782961460446
0,1,0,0,0,0,0,0,0,0,1,0,0,0,0,1,0,0.3084933854222253,0.07225225178684706,0.8138424821002386,1.0
0,0,0,0,0,0,0,0,0,0,1,0,0,0,0,1,0,0.10199844086293035,0.3250545700231676,0.7613365155131264,0.14604462474645033
0,0,0,0,0,0,0,0,0,0,0,0,1,0,0,1,0,0.30977568594362404,0.1301493897456713,0.8782816229116945,0.797160243407708
0,1,0,0,0,0,0,0,0,0,1,0,0,0,0,1,0,0.44988290142406934,0.07388121722071002,0.8138424821002386,1.0
0,0,0,0,0,0,0,0,0,0,1,0,0,0,1,0,0,0.48111844345871424,0.07604815337557008,0.8138424821002386,1.0
0,1,0,0,0,0,0,0,0,0,0,0,1,0,0,1,0,0.10023202212574109,0.3521222089252883,0.7112171837708829,1.0
0,1,0,0,0,0,0,0,0,0,0,0,1,0,0,1,0,0.21528381566521107,0.15213810034340303,0.5966587112171837,1.0
0,0,0,0,0,0,0,0,0,0,1,0,0,0,0,1,0,0.17789700199921274,0.16960993715916114,0.9069212410501193,1.0
0,0,0,0,0,0,0,0,0,0,1,0,0,0,1,0,0,0.3698340827829215,0.08958017499956411,0.8138424821002386,1.0
0,0,0,0,0,0,0,0,0,0,1,0,0,0,0,1,0,0.4925447629933905,0.07086866405775419,0.5966587112171837,1.0
0,0,0,0,0,0,0,0,0,0,1,0,0,0,0,1,0,0.3780179265981179,0.10165214378834939,0.9069212410501193,1.0
1,0,1,1,0,0,0,0,0,0,1,0,0,0,0,1,0,0.08311984273247519,0.27712501357609476,0.6515513126491648,0.15415821501014199
0,1,0,0,0,0,0,0,0,0,1,0,0,0,0,1,0,0.2444959270130514,0.16027601246022208,0.8568019093078758,1.0
0,1,0,0,0,0,0,0,0,0,1,0,0,0,0,1,0,0.2001000070019835,0.13282182227928527,0.9069212410501193,1.0
0,0,0,0,0,0,0,0,0,0,1,0,0,0,0,1,0,0.45448130028495154,0.08750868697109039,0.8377088305489258,1.0
0,1,0,0,0,0,0,0,1,0,0,0,0,0,0,1,0,0.41173600318776643,0.09225394962879775,0.5202863961813842,0.5943204868154158
0,1,0,0,0,0,0,0,1,0,0,0,0,0,0,1,0,0.3996799465517608,0.08149002350885978,0.5202863961813842,1.0
0,1,0,0,0,0,0,0,1,0,0,0,0,0,0,1,0,0.3274319444369785,0.10771072156776314,0.5202863961813842,1.0
0,0,0,0,0,0,0,0,0,0,1,0,0,0,0,1,0,0.3640794258894269,0.09045196092276286,0.7088305489260143,1.0
0,1,0,0,0,0,0,0,0,0,1,0,0,0,0,1,0,0.4966078033994172,0.08018631801868681,0.8019093078758948,1.0
1,0,1,0,0,0,0,0,0,0,1,0,0,0,0,1,0,0.0768993190619396,0.3598375515027507,0.5346062052505967,0.14807302231237324
0,0,0,0,0,0,0,0,0,0,1,0,0,0,1,0,0,0.42959672421989287,0.09703319046361669,0.8568019093078758,1.0
0,0,0,0,0,0,0,0,0,0,1,0,0,0,0,1,0,0.31921436517319535,0.052751346820808294,0.8138424821002386,1.0
0,1,0,0,0,0,0,0,0,0,1,0,0,0,0,1,0,0.196087565791446,0.17270081701698425,0.8830548926014319,1.0
1,0,1,0,0,0,0,0,0,0,1,0,0,0,0,1,0,0.07937603486588689,0.41457158101599556,0.8377088305489258,0.16024340770791076
0,0,0,0,0,0,0,0,0,0,1,0,0,0,0,1,0,0.3410576852272665,0.12255815356789991,0.8138424821002386,1.0
0,0,1,0,0,0,0,0,0,0,1,0,0,0,0,1,0,0.3570054138655403,0.0867063225177739,0.3842482100238663,1.0
0,0,0,0,0,0,0,0,0,0,1,0,0,0,0,1,0,0.23431107446862087,0.16315493180663543,0.8830548926014319,1.0
0,0,0,0,0,0,0,0,0,0,1,0,0,0,0,1,0,0.49528122258977075,0.08085241874853877,0.8042959427207637,1.0
0,0,0,0,0,0,0,0,0,0,1,0,0,0,0,1,0,0.4717913642896054,0.0812016553946927,0.9069212410501193,1.0
0,1,0,0,0,0,0,0,0,0,1,0,0,0,0,1,0,0.32943830531120727,0.12106492868597324,0.8568019093078758,0.5943204868154158
0,0,0,0,0,0,0,0,1,0,0,0,0,0,0,1,0,0.2493459508611348,0.1133928008976022,0.8377088305489258,1.0
1,0,1,0,0,1,0,0,0,0,1,0,0,0,0,1,0,0.06889939910237922,0.4546429063232723,0.3842482100238663,0.14198782961460446
0,0,0,0,0,0,0,0,0,0,1,0,0,0,1,0,0,0.49182713961111374,0.08553487847254394,0.8138424821002386,1.0
0,0,1,0,0,0,0,0,0,0,1,0,0,0,0,1,0,0.3232246008191241,0.10524272782906936,0.8019093078758948,0.5943204868154158
0,0,0,0,0,0,0,0,0,0,1,0,0,0,0,1,0,0.2568034233388181,0.09459022063948602,0.8019093078758948,1.0
0,0,0,0,0,0,0,0,0,0,1,0,0,0,0,1,0,0.32357398092799894,0.08832888741317658,0.6873508353221955,1.0
0,0,0,0,0,0,0,0,0,0,1,0,0,0,0,1,0,0.4284596536288673,0.09883870689112824,0.8138424821002386,1.0
0,0,0,0,0,0,0,0,1,0,0,0,0,0,0,1,0,0.2611083058606131,0.10395515193126711,0.9069212410501193,1.0
0,1,0,0,0,0,0,0,0,0,1,0,0,0,0,1,0,0.3439235936689354,0.12215573270170337,0.5894988066825775,1.0
0,0,0,0,0,0,0,0,0,0,1,0,0,0,0,1,0,0.13399674236440753,0.28288727342577935,0.8520286396181382,0.15618661257606492
0,0,0,0,0,0,0,0,0,0,1,0,0,0,0,1,0,0.2747770998275756,0.1270190438632166,0.8520286396181382,1.0
0,1,0,0,0,0,0,0,0,0,1,0,0,0,0,1,0,0.38055530056104,0.10904349918607417,0.8042959427207637,1.0
0,0,0,0,0,0,0,0,0,0,1,0,0,0,0,1,0,0.43541386062714155,0.07736213507376717,0.8066825775656323,1.0
0,0,0,0,0,0,0,0,0,0,1,0,0,0,0,1,0,0.33712891271652173,0.1201137160382552,0.8520286396181382,1.0
0,1,1,0,0,1,0,0,1,0,0,0,0,0,0,1,0,0.17078856383685811,0.2222517243379995,0.8257756563245822,1.0
0,1,0,0,0,0,0,0,1,0,0,0,0,0,0,1,0,0.3275714135007551,0.12714830758767404,0.7112171837708829,0.5943204868154158
0,1,0,0,0,0,0,0,0,0,1,0,0,0,0,1,0,0.309908048193091,0.05657071951806146,0.5894988066825775,0.5943204868154158
0,0,0,0,0,0,0,0,0,0,1,0,0,0,0,1,0,0.32248936874695766,0.12699048567651355,0.8520286396181382,1.0
0,0,0,0,0,0,0,0,0,0,1,0,0,0,0,1,0,0.480049277348558,0.07664588553865193,0.5966587112171837,1.0
0,0,0,0,0,0,0,0,0,0,1,0,0,0,0,1,0,0.44679182185359645,0.07768672857527562,0.6945107398568018,1.0
0,0,0,0,0,0,0,0,0,0,1,0,0,0,0,1,0,0.4998281612090861,0.08542333651748513,0.6873508353221955,1.0
1,0,1,0,0,1,0,0,0,0,1,0,0,0,0,1,0,0.15563978288094296,0.24979899402736025,0.8520286396181382,0.15618661257606492
0,1,0,0,0,0,0,0,0,0,1,0,0,0,0,1,0,0.18471573081764356,0.08771010651033002,0.8138424821002386,1.0
0,1,0,0,0,0,0,0,0,0,1,0,0,0,0,1,0,0.27857401002808047,0.14832408685412124,0.6515513126491648,1.0
0,0,0,0,0,0,0,0,0,0,1,0,0,0,1,0,0,0.3414699500797809,0.11930869679831034,0.8138424821002386,1.0
0,1,0,0,0,0,0,0,0,0,1,0,0,0,0,1,0,0.2022517648505253,0.1858768008077388,0.8830548926014319,0.3914807302231238
0,1,0,0,0,1,0,0,0,0,1,0,0,0,0,1,0,0.24841759215821752,0.05379324245584054,0.8830548926014319,1.0
0,1,0,0,0,0,0,0,0,0,0,0,1,0,0,1,0,0.3238736656909809,0.07820848114914311,0.8520286396181382,0.797160243407708
0,0,0,0,0,0,0,0,0,0,1,0,0,0,0,1,0,0.2500096440414889,0.12303370898566587,0.5369928400954653,0.5943204868154158
0,0,0,0,0,0,0,0,0,0,1,0,0,0,0,1,0,0.4103912081024866,0.1032443994317564,0.8138424821002386,1.0
0,0,0,0,0,1,0,0,0,0,1,0,0,0,0,0,1,0.1710138263968638,0.23055631149023684,0.8257756563245822,1.0
0,0,0,0,0,0,0,0,0,0,1,0,0,0,0,1,0,0.3510845891735028,0.10662794664438292,0.9069212410501193,1.0
0,0,0,0,0,0,0,0,0,0,1,0,0,0,0,1,0,0.38139345990385776,0.0924731202966072,0.6062052505966586,1.0
0,0,0,0,0,0,0,0,0,0,1,0,0,0,0,1,0,0.3761361227661109,0.08760885364942346,0.8066825775656323,1.0
0,0,0,0,0,0,0,0,0,0,1,0,0,0,0,1,0,0.23432545624457024,0.159310756829441,0.8042959427207637,1.0
0,0,0,0,0,0,0,0,0,0,1,0,0,0,0,1,0,0.3068053769074742,0.13124728541972985,0.8066825775656323,0.3914807302231238
0,0,1,0,0,0,0,0,0,0,1,0,0,0,0,1,0,0.26224840203801103,0.15725464060208372,0.8066825775656323,1.0
0,0,0,0,0,0,0,0,0,0,1,0,0,0,0,1,0,0.3098786390312808,0.07680288620815422,0.8042959427207637,0.797160243407708
0,0,0,0,0,1,0,0,1,0,0,0,0,0,0,1,0,0.14248355056548215,0.1403329944230748,0.6205250596658711,1.0
0,1,0,0,0,1,0,0,0,0,1,0,0,0,0,1,0,0.21183146099988967,0.11288572306635505,0.6945107398568018,1.0
0,0,0,0,0,0,0,0,0,0,1,0,0,0,0,1,0,0.2971092512520811,0.1390901775350308,0.9069212410501193,0.5943204868154158
0,0,0,0,0,0,0,0,0,0,1,0,0,0,0,1,0,0.18155225671090652,0.13885658062582537,0.9069212410501193,1.0
0,1,0,0,0,0,0,0,1,0,0,0,0,0,0,1,0,0.24601583199950855,0.08973301449867192,0.7350835322195703,0.797160243407708
0,1,1,0,0,0,0,0,1,0,0,0,0,0,0,1,0,0.10247926398653899,0.3089577219909686,0.6801909307875893,1.0
0,1,0,0,0,0,0,0,0,0,1,0,0,0,0,1,0,0.15430886765387627,0.2292172239325425,0.8758949880668256,1.0
0,0,0,0,0,0,0,0,0,0,1,0,0,0,0,1,0,0.5720270708195152,0.06938145631454813,0.5894988066825775,1.0
0,0,1,0,0,0,0,0,0,0,1,0,0,0,0,1,0,0.3057495733734079,0.12843486529500475,0.6801909307875893,1.0
0,0,1,0,0,0,0,0,1,0,0,0,0,0,0,1,0,0.20079379381544327,0.1075243604805117,0.7828162291169449,0.5943204868154158
1,0,1,0,0,0,0,0,0,0,1,0,0,0,0,1,0,0.16767110472980296,0.21003175933131343,0.8162291169451072,0.13793103448275862
0,1,0,0,0,0,0,0,0,0,1,0,0,0,0,1,0,0.3388305612023763,0.12353723816375425,0.7350835322195703,1.0
0,0,0,0,0,0,0,0,0,0,1,0,0,0,1,0,0,0.3694864550741646,0.03810915794866883,0.7350835322195703,1.0
0,1,0,0,0,1,0,0,0,0,0,0,1,0,0,1,0,0.07828775124090484,0.40828655122575636,0.09546539379474944,1.0
0,0,0,0,0,0,0,0,0,0,1,0,0,0,0,1,0,0.37110706536094773,0.10523058358624045,0.8042959427207637,1.0
0,0,0,0,0,0,0,0,0,0,1,0,0,0,0,1,0,0.48809320403485973,0.08548828197491111,0.8782816229116945,1.0
1,0,1,0,0,1,0,0,0,0,1,0,0,0,0,1,0,0.0755159603519269,0.41824324246427486,0.7923627684964201,0.11967545638945236
0,0,0,0,0,0,0,0,0,0,0,0,1,0,0,1,0,0.4091687981529768,0.09444477778705995,0.7637231503579953,1.0
0,1,0,0,0,0,0,0,0,0,1,0,0,0,0,1,0,0.16761869430300022,0.15512956295197,0.7828162291169449,1.0
0,1,0,0,0,0,0,0,0,0,0,0,1,0,0,1,0,0.4099869382803675,0.09841950479584263,0.737470167064439,1.0
0,0,0,0,0,0,0,0,0,0,1,0,0,0,0,1,0,0.2646385414961166,0.12961086782089562,0.7971360381861574,1.0
0,1,0,0,0,1,0,0,0,0,1,0,0,0,0,1,0,0.3354155751233206,0.12431806501618146,0.7971360381861574,1.0
0,0,0,0,0,0,0,0,0,0,1,0,0,0,0,1,0,0.4764127136226191,0.05321865077681029,0.8520286396181382,1.0
0,1,1,0,0,0,0,0,0,0,1,0,0,0,0,1,0,0.31374874756980714,0.12947380454669186,0.7684964200477327,1.0
0,1,0,0,0,1,0,0,1,0,0,0,0,0,0,1,0,0.09387200417370611,0.37204760672619014,0.8257756563245822,1.0
0,1,0,0,0,0,0,0,0,0,1,0,0,0,0,1,0,0.2023398112782308,0.19748851177467547,0.8520286396181382,0.797160243407708
1,0,1,0,0,0,0,0,0,0,1,0,0,0,0,1,0,0.0941581989517505,0.35380362644139635,0.7995226730310263,0.14807302231237324
0,0,0,0,0,0,0,0,1,0,0,0,0,0,0,1,0,0.24401191300813985,0.10126980187199781,0.3484486873508353,1.0
0,0,0,0,0,0,0,0,0,0,1,0,0,0,0,1,0,0.1825538744442194,0.20085664897116995,0.8066825775656323,1.0
0,0,1,0,0,0,0,0,1,0,0,0,0,0,0,1,0,0.13381174243765312,0.27965195743786353,0.8066825775656323,1.0
0,1,0,0,0,0,0,0,1,0,0,0,0,0,0,1,0,0.2320523953888379,0.164001370495032,0.6443914081145585,1.0
0,0,0,0,0,0,0,0,0,0,1,0,0,0,0,1,0,0.4744245984572037,0.07867855668086217,0.6348448687350834,1.0
0,0,0,0,0,0,0,0,0,0,1,0,0,0,0,1,0,0.37372036004978676,0.08473604323047994,0.7947494033412885,0.797160243407708
0,1,0,0,0,0,0,0,1,0,0,0,0,0,0,1,0,0.2464001379861399,0.1615823033581509,0.8257756563245822,1.0
0,0,0,0,0,1,0,0,0,0,1,0,0,0,0,1,0,0.1337795449334103,0.16765202591825742,0.8233890214797135,0.797160243407708
0,0,0,0,0,0,0,0,0,0,1,0,0,0,0,1,0,0.42202855451793253,0.07585246685930803,0.8257756563245822,1.0
0,1,0,0,0,0,0,0,1,0,0,0,0,0,0,1,0,0.21525785669934344,0.185475353870334,0.8520286396181382,0.797160243407708
0,0,0,0,0,0,0,0,0,0,1,0,0,0,0,1,0,0.4093910611738323,0.10120855323668773,0.7947494033412885,0.5943204868154158
0,1,0,0,0,0,0,0,1,0,0,0,0,0,0,1,0,0.24371183015252462,0.11737320632217726,0.8520286396181382,1.0
0,0,0,0,0,0,0,0,1,0,0,0,0,0,0,1,0,0.32710047701638556,0.12801532307048027,0.8257756563245822,1.0
0,0,0,0,0,0,0,0,0,0,1,0,0,0,0,1,0,0.3269293837166705,0.08315942984280529,0.5823389021479712,1.0
0,0,0,0,0,0,0,0,0,0,1,0,0,0,0,1,0,0.22203723675751802,0.14833418669826998,0.8520286396181382,1.0
0,0,0,0,0,0,0,0,0,0,1,0,0,0,0,1,0,0.48629435361444556,0.0871375765316833,0.7947494033412885,1.0
0,0,0,0,0,0,0,0,0,0,1,0,0,0,0,1,0,0.5001687774621367,0.08357670935191085,0.7947494033412885,1.0
1,0,1,0,0,0,0,0,0,0,1,0,0,0,0,1,0,0.06635208541919224,0.4473920187972124,0.6443914081145585,0.14807302231237324
0,0,0,0,0,0,0,0,0,0,1,0,0,0,0,1,0,0.25585217034596736,0.15775378214730096,0.8520286396181382,1.0
0,1,0,0,0,0,0,0,0,0,1,0,0,0,0,1,0,0.30568998780389733,0.09648570049563171,0.8066825775656323,1.0
0,0,0,0,0,0,0,0,1,0,0,0,0,0,0,1,0,0.35226665286683695,0.10066119202195953,0.8233890214797135,1.0
0,0,0,0,0,0,0,0,0,0,1,0,0,0,0,1,0,0.4864776230761028,0.07973153216946326,0.5894988066825775,1.0
0,0,0,0,0,0,0,0,0,0,1,0,0,0,0,1,0,0.22752101689705292,0.05551781919943567,0.8520286396181382,1.0
0,0,1,0,0,0,0,0,0,0,1,0,0,0,0,1,0,0.4225826443279158,0.09669940524231155,0.7947494033412885,1.0
0,0,0,0,0,0,0,0,0,0,1,0,0,0,0,1,0,0.39466362506301167,0.08506823141010306,0.8210023866348448,1.0
1,0,1,0,0,0,0,0,0,0,1,0,0,0,0,1,0,0.12661870531721486,0.2748222282990027,0.6992840095465394,0.15415821501014199
0,0,0,0,0,0,0,0,0,0,1,0,0,0,0,1,0,0.4946985855291916,0.07053140952507007,0.5894988066825775,1.0
0,0,0,0,0,0,0,0,0,0,1,0,0,0,0,1,0,0.3844207515082886,0.0931578178758173,0.7947494033412885,1.0
0,0,0,0,0,0,0,0,0,0,1,0,0,0,0,1,0,0.2341192378741321,0.15373733949816207,0.6992840095465394,0.15415821501014199
0,0,0,0,0,0,0,0,1,0,0,0,0,0,0,1,0,0.6281474054474143,0.06223273479824348,0.9045346062052504,0.5943204868154158
1,0,1,0,0,0,0,0,0,0,1,0,0,0,0,1,0,0.05067726080518214,0.5454124331798301,0.35083532219570407,0.15212981744421905
0,0,1,0,0,0,0,0,0,0,1,0,0,0,0,1,0,0.31004035641469296,0.11131469443905599,0.7947494033412885,1.0
0,0,0,0,0,0,0,1,0,0,0,0,0,0,0,1,0,0.12156220097816357,0.30397271441755347,0.3842482100238663,0.14198782961460446
0,0,0,0,0,0,0,0,0,0,1,0,0,0,0,1,0,0.1154583406796728,0.3164320360575177,0.8377088305489258,0.16024340770791076
0,0,1,0,0,0,0,0,1,0,0,0,0,0,0,1,0,0.22744214461495976,0.17766372503255207,0.8019093078758948,1.0
0,1,0,0,0,0,0,0,0,0,0,0,1,0,0,1,0,0.14144608946306803,0.2444074479792049,0.6992840095465394,1.0
0,0,0,0,0,0,0,0,1,0,0,0,0,0,0,1,0,0.1824569711982775,0.1836593201344456,0.8066825775656323,1.0
0,0,0,0,0,0,0,0,0,0,1,0,0,0,1,0,0,0.37927957493294706,0.05090668726764176,0.8019093078758948,1.0
0,0,0,0,0,0,0,0,1,0,0,0,0,0,0,1,0,0.17804578574555657,0.13157885321139817,0.7947494033412885,1.0
0,0,0,0,0,0,0,0,0,0,1,0,0,0,0,1,0,0.11858124088483422,0.3012708318406081,0.6992840095465394,0.15415821501014199
0,0,0,0,0,0,0,0,0,0,1,0,0,0,0,1,0,0.38169753161625036,0.10146848682400389,0.8019093078758948,1.0
0,0,1,0,0,0,0,0,1,0,0,0,0,0,0,1,0,0.25254967128415085,0.11254470143033635,0.9045346062052504,0.5943204868154158
0,1,1,0,0,0,0,0,0,0,1,0,0,0,0,1,0,0.21723273644062172,0.17735997925030203,0.6992840095465394,0.5943204868154158
0,1,1,0,0,0,0,0,0,0,1,0,0,0,0,1,0,0.15809112714899712,0.24399686905889154,0.8066825775656323,1.0
0,1,0,0,0,1,0,0,0,0,1,0,0,0,0,1,0,0.28188000971285565,0.1211886497627325,0.9045346062052504,1.0
0,0,1,0,0,0,0,0,0,0,1,0,0,0,0,1,0,0.34442227484815036,0.10751660764032522,0.5417661097852029,1.0
1,0,1,0,0,0,0,0,0,0,1,0,0,0,0,1,0,0.14551823401025107,0.2635190107993988,0.35083532219570407,0.15212981744421905
0,0,0,0,0,0,0,0,0,0,1,0,0,0,0,1,0,0.2130929291024657,0.18434630923575565,0.8377088305489258,0.16024340770791076
0,0,0,0,0,0,0,0,0,0,1,0,0,0,0,1,0,0.33366297700588177,0.10824214967484767,0.7947494033412885,1.0
0,1,0,0,0,0,0,0,1,0,0,0,0,0,0,1,0,0.40280307826512207,0.09166285344665355,0.9045346062052504,0.5943204868154158
0,0,0,0,0,0,0,0,1,0,0,0,0,0,0,1,0,0.5048703297969056,0.08160649267779746,0.5894988066825775,1.0
0,0,1,0,0,0,0,0,1,0,0,0,0,0,0,1,0,0.2851136823484078,0.08640431484035002,0.7828162291169449,1.0
0,0,1,0,0,0,0,0,0,0,1,0,0,0,0,1,0,0.3623115155231939,0.1095984395700973,0.9045346062052504,0.5943204868154158
0,1,0,0,0,0,0,0,0,0,0,0,1,0,0,1,0,0.06295353914551263,0.43458677007603225,0.8066825775656323,0.797160243407708
0,0,0,0,0,0,0,0,0,0,1,0,0,0,0,1,0,0.4025429964346066,0.10261093730465323,0.5417661097852029,1.0
0,0,1,0,0,0,0,0,0,0,1,0,0,0,0,1,0,0.3627163403362074,0.10485366362498677,0.7828162291169449,1.0
0,0,0,0,0,0,0,0,0,0,1,0,0,0,0,1,0,0.4293416075585304,0.09878510094861229,0.8544152744630071,0.797160243407708
0,1,0,0,0,0,0,0,0,0,1,0,0,0,0,1,0,0.1998942149359793,0.15510925186253618,0.3842482100238663,1.0
1,0,1,0,0,0,0,1,0,0,0,0,0,0,0,1,0,0.11828485170731133,0.31085185085622113,0.7828162291169449,0.13184584178498987
0,1,0,0,0,0,0,0,0,0,0,0,1,0,0,1,0,0.08185091420778935,0.36115753218705315,0.6992840095465394,1.0
0,0,0,0,0,1,0,0,1,0,0,0,0,0,0,1,0,0.044449227042504355,0.5948656822789647,0.8377088305489258,1.0
1,0,1,0,0,0,0,0,0,0,1,0,0,0,0,1,0,0.25039265267616906,0.14067129359514657,0.8329355608591884,0.14604462474645033
0,1,0,0,0,0,0,0,1,0,0,0,0,0,0,1,0,0.1957189959842892,0.17985964541046753,0.8758949880668256,0.5943204868154158
0,1,0,0,0,0,0,0,0,0,0,0,1,0,0,1,0,0.10936153556497291,0.32987308319005654,0.8305489260143197,1.0
0,0,0,0,0,0,0,0,0,0,1,0,0,0,0,1,0,0.5046958522896157,0.08214931502089609,,1.0
0,1,0,0,0,0,0,0,1,0,0,0,0,0,0,1,0,0.2819886356892259,0.1318630678343191,0.8329355608591884,1.0
0,1,0,0,0,1,0,0,1,0,0,0,0,0,0,1,0,0.3276236997301338,0.1228369275222297,0.6730310262529833,1.0
0,1,0,0,0,0,0,0,0,0,1,0,0,0,0,1,0,0.213328675871446,0.158154161897331,0.8329355608591884,1.0
0,0,0,0,0,0,0,0,0,0,1,0,0,0,0,1,0,0.12992149433846278,0.28742761447810405,0.8114558472553699,0.15010141987829617
0,0,0,0,0,0,0,0,1,0,0,0,0,0,0,1,0,0.2750531966940626,0.110710944219544,0.7804295942720763,1.0
0,0,0,0,0,1,0,0,0,0,1,0,0,0,0,1,0,0.17296535571053803,0.09379009526764898,0.8758949880668256,1.0
0,1,1,0,0,0,0,0,1,0,0,0,0,0,0,1,0,0.4403343662518821,0.09575371660641718,0.6825775656324582,1.0
0,0,1,0,0,0,0,0,1,0,0,0,0,0,0,1,0,0.4277997289636385,0.09912584688675492,0.8019093078758948,1.0
0,1,0,0,0,0,0,0,0,0,1,0,0,0,0,1,0,0.20986746950951402,0.19241683985466568,0.8758949880668256,0.5943204868154158
0,0,0,0,0,0,0,0,0,0,1,0,0,0,1,0,0,0.3283096514964517,0.11644849074314044,0.5202863961813842,1.0
0,0,1,0,0,0,0,0,1,0,0,0,0,0,0,1,0,0.45681425806571446,0.09078654945110651,0.7303102625298328,1.0
0,0,0,0,0,0,0,0,0,0,1,0,0,0,0,1,0,0.21484731462571413,0.1274805426690116,0.8305489260143197,1.0
0,0,0,0,0,1,0,0,0,0,1,0,0,0,0,1,0,0.0950231912799824,0.35509007608321014,0.7804295942720763,1.0
0,0,0,0,0,0,0,0,0,0,1,0,0,0,0,1,0,0.6809312811791337,0.06247141498286733,0.7875894988066825,1.0
0,1,0,0,0,0,0,0,0,0,0,0,1,0,0,1,0,0.22450555268389794,0.17265706052989388,0.7255369928400954,0.797160243407708
0,0,1,0,0,0,0,0,0,0,1,0,0,0,0,1,0,0.2550701665377069,0.10410259884803695,0.8186157517899761,1.0
0,1,1,0,0,0,0,0,0,0,0,0,1,0,0,1,0,0.1445906612614179,0.24782156392724614,0.34128878281622904,1.0
0,0,0,0,0,0,0,0,0,0,1,0,0,0,0,1,0,0.397535510551233,0.10010829051176978,0.6420047732696896,1.0
0,0,1,0,0,0,0,0,0,0,1,0,0,0,0,1,0,0.2717724385689453,0.08814184321195809,0.6181384248210025,0.5943204868154158
1,0,1,0,0,0,0,0,0,0,1,0,0,0,0,1,0,0.22930846073016406,0.13463523416320927,0.8782816229116945,0.15821501014198783
1,0,1,0,0,0,0,0,0,0,1,0,0,0,0,1,0,0.10373841334714476,0.3448003954770204,0.25298329355608595,0.15821501014198783
0,1,1,0,0,0,0,0,0,0,0,0,1,0,0,1,0,0.292128636689394,0.12495216103568912,0.7255369928400954,1.0
0,0,0,0,0,0,0,0,0,0,1,0,0,0,1,0,0,0.3413794938592334,0.11836995849027998,0.8782816229116945,1.0
0,1,0,0,0,0,0,0,0,0,0,0,1,0,0,1,0,0.36365083666394266,0.11197530319264419,0.8782816229116945,1.0
0,1,0,0,0,1,0,0,0,0,1,0,0,0,0,1,0,0.17107170679406336,0.23043524494306938,0.5656324582338903,1.0
0,0,0,0,0,0,0,0,0,0,1,0,0,0,0,1,0,0.08853799758654662,0.2844956225673841,0.7875894988066825,0.1359026369168357
0,0,0,0,0,0,0,0,0,0,0,0,1,0,0,1,0,0.28332509557086566,0.11279934291795246,0.7326968973747017,1.0
0,0,0,0,0,0,0,0,0,0,1,0,0,0,0,1,0,0.6461976985255508,0.056424140312322166,0.8186157517899761,1.0
0,0,0,0,0,0,0,0,0,0,1,0,0,0,0,1,0,0.3459307173393499,0.12134091164212243,0.8186157517899761,1.0
0,1,0,0,0,0,0,0,0,0,1,0,0,0,0,1,0,0.13553217347415317,0.27842217115259876,0.8186157517899761,0.797160243407708
0,0,1,0,0,0,0,0,0,0,1,0,0,0,0,1,0,0.24216432698495638,0.15029351244061612,0.8186157517899761,1.0
0,0,1,0,0,0,0,0,0,0,1,0,0,0,0,1,0,0.23377355806480832,0.1732298346050394,0.7875894988066825,1.0
0,0,0,0,0,0,0,0,0,0,1,0,0,0,0,1,0,0.47980574310223556,0.07699247744493211,0.7183770883054892,1.0
0,0,0,0,0,0,0,0,0,0,1,0,0,0,0,1,0,0.3459538748048129,0.07769095141797991,0.8830548926014319,0.797160243407708
0,0,0,0,0,0,0,0,0,0,1,0,0,0,1,0,0,0.31786446703407784,0.12643263901196528,0.7255369928400954,1.0
0,1,0,0,0,0,0,0,0,0,1,0,0,0,0,1,0,0.3328709058865368,0.0974049727801543,0.8162291169451072,1.0
0,0,0,0,0,1,0,0,0,0,1,0,0,0,0,1,0,0.2945498880892393,0.13290770695438497,0.8830548926014319,1.0
0,0,0,0,0,0,0,0,0,0,1,0,0,0,0,1,0,0.2328107984585955,0.10307641290995806,0.7875894988066825,1.0
0,0,0,0,0,0,0,0,0,0,1,0,0,0,0,1,0,0.09210505607354406,0.3578928499677555,0.2243436754176611,0.1359026369168357
0,1,0,0,0,0,0,0,0,0,0,0,1,0,0,1,0,0.121798906906548,0.30319109374787784,0.7875894988066825,0.5943204868154158
0,0,0,0,0,0,0,0,0,0,1,0,0,0,0,1,0,0.20717149768354387,0.1689500826963197,0.8782816229116945,1.0
1,0,1,0,0,0,0,0,0,0,1,0,0,0,0,1,0,0.12827548759922108,0.24622435649275404,0.8782816229116945,0.15821501014198783
0,1,0,0,0,0,0,0,0,0,1,0,0,0,0,1,0,0.09546942299573287,0.2891144510848932,0.8782816229116945,1.0
0,0,0,0,0,0,0,0,0,0,1,0,0,0,0,1,0,0.14886203370989903,0.09069017605001678,0.675417661097852,0.797160243407708
0,0,0,0,0,0,0,0,0,0,1,0,0,0,0,1,0,0.30503008045735575,0.11032842110399678,0.8782816229116945,1.0
0,0,0,1,0,0,0,0,0,0,1,0,0,0,0,1,0,0.04786272046240213,0.5598307163489752,0.8782816229116945,0.15821501014198783
0,0,0,0,0,0,0,0,0,0,1,0,0,0,0,1,0,0.3368201787020611,0.1233702299699465,0.7875894988066825,0.12170385395537527
0,0,0,0,0,0,0,0,0,0,1,0,0,0,0,1,0,0.3318360930913574,0.12208607203461767,0.8830548926014319,1.0
0,1,0,0,0,0,0,0,1,0,0,0,0,0,0,1,0,0.270431969559431,0.09478404354524332,0.8878281622911692,1.0
0,0,0,0,0,0,0,0,0,0,1,0,0,0,0,1,0,0.5223446795325377,0.07920411007792386,0.7684964200477327,1.0
0,0,0,0,0,0,0,0,0,0,1,0,0,0,0,1,0,0.25237989721505943,0.14559334156935014,0.7684964200477327,0.5943204868154158
0,1,0,0,0,0,0,0,0,0,1,0,0,0,0,1,0,0.361373687020489,0.10786089046194278,0.8114558472553699,1.0
0,1,1,0,0,0,0,0,0,0,1,0,0,0,0,1,0,0.21649026422530462,0.12323690648106894,0.7684964200477327,1.0
0,1,0,0,0,0,0,0,1,0,0,0,0,0,0,1,0,0.37161384720858276,0.10582581669890524,0.7684964200477327,1.0
0,0,0,0,0,0,0,0,0,0,1,0,0,0,0,1,0,0.26742749015487954,0.11096098499326235,0.8424821002386635,0.797160243407708
0,0,0,0,0,0,0,0,0,0,1,0,0,0,0,1,0,0.21516438009918248,0.11968263088871818,0.6992840095465394,0.797160243407708
0,0,0,0,0,0,0,0,0,0,1,0,0,0,0,1,0,0.3439635137122301,0.10021930593765252,0.568019093078759,1.0
0,1,1,0,0,0,0,0,1,0,0,0,0,0,0,1,0,0.37546097414324964,0.05554191891480342,0.568019093078759,1.0
0,0,0,0,0,0,0,0,0,0,1,0,0,0,0,1,0,0.48595381788874675,0.08777662598074565,0.5990453460620524,1.0
0,0,1,0,0,0,0,0,0,0,1,0,0,0,0,1,0,0.18787685322679362,0.09002532055694501,0.8424821002386635,0.797160243407708
0,0,0,0,0,0,0,0,0,0,1,0,0,0,0,1,0,0.41532095779913547,0.09287401586338176,0.8830548926014319,1.0
0,0,0,0,0,0,0,0,0,0,1,0,0,0,0,1,0,0.424055886367558,0.09876273937118069,0.5489260143198089,1.0
0,1,0,0,0,0,0,0,0,0,1,0,0,0,0,1,0,0.3138540856906678,0.13284092237954792,0.7684964200477327,1.0
0,0,1,0,0,0,0,0,0,0,1,0,0,0,0,1,0,0.3912751439642704,0.09881558743718906,0.6992840095465394,1.0
0,1,0,0,0,0,0,0,1,0,0,0,0,0,0,1,0,0.19521897575845304,0.0753356807879674,0.8830548926014319,0.797160243407708
0,0,0,0,0,0,0,0,0,0,1,0,0,0,0,1,0,0.4189835201528689,0.09861597259760015,0.7875894988066825,1.0
0,0,0,0,0,0,0,0,0,0,1,0,0,0,0,1,0,0.06545997897837852,0.4362282778094863,0.2458233890214797,0.12981744421906694
1,0,1,0,0,0,0,0,0,0,1,0,0,0,0,1,0,0.09541510172311991,0.36768315977863114,0.7923627684964201,0.17038539553752538
0,1,0,0,0,1,0,0,1,0,0,0,0,0,0,1,0,0.12794064722131276,0.24222498414347735,0.9785202863961813,1.0
0,0,0,0,0,0,0,0,0,0,1,0,0,0,0,1,0,0.5531214067990574,0.0769120084207234,0.9785202863961813,1.0
0,0,0,0,0,0,0,0,0,0,1,0,0,0,0,1,0,0.3861267503798722,0.10572655779022026,0.675417661097852,1.0
0,1,0,0,0,0,0,0,0,0,0,0,1,0,0,1,0,0.2025487782232393,0.16696041167118847,0.8782816229116945,1.0
0,1,0,0,0,0,0,0,0,0,0,0,1,0,0,1,0,0.24044372768988176,0.16681144246456117,0.8878281622911692,1.0
0,0,0,0,0,0,0,0,0,0,1,0,0,0,0,1,0,0.406894448985767,0.08397868386058421,0.7255369928400954,1.0
0,0,0,0,0,0,0,0,0,0,1,0,0,0,0,1,0,0.5359316143035174,0.06260482422095741,0.7923627684964201,1.0
0,1,0,0,0,0,0,0,0,0,1,0,0,0,0,1,0,0.2587396370054465,0.11889139993016545,0.7875894988066825,1.0
0,0,0,0,0,0,0,0,0,0,1,0,0,0,0,1,0,0.19317812046268956,0.15348061131984367,0.7875894988066825,1.0
0,0,0,0,0,0,0,0,0,0,1,0,0,0,1,0,0,0.449094063284803,0.09134090351299406,0.7326968973747017,1.0
0,0,0,0,0,0,0,0,0,0,1,0,0,0,0,1,0,0.48029991995975674,0.073851357661837,0.935560859188544,1.0
0,0,0,0,0,0,0,0,0,0,1,0,0,0,0,1,0,0.5030515050626027,0.08462706368852903,0.9188544152744629,1.0
0,1,0,0,0,0,0,0,0,0,1,0,0,0,0,1,0,0.1501935575697971,0.12401502577206307,,1.0
0,1,1,0,0,0,0,0,1,0,0,0,0,0,0,1,0,0.16948956561225192,0.21580927237343314,0.7470167064439142,1.0
0,0,1,0,0,0,0,0,0,0,1,0,0,0,0,1,0,0.21503968534794016,0.1045792651066782,1.0,0.797160243407708
0,0,0,0,0,0,0,0,0,0,1,0,0,0,0,1,0,0.44763103194717896,0.08515552941952564,0.7923627684964201,1.0
0,1,0,0,0,0,0,0,0,0,1,0,0,0,0,1,0,0.31881748336760984,0.11377792849444986,0.8615751789976134,1.0
0,0,0,0,0,0,0,0,0,0,1,0,0,0,0,1,0,0.3548228740365123,0.08333760839815335,0.8400954653937946,1.0
1,0,1,0,0,0,0,0,0,0,1,0,0,0,0,1,0,0.1910531461440662,0.2056086059914372,0.8615751789976134,0.13793103448275862
0,0,0,0,0,0,0,0,1,0,0,0,0,0,0,1,0,0.4186478367305486,0.0823521819226417,0.7326968973747017,1.0
0,0,0,0,0,0,0,0,0,0,1,0,0,0,0,1,0,0.3843729262842336,0.08113262711840528,0.935560859188544,1.0
0,0,0,0,0,0,0,0,0,0,1,0,0,0,0,1,0,0.16483895283964364,0.2379555778372873,,
0,0,0,0,0,0,0,0,0,0,1,0,0,0,0,1,0,0.348038563018022,0.10592739448083693,0.7350835322195703,1.0
0,1,0,0,0,0,0,0,0,0,1,0,0,0,0,1,0,0.2466012151447743,0.14369033822300123,0.9188544152744629,1.0
0,0,1,0,0,0,0,0,0,0,1,0,0,0,0,1,0,0.3486235445563561,0.11770981251330308,0.935560859188544,1.0
0,1,0,0,0,0,0,0,0,0,0,0,1,0,0,1,0,0.20753177965224476,0.17437886448818232,1.0,0.797160243407708
0,0,0,0,0,0,0,0,0,0,1,0,0,0,0,1,0,0.47841699213155753,0.08773364520002827,0.9188544152744629,1.0
0,0,1,0,0,0,0,0,0,0,1,0,0,0,0,1,0,0.5065295266698673,0.08255163542039605,0.7255369928400954,1.0
0,1,1,0,0,0,0,0,1,0,0,0,0,0,0,1,0,0.17865830562832788,0.21794873502366655,0.6443914081145585,0.5943204868154158
0,1,0,0,0,1,0,0,0,0,0,0,1,0,0,1,0,0.1407634036180468,0.24008935515807486,0.9188544152744629,0.797160243407708
0,0,0,0,0,1,0,0,0,0,1,0,0,0,0,1,0,0.15320948113179442,0.24408052867570737,1.0,0.1237322515212982
0,1,0,0,0,0,0,0,1,0,0,0,0,0,0,1,0,0.12632231009938844,0.29662750365471663,0.7875894988066825,1.0
0,0,0,0,0,0,0,0,0,0,1,0,0,0,0,1,0,0.47173497434041,0.07250888570186136,0.7613365155131264,1.0
0,1,1,0,0,0,0,0,1,0,0,0,0,0,0,1,0,0.25427257267018394,0.16110326895886884,0.8830548926014319,1.0
0,1,0,0,0,1,0,0,0,0,1,0,0,0,0,1,0,0.21355371704544962,0.11373544750218799,0.8830548926014319,0.797160243407708
0,1,0,0,0,0,0,0,0,0,1,0,0,0,0,1,0,0.3779389388113907,0.11127996018015765,0.7684964200477327,1.0
0,1,0,0,0,0,0,0,0,0,1,0,0,0,0,1,0,0.3601917336174296,0.11125686516092341,0.6420047732696896,1.0
0,0,0,0,0,1,1,0,0,0,0,0,0,0,0,1,0,0.0953716253209179,0.36786798089762585,0.8329355608591884,1.0
0,0,0,0,0,0,0,0,1,0,0,0,0,0,0,1,0,0.49049743673698615,0.07744323556741821,0.5990453460620524,1.0
0,0,0,0,0,0,0,0,1,0,0,0,0,0,0,1,0,0.2454520721222782,0.13571903665205384,0.7661097852028638,1.0
0,1,0,0,0,1,0,0,0,0,1,0,0,0,0,1,0,0.23844748975918068,0.08244999390831008,0.809069212410501,1.0
0,0,0,0,0,1,0,0,0,0,1,0,0,0,0,0,1,0.1710138263968638,0.23055631149023684,0.7613365155131264,1.0
0,1,0,0,0,1,0,0,1,0,0,0,0,0,0,1,0,0.1913837235341517,0.20503014360374477,0.7684964200477327,1.0
0,0,0,0,0,1,0,0,1,0,0,0,0,0,0,1,0,0.15759256094552987,0.2451652203630999,0.8830548926014319,1.0
0,0,0,0,0,0,0,0,0,0,1,0,0,0,0,1,0,0.2593152152025477,0.15326935808660194,0.29594272076372313,0.13793103448275862
0,1,0,0,0,0,0,0,0,0,1,0,0,0,0,1,0,0.4389929280257337,0.06702884820803086,0.6420047732696896,1.0
0,0,0,0,0,1,0,0,0,0,1,0,0,0,0,1,0,0.21098126636101666,0.16481299764759463,0.8878281622911692,1.0
0,0,0,0,0,0,0,0,0,0,1,0,0,0,0,1,0,0.35100630137286964,0.091039614180427,0.8830548926014319,1.0
0,0,0,0,0,0,0,0,1,0,0,0,0,0,0,1,0,0.35799586601493216,0.11481884208216109,0.8878281622911692,1.0
0,1,1,0,0,0,0,0,1,0,0,0,0,0,0,1,0,0.46933601910796985,0.08875504750918571,0.441527446300716,1.0
0,1,1,0,0,1,0,0,1,0,0,0,0,0,0,1,0,0.3534967639115976,0.11893141581403663,0.29594272076372313,1.0
0,1,0,0,0,0,0,0,1,0,0,0,0,0,0,1,0,0.2078109985598946,0.19003923646420173,0.21002386634844872,1.0
0,1,0,0,0,1,0,0,0,0,0,0,1,0,0,1,0,0.21001098187424358,0.16966541552357917,0.7875894988066825,1.0
0,0,0,0,0,1,0,0,0,0,1,0,0,0,0,1,0,0.16404537334034813,0.1304761014350234,0.7947494033412885,0.13793103448275862
0,0,0,0,0,0,0,0,0,0,1,0,0,0,0,1,0,0.4260982383797336,0.0982065854764776,0.7684964200477327,1.0
0,0,0,0,0,0,0,0,0,0,1,0,0,0,1,0,0,0.48038665127173386,0.08490649212545197,0.8782816229116945,1.0
0,1,0,0,0,0,0,0,0,0,1,0,0,0,0,1,0,0.35210080809888555,0.1174552411531401,0.7684964200477327,1.0
0,0,0,0,0,0,0,0,0,0,1,0,0,0,0,1,0,0.192147238193081,0.12327346131274994,0.7947494033412885,0.797160243407708
1,0,1,0,0,0,0,0,0,0,1,0,0,0,0,1,0,0.1052737589686369,0.34101818765439107,0.4272076372315035,0.15010141987829617
0,1,0,0,0,0,0,0,1,0,0,0,0,0,0,1,0,0.3858320019419991,0.10947209356099737,0.7947494033412885,1.0
0,0,0,0,0,0,0,0,0,0,1,0,0,0,0,1,0,0.3689861877783004,0.09533464759018506,0.8782816229116945,1.0
0,1,0,0,0,0,0,0,0,0,1,0,0,0,0,1,0,0.38903579563415736,0.1085836364818745,0.47016706443914075,1.0
0,0,0,0,0,0,0,1,0,0,0,0,0,0,0,1,0,0.15627688886770927,0.18240841959246695,0.8830548926014319,0.12981744421906694
0,1,0,0,0,0,0,0,0,0,1,0,0,0,0,1,0,0.5105978183277193,0.07986198613208992,0.7470167064439142,1.0
1,0,1,0,0,0,0,0,0,0,1,0,0,0,0,1,0,0.13779057380959803,0.27383191161074183,0.5823389021479712,0.10344827586206898
0,1,0,0,0,0,0,0,0,0,1,0,0,0,0,1,0,0.3314778297936985,0.12127766348509719,0.6348448687350834,1.0
0,0,1,0,0,0,0,0,0,0,1,0,0,0,0,1,0,0.4879983137229191,0.0750517157487165,0.5966587112171837,1.0
0,1,1,0,0,0,0,0,1,0,0,0,0,0,0,1,0,0.049528982511574206,0.5517475354505564,0.9069212410501193,0.5943204868154158
0,0,1,0,0,0,0,0,0,0,1,0,0,0,0,1,0,0.5220625867633003,0.06610832788783517,0.5966587112171837,1.0
0,0,1,0,0,0,0,0,0,0,1,0,0,0,0,1,0,0.2670549688213427,0.07914639067909225,0.8138424821002386,1.0
0,1,0,0,0,0,0,0,0,0,0,0,1,0,0,1,0,0.09909169118523162,0.34250853007019677,0.7947494033412885,1.0
0,1,0,1,0,0,0,0,1,0,0,0,0,0,0,1,0,0.09058143749955401,0.3210758979817224,0.9069212410501193,0.5943204868154158
0,0,0,0,0,0,0,0,0,0,1,0,0,0,0,1,0,0.403031587732049,0.08095894904784356,0.8878281622911692,1.0
0,1,0,0,0,0,0,0,0,0,0,0,1,0,0,1,0,0.33236591818267786,0.12015836277760222,0.5823389021479712,1.0
0,0,0,0,0,0,0,0,0,0,1,0,0,0,0,1,0,0.5770440066753961,0.0729740688260304,0.5823389021479712,1.0
0,1,1,0,0,0,0,0,1,0,0,0,0,0,0,1,0,0.4017589110039924,0.09663613562262267,0.8782816229116945,1.0
0,0,0,0,0,0,0,0,0,0,1,0,0,0,0,1,0,0.23281079845859562,0.13508984473109725,0.7326968973747017,1.0
0,1,0,0,0,0,0,0,1,0,0,0,0,0,0,1,0,0.3582646598731795,0.11145324861949425,0.7088305489260143,1.0
1,0,1,0,0,0,0,0,0,0,1,0,0,0,0,1,0,0.2068591376991458,0.12214458371362681,0.3842482100238663,0.14198782961460446
0,0,0,0,0,0,0,0,0,0,1,0,0,0,0,1,0,0.21956324735255123,0.0992405677655695,0.7326968973747017,1.0
0,0,0,0,0,0,0,0,0,0,1,0,0,0,0,1,0,0.18216597458741124,0.20714182884147675,0.7326968973747017,0.12170385395537527
0,0,0,0,0,0,0,0,0,0,1,0,0,0,0,1,0,0.2529914708576268,0.13632618861890725,0.7780429594272076,1.0
0,1,0,0,0,0,0,0,0,0,1,0,0,0,0,1,0,0.4946845378517171,0.08611331540157069,0.5131264916467779,1.0
0,1,0,0,0,0,0,0,0,0,1,0,0,0,0,1,0,0.38437591552884537,0.08821794533196245,0.7708830548926013,1.0
0,0,0,0,0,0,0,0,0,0,1,0,0,0,0,1,0,0.08839877370970287,0.33601929533195213,0.4295942720763723,0.14198782961460446
0,0,0,0,0,0,0,0,0,0,1,0,0,0,0,1,0,0.49214490164054475,0.08363781283570923,0.7326968973747017,1.0
0,1,0,0,0,0,0,0,1,0,0,0,0,0,0,1,0,0.301992595013343,0.12825027762396693,0.7708830548926013,1.0
0,1,0,0,0,0,0,0,0,0,0,0,1,0,0,1,0,0.2330807489374254,0.13686203381542433,0.6801909307875893,1.0
0,0,0,0,0,0,0,0,1,0,0,0,0,0,0,1,0,0.2205194290751837,0.09096001573585089,0.4295942720763723,1.0
0,1,1,0,0,0,0,0,1,0,0,0,0,0,0,1,0,0.15181604335716975,0.08711211596188072,0.8377088305489258,1.0
0,0,0,0,0,0,0,0,0,0,1,0,0,0,0,1,0,0.3237432473367242,0.12060515991669027,0.7708830548926013,1.0
0,0,0,0,0,0,0,0,0,0,1,0,0,0,0,1,0,0.34761731759259856,0.11009159847623358,0.7708830548926013,1.0
0,1,0,0,0,0,0,0,1,0,0,0,0,0,0,1,0,0.2084058519808985,0.11508739563466795,0.9069212410501193,1.0
0,0,0,0,0,0,0,0,1,0,0,0,0,0,0,1,0,0.5327974690213485,0.0799980255791009,0.4295942720763723,1.0
0,0,0,0,0,0,0,0,0,0,1,0,0,0,0,1,0,0.12502778949225019,0.27079985115127,0.7112171837708829,0.1359026369168357
0,0,0,0,0,0,0,0,0,0,1,0,0,0,0,1,0,0.39681434744052985,0.08887480711296476,0.7326968973747017,0.5943204868154158
0,1,0,0,0,0,0,0,0,0,1,0,0,0,0,1,0,0.30956968156631043,0.11772944718517234,0.701670644391408,1.0
0,0,0,0,0,0,0,0,0,0,1,0,0,0,0,1,0,0.38182691703818916,0.09560888372585578,0.7326968973747017,0.5943204868154158
0,0,0,0,0,0,0,0,0,0,1,0,0,0,0,1,0,0.27374868861555907,0.14648352650281674,0.7708830548926013,1.0
0,0,0,0,0,0,0,0,0,0,1,0,0,0,0,1,0,0.29119377571663485,0.1263628822318772,0.701670644391408,1.0
0,1,0,0,0,0,0,0,0,0,1,0,0,0,0,1,0,0.35531007164518025,0.11271460880726143,0.7112171837708829,1.0
0,0,0,0,0,0,0,0,0,0,1,0,0,0,0,1,0,0.35935065937926497,0.11583342233018175,0.9069212410501193,1.0
0,1,0,0,0,0,0,0,0,0,1,0,0,0,0,1,0,0.26951381002682895,0.09457085686544711,0.7923627684964201,1.0
0,0,0,0,0,0,0,0,0,0,1,0,0,0,0,1,0,0.2970518395707347,0.07914176451094004,0.8210023866348448,0.797160243407708
0,1,1,0,0,0,0,0,0,0,1,0,0,0,0,1,0,0.32063711007846923,0.1299899948331845,0.701670644391408,1.0
0,0,0,0,0,0,0,0,0,0,1,0,0,0,0,1,0,0.4370432681927803,0.08169528616464454,0.6324582338902147,0.5943204868154158
0,1,0,0,0,0,0,0,0,0,0,0,1,0,0,1,0,0.33836114548234825,0.11574911761496377,0.7708830548926013,1.0
0,0,0,0,0,0,0,0,0,0,1,0,0,0,0,1,0,0.13428584483956257,0.27046776220527136,0.8210023866348448,0.13387423935091278
0,1,0,0,0,0,0,0,0,0,1,0,0,0,0,1,0,0.16047398845326416,0.1819306101525182,0.7112171837708829,0.5943204868154158
0,1,0,0,0,0,0,0,0,0,1,0,0,0,0,1,0,0.2955323226928722,0.13788255660811036,0.7708830548926013,1.0
0,1,0,0,0,0,0,0,0,0,0,0,1,0,0,1,0,0.27089203007567625,0.13801944726426976,0.8162291169451072,1.0
0,1,0,0,0,0,0,0,0,0,1,0,0,0,0,1,0,0.2538595527905864,0.13024220343117712,0.7828162291169449,1.0
0,0,0,0,0,0,0,0,0,0,1,0,0,0,0,1,0,0.09666850348347786,0.35773024133722436,0.7708830548926013,0.11764705882352942
0,0,0,0,0,0,0,0,0,0,1,0,0,0,0,1,0,0.3813512929051684,0.09957376106059487,0.5823389021479712,0.5943204868154158
0,0,0,0,0,0,0,0,0,0,1,0,0,0,0,1,0,0.27135969388307696,0.08674330323294,0.7923627684964201,1.0
0,1,0,0,0,0,0,0,1,0,0,0,0,0,0,1,0,0.1669030913491418,0.130359929174524,0.5990453460620524,0.3914807302231238
0,0,0,0,0,0,0,0,0,0,1,0,0,0,1,0,0,0.3932683404740675,0.10564250320472124,0.7326968973747017,1.0
0,0,0,0,0,0,0,0,0,0,1,0,0,0,1,0,0,0.4233784298367869,0.05530442417122612,0.7923627684964201,1.0
0,0,0,0,0,0,0,0,0,0,1,0,0,0,0,1,0,0.06301526320133047,0.48357515561015435,0.7470167064439142,0.06288032454361056
0,1,0,0,0,0,0,0,1,0,0,0,0,0,0,1,0,0.1847157308176435,0.2144848951298839,0.7470167064439142,1.0
1,0,1,0,0,0,0,0,0,0,1,0,0,0,0,1,0,0.1505988690625319,0.24352891929383755,0.9188544152744629,0.1359026369168357
0,0,0,0,0,0,0,0,0,0,1,0,0,0,0,1,0,0.2967607908294752,0.08418152099358062,0.7470167064439142,1.0
0,1,0,0,0,0,1,0,0,0,0,0,0,0,0,1,0,0.07123163969272975,0.4439511359262125,0.935560859188544,1.0
0,0,0,0,0,0,0,0,0,0,1,0,0,0,0,1,0,0.39655337457024203,0.09557817071533081,0.7470167064439142,1.0
0,1,0,0,0,0,0,0,1,0,0,0,0,0,0,1,0,0.14602462357856727,0.25869732652431293,0.7780429594272076,0.5943204868154158
0,0,0,1,0,0,0,0,0,0,1,0,0,0,0,1,0,0.06002673225991221,0.4930759142247561,0.5990453460620524,0.127789046653144
0,1,1,0,0,0,0,0,0,0,0,0,1,0,0,1,0,0.24074298367591979,0.16555794665909596,0.5393794749403342,1.0
0,1,0,0,0,0,0,0,0,0,1,0,0,0,0,1,0,0.3400165153342871,0.12274864147074632,0.7398568019093079,0.5943204868154158
0,1,0,0,0,0,0,0,1,0,0,0,0,0,0,1,0,0.22434578827067034,0.10235862265455489,0.7923627684964201,1.0
0,1,0,0,0,0,0,0,1,0,0,0,0,0,0,1,0,0.3648125737473186,0.10462504041776788,0.675417661097852,1.0
1,0,1,0,0,0,0,0,0,0,1,0,0,0,0,1,0,0.11698368277118819,0.27548027326120345,0.6801909307875893,0.09330628803245437
0,0,0,0,0,0,0,0,0,0,1,0,0,0,0,1,0,0.4349074378914208,0.09255075671686896,0.8782816229116945,1.0
0,1,0,1,0,1,0,0,1,0,0,0,0,0,0,1,0,0.062208963031574034,0.4601176035012185,0.8782816229116945,1.0
0,1,0,0,0,0,0,0,1,0,0,0,0,0,0,1,0,0.3866353508586951,0.10706154866486936,0.7684964200477327,1.0
0,0,0,0,0,0,0,0,0,0,1,0,0,0,0,1,0,0.3432209378625936,0.12212499324560747,0.8186157517899761,1.0
0,0,0,0,0,0,0,1,0,0,0,0,0,0,0,1,0,0.40550575684773865,0.10120842910457305,0.7875894988066825,0.12170385395537527
0,0,1,0,0,0,0,0,0,0,1,0,0,0,0,1,0,0.35814948626311116,0.09615313009197521,0.8186157517899761,0.797160243407708
0,1,0,0,0,0,0,0,0,0,1,0,0,0,0,1,0,0.2255563343418669,0.1772473300333906,0.8186157517899761,0.797160243407708
0,0,0,0,0,0,0,0,0,0,1,0,0,0,0,1,0,0.404937621588471,0.10367222345855515,0.7350835322195703,1.0
0,0,0,0,0,0,0,0,0,0,1,0,0,0,0,1,0,0.34355079181059245,0.09636480413228993,0.7350835322195703,1.0
0,0,0,0,0,0,0,0,0,0,1,0,0,0,0,1,0,0.3938760798624671,0.0889562983280468,0.7828162291169449,0.5943204868154158
0,0,1,0,0,0,0,0,0,0,1,0,0,0,0,1,0,0.4016701075265779,0.07493472035340584,0.675417661097852,1.0
0,0,0,0,0,0,0,0,0,0,1,0,0,0,0,1,0,0.3532115115442421,0.10876214492918077,0.8186157517899761,1.0
0,1,1,0,0,0,0,0,0,0,1,0,0,0,0,1,0,0.17454361371754695,0.18530239198502582,0.8878281622911692,0.797160243407708
0,1,0,0,0,0,0,0,0,0,1,0,0,0,0,1,0,0.3315915496938414,0.10356813529141301,0.7350835322195703,1.0
0,0,1,0,0,0,0,0,0,0,1,0,0,0,0,1,0,0.36347737203295705,0.10534586034934104,0.7350835322195703,1.0
0,0,1,0,0,0,0,0,0,0,1,0,0,0,0,1,0,0.1790717380500019,0.11017157802569409,0.49642004773269693,1.0
0,0,0,0,0,0,0,0,0,0,1,0,0,0,0,1,0,0.37710555974933907,0.11049108230389022,0.7350835322195703,0.797160243407708
0,0,0,0,1,0,0,0,0,0,1,0,0,0,1,0,0,0.4186973801609686,0.07630652702521891,0.8186157517899761,0.797160243407708
0,0,0,0,0,0,0,0,0,0,1,0,0,0,0,1,0,0.3180653291884837,0.09006807663397205,0.8186157517899761,0.797160243407708
0,1,0,0,0,0,0,0,0,0,1,0,0,0,0,1,0,0.18101595961753023,0.21882919160942102,0.8186157517899761,1.0
0,0,1,0,0,0,0,0,0,0,0,0,1,0,0,1,0,0.2657089362401073,0.14368396153642077,0.8186157517899761,1.0
0,0,0,0,0,0,0,0,0,0,1,0,0,0,0,1,0,0.15941363889089377,0.18208661250972938,0.09546539379474944,0.1257606490872211
0,1,0,0,0,0,0,0,1,0,0,0,0,0,0,1,0,0.4729226843477036,0.08995662199715021,0.49642004773269693,1.0
0,0,0,0,0,0,0,0,0,0,1,0,0,0,0,1,0,0.2608831845072302,0.097097469046241,0.7517899761336515,1.0
0,0,0,0,0,0,0,0,0,0,1,0,0,0,0,1,0,0.06192787031649997,0.48500757208932016,0.23150357995226734,0.1359026369168357
1,0,1,0,0,0,0,0,0,0,1,0,0,0,0,1,0,0.12109635198498002,0.1982522108901537,0.7517899761336515,0.09330628803245437
0,0,1,0,0,0,0,0,0,0,1,0,0,0,0,1,0,0.41730801409459817,0.08746290799955571,0.5990453460620524,0.5943204868154158
0,1,0,0,0,0,0,0,0,0,0,0,1,0,0,1,0,0.11606330456686374,0.3121725525390243,0.8782816229116945,1.0
0,0,1,0,0,0,0,0,0,0,0,0,1,0,0,1,0,0.22331974849103517,0.16392453204780807,0.7875894988066825,1.0
0,0,1,0,0,0,0,0,0,0,1,0,0,0,0,1,0,0.33069455873984416,0.12391308965067786,0.8878281622911692,1.0
0,0,0,0,0,0,0,0,0,0,1,0,0,0,0,1,0,0.5307898531000481,0.07880370765276223,0.7875894988066825,1.0
1,0,1,0,0,0,0,0,0,0,1,0,0,0,0,1,0,0.1444405449314844,0.2574909120771961,0.8615751789976134,0.13793103448275862
0,0,0,0,0,0,0,1,0,0,0,0,0,0,0,1,0,0.1820385279026968,0.2168769480434153,0.8615751789976134,0.13793103448275862
0,0,0,0,0,0,0,0,0,0,1,0,0,0,0,1,0,0.4857632072218114,0.08758067523809523,0.9212410501193318,1.0
0,1,0,0,0,0,0,0,1,0,0,0,0,0,0,1,0,0.40480968500161046,0.06538535457420681,0.8615751789976134,1.0
0,1,0,0,0,0,0,0,0,0,1,0,0,0,0,1,0,0.22729912295656962,0.154799741692627,0.8400954653937946,0.08113590263691685
1,0,1,0,0,0,0,0,0,0,1,0,0,0,0,1,0,0.05550884605348789,0.5195968552093094,0.9212410501193318,0.15618661257606492
0,0,0,0,0,0,0,0,0,0,1,0,0,0,0,1,0,0.10458380435850541,0.191455984770853,0.8544152744630071,0.12170385395537527
0,0,0,0,0,0,0,0,0,0,1,0,0,0,0,1,0,0.3372645341798509,0.11335971654700791,0.477326968973747,0.3914807302231238
0,0,0,0,0,0,0,0,0,0,1,0,0,0,1,0,0,0.408069836120748,0.10254634843371119,0.8400954653937946,1.0
0,0,1,0,0,0,0,0,0,0,1,0,0,0,0,1,0,0.22854402481609687,0.11688550653073085,0.7875894988066825,0.5943204868154158
0,0,0,0,0,0,0,0,0,0,1,0,0,0,0,1,0,0.3921205148256065,0.08010092947257433,0.8400954653937946,1.0
0,0,0,0,0,0,0,0,0,0,1,0,0,0,0,1,0,0.3615132420729548,0.11634660847055917,0.7875894988066825,0.5943204868154158
0,0,0,0,0,0,0,0,0,0,1,0,0,0,0,1,0,0.23511517648468164,0.17337779847162138,0.7875894988066825,1.0
0,0,0,0,0,0,0,0,0,0,1,0,0,0,0,1,0,0.276421548264088,0.10426428896124748,0.8377088305489258,0.797160243407708
0,0,0,0,0,0,0,0,0,0,1,0,0,0,0,1,0,0.4224189471373095,0.1001608931009649,0.6443914081145585,1.0
0,0,0,0,0,0,0,0,0,0,1,0,0,0,0,1,0,0.10309021726744298,0.34735457817843823,0.7875894988066825,0.1359026369168357
0,1,0,0,0,0,0,0,1,0,0,0,0,0,0,1,0,0.5867401824833036,0.06290105234230702,0.7875894988066825,1.0
0,0,1,0,0,0,0,0,0,0,1,0,0,0,0,1,0,0.3903573322456166,0.10004468832293893,0.8615751789976134,1.0
0,0,0,0,0,0,0,0,0,0,1,0,0,0,0,1,0,0.06267516786194266,0.4407148241571324,0.8544152744630071,0.12170385395537527
0,0,0,0,0,0,0,0,0,0,1,0,0,0,1,0,0,0.4393424513946733,0.08696743476339046,0.7923627684964201,1.0
0,0,0,0,0,0,0,0,0,0,1,0,0,0,0,1,0,0.3872412594862922,0.10912709600907082,0.7255369928400954,0.797160243407708
0,0,0,0,0,0,0,0,0,0,1,0,0,0,1,0,0,0.4352760428955053,0.08689696451270952,0.8520286396181382,1.0
0,0,0,0,0,0,0,0,0,0,1,0,0,0,0,1,0,0.22457042644538314,0.1695292940121147,0.3556085918854415,0.15618661257606492
0,1,0,0,0,0,0,0,0,0,0,0,1,0,0,1,0,0.33617809274546345,0.12380226277438605,0.7661097852028638,1.0
0,0,0,0,0,0,0,0,0,0,1,0,0,0,0,1,0,0.44988290142406945,0.08373212064243767,0.5823389021479712,1.0
0,0,1,0,0,0,0,0,0,0,0,0,1,0,0,1,0,0.16483895283964373,0.1772579845178483,0.928400954653938,1.0
0,1,0,0,0,0,0,0,0,0,0,0,1,0,0,1,0,0.2537039503122593,0.07305633170910394,0.8830548926014319,1.0
0,0,0,0,0,0,0,0,0,0,1,0,0,0,0,1,0,0.40915191264977074,0.06668290397764373,0.8042959427207637,1.0
0,0,0,0,0,0,0,0,1,0,0,0,0,0,0,1,0,0.39138972440718545,0.08160073939691917,0.8758949880668256,1.0
1,0,1,0,0,0,0,0,0,0,1,0,0,0,0,1,0,0.1135330504059771,0.3053697109731712,0.3484486873508353,0.16227180527383367
0,0,0,0,0,0,0,0,0,0,1,0,0,0,0,1,0,0.3460994019381265,0.1149163582749753,0.8782816229116945,1.0
0,1,1,0,0,0,0,0,0,0,1,0,0,0,0,1,0,0.2813443435454986,0.13170075356325975,0.8663484486873507,1.0
0,0,0,0,0,0,0,0,0,0,1,0,0,0,0,1,0,0.3953856657932334,0.10573343120169845,0.8758949880668256,1.0
0,0,0,0,0,1,0,0,0,0,1,0,0,0,0,1,0,0.16970346341496717,0.2318700246633057,0.6443914081145585,0.14807302231237324
0,0,1,0,0,0,0,0,0,0,1,0,0,0,0,1,0,0.16237332145736266,0.20410211557063854,0.8520286396181382,0.3914807302231238
0,0,0,0,0,0,0,0,0,0,1,0,0,0,0,1,0,0.3386617785338395,0.10058202897645775,0.6968973747016707,1.0
0,0,0,0,0,0,0,0,0,0,1,0,0,0,0,1,0,0.3124565109154146,0.09255281375108021,0.7661097852028638,1.0
0,0,0,0,0,0,0,0,0,0,1,0,0,0,0,1,0,0.2492193435445414,0.11444161710038907,0.928400954653938,1.0
0,0,1,0,0,0,0,0,0,0,1,0,0,0,0,1,0,0.26989568866421293,0.1457453492870631,0.928400954653938,1.0
0,0,0,0,0,1,0,0,0,0,1,0,0,0,0,1,0,0.40758425588429403,0.09842384703791494,0.8663484486873507,1.0
1,0,1,0,0,0,0,0,0,0,1,0,0,0,0,1,0,0.11552263722719695,0.3183127685343041,0.928400954653938,0.16024340770791076
0,0,0,0,0,0,0,0,0,0,1,0,0,0,0,1,0,0.4374312353399908,0.08349971147779386,0.8353221957040573,1.0
0,0,0,0,0,0,0,0,0,0,1,0,0,0,0,1,0,0.36785273420538545,0.0620218832633009,0.9140811455847255,1.0
1,0,1,0,0,0,0,0,0,0,1,0,0,0,0,1,0,0.11654708298677276,0.31474179899776866,0.928400954653938,0.16024340770791076
0,0,0,0,0,0,0,0,0,0,1,0,0,0,0,1,0,0.2504646864406108,0.09921760297901451,0.8042959427207637,1.0
0,1,0,0,0,0,0,0,0,0,0,0,1,0,0,1,0,0.1635366957275599,0.23933748716879416,0.8353221957040573,1.0
0,0,0,0,0,0,0,0,0,0,1,0,0,0,0,1,0,0.35409572180284515,0.08953372808973727,0.7661097852028638,1.0
0,0,0,0,0,0,0,0,0,0,1,0,0,0,0,1,0,0.35579984788072094,0.1142830381572571,0.8830548926014319,1.0
0,1,0,0,0,0,0,0,0,0,1,0,0,0,0,1,0,0.1586709707450328,0.1651574736830552,0.928400954653938,0.5943204868154158
0,0,0,0,0,0,0,0,0,0,1,0,0,0,0,1,0,0.4468305882502196,0.09497194678001666,0.675417661097852,1.0
0,0,0,0,0,0,0,0,0,0,1,0,0,0,0,1,0,0.25375730991129447,0.13296617515737524,0.9140811455847255,1.0
0,0,1,0,0,0,0,0,0,0,1,0,0,0,0,1,0,0.26253699744149483,0.102021299411905,0.9140811455847255,1.0
1,0,1,0,0,0,0,0,0,0,1,0,0,0,0,1,0,0.1332311117638656,0.2832594607782975,0.6801909307875893,0.11967545638945236
0,0,0,0,0,0,0,0,0,0,1,0,0,0,0,1,0,0.46595337748686394,0.09139685301407499,0.7350835322195703,1.0
0,0,0,0,0,0,0,0,0,0,1,0,0,0,0,1,0,0.43165378125285214,0.09811606211583049,0.5823389021479712,1.0
0,0,0,0,0,0,0,0,0,0,1,0,0,0,0,1,0,0.3980676077738538,0.09680600115306921,0.6801909307875893,1.0
0,1,0,0,0,0,0,0,0,0,1,0,0,0,0,1,0,0.440777141911801,0.09619819696559766,0.6706443914081146,1.0
0,1,0,0,0,0,0,0,0,0,1,0,0,0,0,1,0,0.15306709857079712,0.25278900097763657,0.737470167064439,1.0
0,0,0,0,0,0,0,0,0,0,1,0,0,0,0,1,0,0.23773443040503184,0.1399086863432453,0.7828162291169449,1.0
0,0,0,0,0,0,0,0,0,0,1,0,0,0,1,0,0,0.35582560762096366,0.11703993881904509,0.7971360381861574,1.0
0,0,0,0,0,0,0,0,0,0,1,0,0,0,0,1,0,0.2500321893275127,0.13030683831752882,0.6801909307875893,1.0
0,1,1,0,0,0,0,0,1,0,0,0,0,0,0,1,0,0.15582906335591326,0.24934582714141854,0.6801909307875893,1.0
0,1,0,0,0,0,0,0,1,0,0,0,0,0,0,1,0,0.2260576889550406,0.1510669728894219,0.5823389021479712,0.5943204868154158
0,0,0,0,0,0,0,0,0,0,1,0,0,0,0,1,0,0.3764137859866075,0.08575237103688023,0.7828162291169449,1.0
0,0,0,0,0,0,0,0,0,0,1,0,0,0,0,1,0,0.20986746950951396,0.19023262210213462,0.7708830548926013,0.5943204868154158
0,1,0,0,0,0,0,0,0,0,0,0,1,0,0,1,0,0.19981629607254678,0.15387416966177736,0.7780429594272076,1.0
1,0,1,0,0,1,0,0,0,0,1,0,0,0,0,1,0,0.11625520489756778,0.31364386885297224,0.7780429594272076,0.15618661257606492
0,1,0,0,0,0,0,0,0,0,0,0,1,0,0,1,0,0.3021508111047713,0.12248554855679389,0.6706443914081146,1.0
0,0,0,0,0,0,0,0,0,0,1,0,0,0,0,1,0,0.1992812292806881,0.10610959955612899,0.7828162291169449,1.0
0,0,0,0,0,0,0,0,0,0,1,0,0,0,0,1,0,0.33255494525657425,0.12576232146804017,0.7708830548926013,0.5943204868154158
0,0,1,0,0,0,0,0,0,0,1,0,0,0,0,1,0,0.33071183056274683,0.0908650165054114,0.7350835322195703,0.797160243407708
1,0,1,0,0,0,0,0,0,0,1,0,0,0,0,1,0,0.13519764605225074,0.1788873136408361,0.9045346062052504,0.15010141987829617
0,0,0,0,0,0,0,0,0,0,1,0,0,0,0,1,0,0.605297025705483,0.05393397241920632,0.6157517899761338,1.0
0,0,1,0,0,0,0,0,0,0,1,0,0,0,0,1,0,0.21423794129740428,0.18052220777191738,0.9045346062052504,0.5943204868154158
0,0,0,0,0,0,0,0,1,0,0,0,0,0,0,1,0,0.3223725737453708,0.1108884742794514,0.7971360381861574,0.797160243407708
0,0,0,0,0,0,0,0,0,0,1,0,0,0,0,1,0,0.45337416419553267,0.08551538278468587,0.7804295942720763,1.0
0,0,0,0,0,1,0,0,0,0,1,0,0,0,1,0,0,0.4535168390228266,0.05673619345978716,0.809069212410501,1.0
1,0,1,0,0,0,0,0,0,0,1,0,0,0,0,1,0,0.14103223369382326,0.26297193902362354,0.9045346062052504,0.15010141987829617
0,0,0,0,0,0,0,0,0,0,1,0,0,0,0,1,0,0.08244433185856562,0.3992676825353564,0.7947494033412885,1.0
0,0,0,0,0,1,0,0,0,0,1,0,0,0,0,1,0,0.10318158606754045,0.33053843979686653,0.7947494033412885,1.0
0,0,0,0,0,0,0,0,0,0,1,0,0,0,0,1,0,0.31494181234858254,0.0061622780275556064,0.9164677804295942,1.0
0,0,0,0,0,0,0,0,0,0,1,0,0,0,0,1,0,0.3834601581831553,0.09977482098824278,0.9045346062052504,1.0
0,1,0,0,0,0,0,0,0,0,1,0,0,0,0,1,0,0.31040759632482967,0.11167951458451623,0.8854415274463008,1.0
0,0,0,0,0,0,0,0,0,0,1,0,0,0,1,0,0,0.4096919151560728,0.08582683738548516,0.9045346062052504,1.0
0,0,1,0,0,0,0,0,0,0,1,0,0,0,0,1,0,0.15496507075383123,0.19336495113919533,0.9045346062052504,0.5943204868154158
1,0,1,0,0,0,0,0,0,0,1,0,0,0,0,1,0,0.06350729138302508,0.4808483957774774,0.19093078758949883,0.14807302231237324
0,1,0,0,0,0,0,0,0,0,1,0,0,0,0,1,0,0.2662064891219293,0.13141174604733338,0.9045346062052504,0.5943204868154158
0,0,0,0,0,1,0,0,0,0,1,0,0,0,0,0,1,0.1694765941047743,0.23235050004409918,0.9045346062052504,1.0
0,0,0,0,0,0,0,0,0,0,1,0,0,0,0,1,0,0.3652367108807663,0.09855041714545186,0.7589498806682577,1.0
0,0,0,0,0,0,0,0,0,0,1,0,0,0,0,1,0,0.2632421434958341,0.09282841184285122,0.7684964200477327,1.0
0,0,0,0,0,0,0,0,0,0,1,0,0,0,0,1,0,0.18124162743444344,0.10215463918426244,0.7589498806682577,1.0
0,0,0,0,0,0,0,0,0,0,1,0,0,0,0,1,0,0.11156882952040036,0.3217122361518173,0.6157517899761338,0.16227180527383367
0,0,0,0,0,0,0,0,0,0,1,0,0,0,0,1,0,0.2162163909574978,0.1427941695947396,0.7088305489260143,1.0
0,0,0,0,0,0,0,0,0,0,1,0,0,0,0,1,0,0.1804965430550227,0.104822676646748,0.9307875894988065,1.0
0,0,0,0,0,0,0,0,0,0,1,0,0,0,0,1,0,0.410360339958703,0.08225984129708226,0.6157517899761338,1.0
0,0,0,0,0,0,0,0,0,0,1,0,0,0,0,1,0,0.370156598440835,0.07954943254029012,0.7947494033412885,1.0
0,0,0,0,0,0,0,0,0,0,1,0,0,0,0,1,0,0.2986401515561989,0.13843420402420872,0.9331742243436754,1.0
